Date,log_return,vol_zscore,volume_zscore,momentum,state,regime,posterior_top_prob,posterior_margin,posterior_entropy,realized_vol,base_exposure,raw_position,position,strategy_gross_ret,turnover,trans_cost,strategy_net_ret,bah_ret,strategy_cum,bah_cum
2018-04-08,0.0161371745154427,-1.9581638002885495,-1.7704528574626008,-0.0119538585016305,2,Bear,1.0,1.0,2.0484791698828373e-256,1.129057961070503,0.13285411836410885,0.6,0.0,0.0,0.0,0.0,0.0,0.0161371745154427,1.0,1.0161371745154426
2018-04-09,-0.03665561276645477,-1.7505513239686827,-0.2745867641968185,-0.0024400298935105,2,Bear,0.9988011990611572,0.9976024077053147,0.00926185886898151,1.129057961070503,0.13285411836410885,0.6,0.6,-0.02199336765987286,0.6,0.00012,-0.02211336765987286,-0.03665561276645477,0.9778866323401272,0.9788900437288051
2018-04-10,0.009412414998555812,-1.5787428488955573,-0.927857038861746,0.0006826668882615,2,Bear,0.9997570844309167,0.9995142489008193,0.002265344716618891,1.129057961070503,0.13285411836410885,0.6,0.6,0.005647448999133487,0.0,0.0,0.005647448999133487,0.009412414998555812,0.9834091972232023,0.9881037630583349
2018-04-11,0.019352815614150316,-1.515875024646366,-0.4253824467822272,0.0097633141993592,2,Bear,0.999342086202588,0.9986843185655828,0.0054792367411288165,1.129057961070503,0.13285411836410885,0.6,0.6,0.01161168936849019,0.0,0.0,0.01161168936849019,0.019352815614150316,0.9948282393434743,1.0072263529924508
2018-04-12,0.12412693581038274,-1.058072912821531,3.186059672269905,0.0264747456344153,0,Bull,0.999995100595915,0.9999902011918301,6.48014513687369e-05,1.129057961070503,0.13285411836410885,0.13285411836410885,0.6,0.07447616148622964,0.0,0.0,0.07447616148622964,0.12412693581038274,1.0689192279478805,1.1322502738568705
2018-04-13,0.0008501580097129826,-0.8677320591749493,1.9142783595710449,0.0234173423332694,0,Bull,0.9893356389438439,0.9786712814644963,0.05903259129046232,1.0294473546183027,0.1457092481000321,0.1457092481000321,0.13285411836410885,0.0001129469928506038,0.4671458816358911,9.342917632717823e-05,1.951781652342557e-05,0.0008501580097129826,1.06894009091725,1.1332128654961895
2018-04-14,0.01136885881377853,-0.7490283741641577,-0.0617882881268132,0.033022236649316,0,Bull,0.9947773878350249,0.989799464825261,0.03364031266371783,0.9430039473787566,0.15906614221175963,0.15906614221175963,0.1457092481000321,0.0016565478695110924,0.01285512973592326,2.571025947184652e-06,0.0016539768435639079,0.01136885881377853,1.0707080930747843,1.146096202569973
2018-04-15,0.04203655981360764,-0.9264225481115258,0.0046256559503893,0.0395470656123264,0,Bull,0.9998694801181913,0.9997403082465879,0.0013053845631646683,0.8849158618678477,0.16950764074155655,0.16950764074155655,0.15906614221175963,0.006686593401404453,0.013356894111727524,2.671378822345505e-06,0.006683922022582108,0.04203655981360764,1.0778646224778436,1.1942741441414544
2018-04-16,-0.03300812914143919,-0.8102528542487867,0.2918981295058782,0.0290748766612085,0,Bull,0.9966802831400957,0.9934047108427618,0.02249729350006891,0.9021685983615404,0.1662660397096731,0.1662660397096731,0.16950764074155655,-0.005595130096057978,0.010441498529796922,2.0882997059593843e-06,-0.005597218395763937,-0.03300812914143919,1.0718315787847674,1.1548533889613515
2018-04-17,-0.01962125912828721,-0.6821068949229459,1.1486881126223163,0.0003252376734745,0,Bull,0.8726782407903961,0.7454201870450848,0.38181144696888486,0.8789820143975005,0.17065195594794705,0.17065195594794705,0.1662660397096731,-0.003262349049377587,0.003241601031883451,6.483202063766902e-07,-0.003262997369583964,-0.01962125912828721,1.0683341951625558,1.1321937113613603
2018-04-18,0.03253592757494634,-1.0238516655677146,0.8632090437056612,0.0066623915865212,2,Bear,0.5883312950423596,0.176675922890924,0.6776113080607808,0.8411296545870739,0.17833160343590285,0.6,0.17065195594794705,0.005552319679245339,0.004385916238273946,8.771832476547892e-07,0.005551442495997684,0.03253592757494634,1.0742649910135087,1.1690306839550233
2018-04-19,0.015906496489625957,-1.4388989103783147,1.1937068251494654,0.0075699191216907,2,Bear,0.9742570723073656,0.9485141526982563,0.11961752546419695,0.8019968105491223,0.18703316275945775,0.6,0.6,0.009543897893775573,0.42934804405205296,8.58696088104106e-05,0.009458028284965163,0.015906496489625957,1.0844254196840624,1.187625866425619
2018-04-20,0.06437648463049019,-1.4149079051250262,1.8537684697275143,0.0120379040850672,2,Bear,0.6930465782724267,0.38609315654865717,0.6166413028320137,0.8108565872472615,0.18498955593273017,0.6,0.6,0.03862589077829411,0.0,0.0,0.03862589077829411,0.06437648463049019,1.1263123175019847,1.2640810447623403
2018-04-21,0.005608362578138261,-1.840043519279572,1.1478803803457058,0.0197612024289827,2,Bear,0.9638794391741509,0.9277588784631375,0.1554127348052183,0.7820346487858938,0.19180735819426223,0.6,0.6,0.0033650175468829565,0.0,0.0,0.0033650175468829565,0.005608362578138261,1.1301023782136492,1.2711704695895192
2018-04-22,-0.010523309510453865,-1.8116607052229197,0.4991500232834787,0.0215807923525493,2,Bear,0.9932515894122802,0.9865031798626626,0.04045718722272196,0.7666377946765667,0.19565954227874038,0.6,0.6,-0.006313985706272319,0.0,0.0,-0.006313985706272319,-0.010523309510453865,1.122966927950984,1.2577935492974797
2018-04-23,0.014483697709083162,-1.853957232374127,0.6373630786724962,0.0179703463793767,2,Bear,0.9975037483296069,0.995007496909092,0.017453086617800977,0.7406840571937057,0.20251549705054822,0.6,0.6,0.008690218625449896,0.0,0.0,0.008690218625449896,0.014483697709083162,1.1327257560640278,1.2760110508459392
2018-04-24,0.08235319918742609,-1.902442486325651,2.386468027899057,0.0312596869189367,0,Bull,0.9959426739660071,0.9918853479320153,0.0263937161900939,0.7802468390523706,0.19224685380613496,0.19224685380613496,0.6,0.04941191951245565,0.0,0.0,0.04941191951245565,0.08235319918742609,1.188695909952349,1.3810946430816116
2018-04-25,-0.09193210663750347,-1.3740311527621951,2.131186211261307,-2.031334661967144e-06,0,Bull,0.9999557002296954,0.9999114004593914,0.0004883832128504353,0.909227284317805,0.1649752516088926,0.1649752516088926,0.19224685380613496,-0.01767365826483014,0.40775314619386505,8.155062923877302e-05,-0.01775520889406891,-0.09193210663750347,1.1675903657596198,1.254127703077348
2018-04-26,0.04808821013231678,-1.2066001882407853,1.046384037825209,0.0084939381761737,0,Bull,0.9376237436839462,0.8752480507291832,0.23346353052390773,0.8963642510266541,0.16734268443682013,0.16734268443682013,0.1649752516088926,0.007933364566000259,0.027271602197242367,5.454320439448474e-06,0.007927910245560811,0.04808821013231678,1.1768469173829434,1.3144364595956914
2018-04-27,-0.0322395933068439,-1.2114564033216308,0.3154115807542987,0.0041506814168957,2,Bear,0.6214325519993759,0.2429175786710654,0.6638771123961229,0.8959969007088286,0.1674112933664548,0.6,0.16734268443682013,-0.005395060089118597,0.0023674328279275347,4.73486565585507e-07,-0.005395533575684183,-0.0322395933068439,1.1704972003267633,1.2720595627106386
2018-04-28,0.03942918286213941,-1.0389359879501705,0.3565495871293826,0.0091397784475069,2,Bear,0.9146967715841015,0.8294129454683844,0.2917165231796943,0.9029949949660995,0.1661138775255685,0.6,0.6,0.023657509717283646,0.4326573155631799,8.653146311263598e-05,0.02357097825417101,0.03942918286213941,1.1980869643822336,1.3222158318202895
2018-04-29,0.007523614187495628,-1.3165343845565438,0.8255420748380559,-0.0058261385524791,2,Bear,0.9961378898429014,0.9922758350628119,0.025315291205705918,0.8743752054821378,0.17155106761895056,0.6,0.6,0.004514168512497377,0.0,0.0,0.004514168512497377,0.007523614187495628,1.2034953308320815,1.3321636736115041
2018-04-30,-0.019136041014403197,-1.1405120640867343,0.6536333815203756,0.0087330745721409,2,Bear,0.9967395016904209,0.993479289165051,0.021927339249934584,0.8872356850943184,0.16906443521154596,0.6,0.6,-0.011481624608641917,0.0,0.0,-0.011481624608641917,-0.019136041014403197,1.1896772492252143,1.3066713349153762
2018-05-01,-0.01324016669459219,-0.8241621805865433,0.0045303794274258,-0.0035326007932408,2,Bear,0.9973642960561048,0.9947778554350246,0.018529486547232327,0.8951102006530087,0.1675771317214022,0.6,0.6,-0.007944100016755313,0.0,0.0,-0.007944100016755313,-0.01324016669459219,1.180226334169711,1.2893707886260515
2018-05-02,0.012739001376982891,-1.7983104229432645,-0.0518988197217921,0.0054631181435245,2,Bear,0.9996444041337219,0.9992888127748044,0.0031796292328538094,0.7443081292434848,0.20152943936331863,0.6,0.6,0.0076434008261897345,0.0,0.0,0.0076434008261897345,0.012739001376982891,1.1892472771073945,1.3057960848778
2018-05-03,0.05353715789106724,-1.7412795109079855,1.4817695905496333,0.00828471314931,2,Bear,0.9767477447893962,0.9534954895820739,0.11043974506652705,0.7683910318940239,0.19521310605390813,0.6,0.6,0.032122294734640344,0.0,0.0,0.032122294734640344,0.05353715789106724,1.2274486286550068,1.3757046960474404
2018-05-04,-0.004433170333562973,-1.690421201699608,0.1988629932475358,0.0058933562450983,2,Bear,0.9993767527860247,0.9987535151392493,0.005223086579115782,0.7710143019859278,0.19454892031657503,0.6,0.6,-0.002659902200137784,0.0,0.0,-0.002659902200137784,-0.004433170333562973,1.2241837353470912,1.3696059628011796
2018-05-05,0.016094355065083252,-1.517866138611159,-0.2703470786645448,0.0129394354609956,2,Bear,0.9990878431991385,0.9981758087020203,0.007297776274079185,0.757983296383794,0.1978935429258452,0.6,0.6,0.00965661303904995,0.0,0.0,0.00965661303904995,0.016094355065083252,1.2360052039680367,1.3916488874657569
2018-05-06,-0.020843383079432266,-1.4365109306258312,-0.6814523108799998,0.0114187921840276,2,Bear,0.9990325615721892,0.9980654808920267,0.007685008620375853,0.7469091236534615,0.2008276445550483,0.6,0.6,-0.01250602984765936,0.0,0.0,-0.01250602984765936,-0.020843383079432266,1.2205476859953501,1.3626422165922425
2018-05-07,-0.02962092312799005,-1.5021558155098027,-0.5774377025360568,0.002946807283033,2,Bear,0.9991344000521905,0.998268974083869,0.006971166879127787,0.7554521234072488,0.1985565932669145,0.6,0.6,-0.01777255387679403,0.0,0.0,-0.01777255387679403,-0.02962092312799005,1.1988554364868016,1.3222794962436097
2018-05-08,-0.014853101418770562,-1.381581248334821,-0.6158457412616472,-0.0107312445789345,2,Bear,0.9990503233186719,0.9981013172493814,0.007563931139358162,0.7536534860202296,0.1990304599957409,0.6,0.6,-0.008911860851262337,0.0,0.0,-0.008911860851262337,-0.014853101418770562,1.1881714036560518,1.3026395447819425
2018-05-09,0.009737078547251641,-1.0815260707927037,-0.7791138018314756,-0.0078971948027716,2,Bear,0.9990325017106305,0.9980764071996769,0.007744217090677131,0.7525817799298054,0.19931388720836526,0.6,0.6,0.005842247128350984,0.0,0.0,0.005842247128350984,0.009737078547251641,1.1951129946270502,1.3153234483482406
2018-05-10,-0.03062326710905233,-1.223088041875706,-0.9526081714142972,-0.0172407192375987,2,Bear,0.9936863044217559,0.9873752680918015,0.038296133064347704,0.7193682812852874,0.2085162828308146,0.6,0.6,-0.018373960265431397,0.0,0.0,-0.018373960265431397,-0.03062326710905233,1.1731540359510721,1.2750439470546726
2018-05-11,-0.0689361065966995,-0.9830085522419696,0.2609423654093384,-0.0268592639410521,0,Bull,0.9262904130138632,0.8525811863990287,0.26313525357349216,0.7784682115608158,0.19268609529893646,0.19268609529893646,0.6,-0.041361663958019705,0.0,0.0,-0.041361663958019705,-0.0689361065966995,1.1246304329450694,1.1871473816050353
2018-05-12,0.007482389783710855,-0.5519218680515593,-1.078469023745938,-0.0194386013587119,0,Bull,0.7064424747178991,0.44472576719198376,0.7060831138227643,0.7787566106607288,0.1926147373217595,0.1926147373217595,0.19268609529893646,0.0014417524709278984,0.40731390470106354,8.146278094021271e-05,0.0013602896899876857,0.007482389783710855,1.1261602561280508,1.1960300810449158
2018-05-13,0.025429769131291063,-0.2573066361367609,-1.69763646194975,-0.0113820272486996,2,Bear,0.5618085128749103,0.1727709076294469,0.8393086628460937,0.7845144478895575,0.19120106762025715,0.6,0.1926147373217595,0.004898148301376616,7.135797717697234e-05,1.427159543539447e-08,0.00489813402978118,0.025429769131291063,1.1316763400015786,1.2264448498799674
2018-05-14,-0.0008199646268759205,-0.0739245202262073,-0.4934310766967246,-0.0134934358835251,2,Bear,0.4532883470406368,0.10855895868161825,1.0488750246964376,0.6890562560331255,0.2176890474277748,0.6,0.6,-0.0004919787761255523,0.4073852626782405,8.14770525356481e-05,-0.0005734558286612004,-0.0008199646268759205,1.1310273736082468,1.2254392084862515
2018-05-15,-0.023964474196194036,-0.5090329695266684,-1.0660254843172543,-0.0121616773009535,2,Bear,0.8233445197432209,0.7293096347810688,0.5883631890969299,0.5770240327586016,0.2599545105303311,0.6,0.6,-0.014378684517716421,0.0,0.0,-0.014378684517716421,-0.023964474196194036,1.1147646878222324,1.1960722021954784
2018-05-16,-0.016772482047846687,-0.5975939104920889,-0.9165721547737364,-0.0017289523911829,2,Bear,0.9810641065601556,0.9701708877727476,0.10677838816793506,0.5339292912703744,0.2809360760918473,0.6,0.6,-0.010063489228708011,0.0,0.0,-0.010063489228708011,-0.016772482047846687,1.1035462653937893,1.1760111026562263
2018-05-17,-0.03335153970564195,-0.4448270524302433,-1.6432632255918096,-0.0098957382890535,2,Bear,0.9819733195382603,0.9650036119778345,0.09428000939943793,0.5350320446912873,0.28035703933686773,0.6,0.6,-0.02001092382338517,0.0,0.0,-0.02001092382338517,-0.03335153970564195,1.081463285141413,1.1367893216717113
2018-05-18,0.019168176638719434,-0.4508301330160078,-1.5322414120157513,-0.0111480567875678,2,Bear,0.9906856964999778,0.9822218926993556,0.055672460585205134,0.5089059864332589,0.2947499223801564,0.6,0.6,0.01150090598323166,0.0,0.0,0.01150090598323166,0.019168176638719434,1.0939010927081412,1.1585795001905248
2018-05-19,-0.0004594502127542603,-0.5797179227459175,-2.105616360623115,-0.0110759539047435,2,Bear,0.9961478767197705,0.9924825927370591,0.026006784662918395,0.5058908423752487,0.29650665209854943,0.6,0.6,-0.00027567012765255616,0.0,0.0,-0.00027567012765255616,-0.0004594502127542603,1.093599536854275,1.1580471905926695
2018-05-20,0.031752487481541386,-0.3635305405718746,-1.5189948151037511,6.743843080358192e-05,2,Bear,0.9905892076189238,0.9823424679803503,0.05679787440302092,0.5279780659538656,0.28410271121586117,0.6,0.6,0.01905149248892483,0.0,0.0,0.01905149248892483,0.031752487481541386,1.114434240216546,1.1948180695149972
2018-05-21,-0.011133876917273966,-1.410214513417758,-1.3772090815069653,0.0011951594569181,2,Bear,0.9996580263896553,0.9993163086551701,0.003073227772615235,0.5273538062184604,0.28443902031468665,0.6,0.6,-0.006680326150364379,0.0,0.0,-0.006680326150364379,-0.011133876917273966,1.1069894560187659,1.1815151121904823
2018-05-22,-0.045839471398213046,-1.0267455530719516,-1.2481859898404186,-0.001302426881596,2,Bear,0.9940190488322002,0.9880462426197968,0.0366424566361238,0.5505149178592353,0.272472180378506,0.6,0.6,-0.027503682838927828,0.0,0.0,-0.027503682838927828,-0.045839471398213046,1.0765431691143885,1.1273550839986701
2018-05-23,-0.06206765944472573,-1.241250630228181,-0.1185174098448614,-0.0175495940982851,2,Bear,0.8010031521413585,0.6020072634674438,0.49902131290381263,0.5276620101411348,0.2842728813466772,0.6,0.6,-0.037240595666835435,0.0,0.0,-0.037240595666835435,-0.06206765944472573,1.0364520602355058,1.0573827925717605
2018-05-24,0.0038982826938899168,0.4430734681498915,-0.4574533944655356,-0.0166780475169562,1,Chop,0.5241054158128471,0.19312492541066628,0.9844866939859275,0.5313577880160019,0.2822956647724579,0.2822956647724579,0.6,0.00233896961633395,0.0,0.0,0.00233896961633395,0.0038982826938899168,1.0388762901131834,1.0615047696128599
2018-05-25,-0.014229521588760126,0.5084749428503491,-1.4561726215500783,-0.0258744493310165,1,Chop,0.581373911789658,0.1658717587124261,0.6982575864545962,0.5158073520988838,0.29080624653687365,0.29080624653687365,0.2822956647724579,-0.0040169322562930805,0.3177043352275421,6.354086704550842e-05,-0.004080473123338589,-0.014229521588760126,1.0346371833329029,1.046400064577082
2018-05-26,-0.016751549202161684,-0.2534831589072749,-1.9072852108349,-0.0269979837879941,0,Bull,0.9109153043161379,0.8423031383986074,0.34843579119044177,0.5150299482160318,0.29124519946766625,0.29124519946766625,0.29080624653687365,-0.004871455147158399,0.00851058176441577,1.702116352883154e-06,-0.004873157263511283,-0.016751549202161684,1.0295952336278453,1.0288712424101738
2018-05-27,0.0016762090503006405,-1.0060944978173652,-1.666021332696604,-0.0174948476982914,2,Bear,0.518486925875109,0.03808014987547109,0.7002902903726174,0.5136774872679433,0.2920120186652395,0.6,0.29124519946766625,0.0004881878392043175,0.0004389529307926021,8.779058615852043e-08,0.00048810004861815897,0.0016762090503006405,1.030097779111436,1.0305958456982958
2018-05-28,-0.032025159738966816,-1.0237322728331806,-0.7582280975771237,-0.0114863477571396,2,Bear,0.9263865637714935,0.8530106100944802,0.2644864708621979,0.5206791634588273,0.2880852750157367,0.6,0.6,-0.01921509584338009,0.30875480053233373,6.175096010646675e-05,-0.019276846803486555,-0.032025159738966816,1.0102407420308932,0.9975908491134923
2018-05-29,0.046090611580090195,-0.4461092956661908,-0.1641287251058673,-0.0030478819798995,2,Bear,0.9197430641262485,0.8418980088450401,0.29022494420161515,0.5716921262865469,0.2623789853016379,0.6,0.6,0.027654366948054118,0.0,0.0,0.027654366948054118,0.046090611580090195,1.03817831021689,1.0435704214558346
2018-05-30,-0.008880942351451794,-0.2143520124668756,-0.7396097121886823,-0.0019781661324378,2,Bear,0.9512867774527629,0.9211546606079477,0.227091630530062,0.5649144263681745,0.2655269417783283,0.6,0.6,-0.005328565410871076,0.0,0.0,-0.005328565410871076,-0.008880942351451794,1.0326463091827516,1.0343025327032052
2018-05-31,0.011764678499798073,-0.8200813782880463,-0.4938370985023807,0.003725079407954,2,Bear,0.9973263487506425,0.995240140398662,0.01991741842134122,0.5051777301808388,0.2969252028316933,0.6,0.6,0.007058807099878843,0.0,0.0,0.007058807099878843,0.011764678499798073,1.0399355602816747,1.0464707694719853
2018-06-01,0.006289122618005123,-1.8841972736004529,-0.6406704736091807,0.0046476621214949,2,Bear,0.999804508595908,0.9996090209418523,0.0018650122223567264,0.5045935186831197,0.29726897878408676,0.6,0.6,0.0037734735708030735,0.0,0.0,0.0037734735708030735,0.006289122618005123,1.0438597296337357,1.0530521524573526
2018-06-02,0.01343460036267325,-2.260744958723582,-0.5656375957539774,0.0137396141418229,2,Bear,0.9996580364337767,0.9993160729113966,0.0030710508327616622,0.49269700073667,0.30444674876389183,0.6,0.6,0.00806076021760395,0.0,0.0,0.00806076021760395,0.01343460036267325,1.052274032615126,1.0671994872866701
2018-06-03,0.009997649447416887,-3.31622792923097,-0.602505462161839,0.0065210217152883,2,Bear,0.9998364822772589,0.999672964554503,0.0015891482009313305,0.4972855292447564,0.30163757273976954,0.6,0.6,0.005998589668450132,0.0,0.0,0.005998589668450132,0.009997649447416887,1.0585861927555495,1.0778689736510254
2018-06-04,-0.02701622323891649,-2.749693913577487,-0.3377104967056467,0.0028939655377953,2,Bear,0.9996963430900304,0.9993926861801558,0.0027631139789560397,0.4995607971728896,0.3002637533787254,0.6,0.6,-0.01620973394334989,0.0,0.0,-0.01620973394334989,-0.02701622323891649,1.0414267922148783,1.0487490248365674
2018-06-05,0.015749961130953748,-2.4075465567266217,-0.2958968728874551,0.0036910220640265,2,Bear,0.9998232159609386,0.9996464319277107,0.001704285448737936,0.5056499483691909,0.2966479092577308,0.6,0.6,0.009449976678572248,0.0,0.0,0.009449976678572248,0.015749961130953748,1.0512682511137492,1.065266781213869
2018-06-06,0.002645286611436144,-2.175508157030127,-0.6701152791628354,0.0029622548627127,2,Bear,0.9998677805112831,0.9997355611460796,0.0013130710833618312,0.4894493807170535,0.3064668296857315,0.6,0.6,0.0015871719668616865,0.0,0.0,0.0015871719668616865,0.002645286611436144,1.0529367946115686,1.0680847171678216
2018-06-07,0.0031646133192780724,-2.082301174557844,-0.9315002226204858,0.0009082574540336,2,Bear,0.9998769618742657,0.9997539240740632,0.0012307493122639427,0.48034265451415353,0.3122770767707871,0.6,0.6,0.0018987679915668434,0.0,0.0,0.0018987679915668434,0.0031646133192780724,1.05493607729432,1.0714647922898881
2018-06-08,-0.006968564365645907,-1.8323855405797875,-1.2897692038596549,-0.0024849853085788,2,Bear,0.9998416897520961,0.9996833825939565,0.0015436999858337958,0.48033074774920387,0.3122848177071517,0.6,0.6,-0.004181138619387544,0.0,0.0,-0.004181138619387544,-0.006968564365645907,1.0505252433205594,1.0639982209192926
2018-06-09,-0.012263867528105044,-1.7934580411108945,-1.6788961803455906,0.0004654858335833,2,Bear,0.9998390785995298,0.9996781587986326,0.0015665116579037443,0.45359014647286494,0.3306950143569166,0.6,0.6,-0.007358320516863026,0.0,0.0,-0.007358320516863026,-0.012263867528105044,1.0427951418691512,1.050949487687799
2018-06-10,-0.1042933363808614,-0.5715425555142101,1.2650039466556586,-0.0235431736687796,2,Bear,1.0,1.0,1.330773757470451e-141,0.6181135272570053,0.24267386715455513,0.6,0.6,-0.06257600182851683,0.0,0.0,-0.06257600182851683,-0.1042933363808614,0.9775411911647788,0.9413424592490814
2018-06-11,0.017659179795872778,-0.4962048177897454,-0.285632805227538,-0.0205403950318923,2,Bear,0.960358324442255,0.9218835623158248,0.1720672394240317,0.6083738862779936,0.24655890626353774,0.6,0.6,0.010595507877523667,0.0,0.0,0.010595507877523667,0.017659179795872778,0.9878987365563691,0.95796579498645
2018-06-12,-0.04813047339938324,-0.63238870114993,-0.3380059213240334,-0.0307994123756245,1,Bull,0.8230124398714584,0.6461414623656754,0.46776524422082577,0.5869418486264899,0.25556194425566503,0.25556194425566503,0.6,-0.028878284039629942,0.0,0.0,-0.028878284039629942,-0.04813047339938324,0.9593699162397026,0.9118584477733356
2018-06-13,-0.035954273506747965,-0.842741984302643,0.5232668111668511,-0.0365965542038449,1,Bull,0.9981272999908124,0.9962557063245736,0.01364153257692406,0.597442277659582,0.2510702801074095,0.2510702801074095,0.25556194425566503,-0.009188544041684458,0.34443805574433495,6.8887611148867e-05,-0.009257431652833326,-0.035954273506747965,0.9504886148103291,0.8790732397426544
2018-06-14,0.049982602628063255,-0.5883445594720416,0.663597221332726,-0.0241472601726113,1,Bull,0.9981155802134365,0.9962564150914182,0.013839739864715808,0.6473348054795428,0.2317193494468147,0.2317193494468147,0.2510702801074095,0.012549146042325184,0.004491664148255525,8.983328296511051e-07,0.012548247709495532,0.049982602628063255,0.9624155813940244,0.9230116081656756
2018-06-15,-0.033321874056011454,-0.6161156218405107,-1.6791310023482708,-0.0099529677076413,1,Bull,0.7938777760403953,0.5954606102900081,0.5416559826945968,0.6565780480000744,0.22845722676366878,0.22845722676366878,0.2317193494468147,-0.007721322978607666,0.019350930660594817,3.870186132118964e-06,-0.007725193164739785,-0.033321874056011454,0.9549807351230003,0.8922551316061423
2018-06-16,0.014389722742134216,-0.4329332978725679,-2.6096149000885758,-0.010606859118389,2,Bear,0.7483485594729068,0.5142988483081169,0.6279348947256448,0.6618520395724741,0.2266367572076881,0.6,0.22845722676366878,0.003287436151566078,0.003262122683145907,6.524245366291814e-07,0.003286783727029449,0.014389722742134216,0.9581195502628291,0.9050944355652011
2018-06-17,-0.007799634776661505,-0.6123046737007745,-2.226511433037836,-0.0025406913938446,2,Bear,0.9888736745910353,0.9785811448760303,0.06407749375415511,0.6514810126476719,0.2302446227717179,0.6,0.6,-0.004679780865996902,0.3715427732363312,7.430855464726625e-05,-0.004754089420644168,-0.007799634776661505,0.9535645642452123,0.898035029529404
2018-06-18,0.035601191439461784,-0.6365609141368107,-0.8085740858796742,0.0117704015953972,2,Bear,0.9872633782683694,0.9750120417390813,0.07029012254633944,0.6371632612662232,0.2354184698312763,0.6,0.6,0.02136071486367707,0.0,0.0,0.02136071486367707,0.035601191439461784,0.9739333850061607,0.930006146535023
2018-06-19,0.00520115825376602,-0.8742748376224475,-0.7125771030062187,0.0028141127205378,2,Bear,0.9985460201226543,0.9971740223108561,0.011267798627678082,0.6384380865632089,0.23494838913428323,0.6,0.6,0.003120694952259612,0.0,0.0,0.003120694952259612,0.00520115825376602,0.9769727340045864,0.9348432556801268
2018-06-20,0.0009758784644155417,-0.7981980668750046,-0.8697213615530421,0.0096736632246232,2,Bear,0.9980111933284987,0.9961404887909376,0.014805657360463728,0.6348135134648932,0.2362898659502077,0.6,0.6,0.000585527078649325,0.0,0.0,0.000585527078649325,0.0009758784644155417,0.977544777995448,0.9357555490809493
2018-06-21,-0.006931549314601128,-1.0615703784400912,-1.2549147627005643,0.0054094088132761,2,Bear,0.9992860408801832,0.9985791953891585,0.005925976468946731,0.6327930286907523,0.2370443307669646,0.6,0.6,-0.004158929588760676,0.0,0.0,-0.004158929588760676,-0.006931549314601128,0.9734792380939044,0.929269313346083
2018-06-22,-0.10092513460307667,2.1420706110326497,0.9407877179311348,-0.0132156911520068,1,Bull,0.9999999870188816,0.9999999782721612,2.569122849523917e-07,0.7450208268004896,0.20133665342508436,0.20133665342508436,0.6,-0.060555080761846,0.0,0.0,-0.060555080761846,-0.10092513460307667,0.9145301242111477,0.835482682814121
2018-06-23,0.012867880610642049,2.0340660318103736,-1.2478566236264736,-0.0177623533177708,1,Bull,0.9225525680381617,0.8451063712352013,0.2725052931952699,0.7467043361643546,0.20088272256528586,0.20088272256528586,0.20133665342508436,0.002590776018820201,0.39866334657491564,7.973266931498313e-05,0.002511043349505218,0.012867880610642049,0.9168265489974703,0.846233574228832
2018-06-24,0.0017429078270061015,3.1533600320236914,0.3403586579497136,-0.0184540034031228,1,Bull,0.9999517912236107,0.9999035833495795,0.0005274121051881699,0.7451583935612034,0.20129948383608964,0.20129948383608964,0.20088272256528586,0.0003501200694693319,0.00045393085979850145,9.07861719597003e-08,0.00035002928329737223,0.0017429078270061015,0.9171474651373239,0.8477084813488309
2018-06-25,0.012228084684466036,2.437351342453834,1.5306089808189358,-0.0162035621591127,1,Bull,0.9999994089677854,0.999998832094638,9.134081572427862e-06,0.7429845281936174,0.2018884570378441,0.2018884570378441,0.20129948383608964,0.0024615071352870064,0.0004167612708037838,8.335225416075675e-08,0.0024614237830328455,0.012228084684466036,0.9194049537205613,0.8580743324465046
2018-06-26,-0.025199768617492124,1.971538702123432,-1.2747622552274718,-0.0198572060196909,1,Bull,0.9636283934252775,0.9272575382667091,0.15624514688020583,0.7433981046207268,0.2017761399546859,0.2017761399546859,0.2018884570378441,-0.005087542403896171,0.0005889732017544669,1.1779464035089339e-07,-0.005087660198536522,-0.025199768617492124,0.9147273337311799,0.8364510578122437
2018-06-27,0.010360226200307545,1.7467138441246464,-1.1371073875613364,0.0023998661409859,0,Chop,0.6529851194601695,0.3059842612063706,0.6457350007998187,0.746734159083395,0.20087469975141187,0.20087469975141187,0.2017761399546859,0.002090446451755459,0.00011231708315820321,2.2463416631640642e-08,0.0020904239883388276,0.010360226200307545,0.9166395016924007,0.8451168799766651
2018-06-28,-0.04207551892667362,1.6547356907859108,-0.8607857183345026,-0.0085888137664772,0,Chop,0.7717528426039852,0.5435126596558411,0.5372291524804688,0.7580333964587074,0.19788046371143095,0.19788046371143095,0.20087469975141187,-0.008451907231280411,0.0009014402032740398,1.8028804065480797e-07,-0.008452087519321066,-0.04207551892667362,0.9088919844004297,0.8095581486979555
2018-06-29,0.051961304162501123,1.967450116320591,-0.2676669420385476,0.0014548655006217,1,Bull,0.5921922805165047,0.18438687545608456,0.6760809642765564,0.8069712044739893,0.1858802385616411,0.1858802385616411,0.19788046371143095,0.010282126962726429,0.0029942360399809187,5.988472079961837e-07,0.010281528115518433,0.051961304162501123,0.918236782892012,0.8516238458996813
2018-06-30,0.029426269046298203,1.0761491470275004,0.5659935464167632,0.0048945023729882,1,Bull,0.6046240501487132,0.2095731972202703,0.6737264516692558,0.7006722102713077,0.21408013305097173,0.21408013305097173,0.1858802385616411,0.005469761910304945,0.01200022514978985,2.40004502995797e-06,0.0054673618652749875,0.029426269046298203,0.9232571156620886,0.8766839583153686
2018-07-01,-0.002842915424254111,0.9307216810411686,0.8906386729486981,0.0093658730116358,1,Bull,0.8463766354630865,0.6937746361482358,0.4350814693259128,0.694564794462305,0.21596257281672618,0.21596257281672618,0.21408013305097173,-0.0006086117122769798,0.028199894489330635,5.639978897866127e-06,-0.0006142516911748459,-0.002842915424254111,0.9226900034174039,0.8741916199680777
2018-07-02,0.03513597605397694,1.0302756795639247,0.3849832537125536,0.0143210229823697,1,Bull,0.8405368524602609,0.68119796523416,0.43979214888754403,0.6837562179321985,0.2193764328076268,0.2193764328076268,0.21596257281672618,0.0075880557870437425,0.0018824397657544456,3.764879531508891e-07,0.007587679299090592,0.03513597605397694,0.929691079255812,0.9049071957938634
2018-07-03,-0.012871725512867362,0.7993013300595653,0.8082976316209755,0.0201617816651309,1,Bull,0.9756987396437028,0.9516688127147694,0.11582630517423197,0.6671927298138084,0.2248225936782316,0.2248225936782316,0.2193764328076268,-0.0028237532270917625,0.0034138599909006306,6.827719981801261e-07,-0.002824435999089943,-0.012871725512867362,0.927065226303529,0.8932594787549862
2018-07-04,0.010354208139776208,0.8672370104117113,0.1935245700492702,0.0118403624605859,1,Bull,0.52613129949628,0.052810505549167164,0.6960337205906253,0.6323201217641402,0.23722161423790816,0.23722161423790816,0.2248225936782316,0.002327859929468745,0.005446160870604788,1.0892321741209577e-06,0.002326770697294624,0.010354208139776208,0.929222294506573,0.9025084733208434
2018-07-05,0.0062841192296037365,0.8250550666121799,1.2790943673942854,0.007211932497247,1,Bull,0.9811922755376967,0.9641859092764767,0.09929969347442616,0.6153391446296215,0.24376801201276807,0.24376801201276807,0.23722161423790816,0.0014907289077100783,0.012399020559676566,2.4798041119353134e-06,0.001488249103598143,0.0062841192296037365,0.9306052087534158,0.9081799441729191
2018-07-06,0.005162002311365564,0.7508739628048086,0.2367083671789025,0.008812916044371,0,Chop,0.5050683849119008,0.011382398234291935,0.7017946735589754,0.6128530214443988,0.24475689072475068,0.24475689072475068,0.24376801201276807,0.0012583310414468975,0.006546397774859908,1.3092795549719816e-06,0.0012570217618919255,0.005162002311365564,0.9317749997525488,0.9128679711438756
2018-07-07,0.027115385407600508,0.8713294250472325,-0.3773476995610155,0.0072087979150957,0,Chop,0.9632138874169143,0.9265681756620632,0.15851408633581357,0.6213874801890068,0.24139527232569064,0.24139527232569064,0.24475689072475068,0.006636677423167577,0.0009888787119826103,1.977757423965221e-07,0.00663647964742518,0.027115385407600508,0.9379587055743862,0.9376207380076962
2018-07-08,-0.012185823192757565,0.5339449241440231,-1.1938989383726004,0.0073459783791176,0,Chop,0.9956718266470619,0.9920946706283312,0.02987246292811036,0.6060949698255085,0.24748596749315407,0.24748596749315407,0.24139527232569064,-0.0029416001081284293,0.0033616183990600457,6.723236798120091e-07,-0.002942272431808241,-0.012185823192757565,0.9351989755328002,0.9261950574724716
2018-07-09,-0.004754487007430659,0.4669050023814009,-0.6518507794008436,0.0043242393496763,0,Chop,0.9976734694601851,0.9959913324637935,0.017803281033915975,0.6060371966716228,0.24750956017849263,0.24750956017849263,0.24748596749315407,-0.0011766688169676076,0.006090695167463439,1.2181390334926878e-06,-0.0011778869560011003,-0.004754487007430659,0.9340974168582545,0.9217914751053722
2018-07-10,-0.06302716705344925,0.5746905420457156,-0.1581019233653729,-0.0095380179069342,0,Chop,0.6923868524180552,0.3855233555534753,0.622436939746207,0.6626668890041862,0.2263580729458363,0.2263580729458363,0.24750956017849263,-0.015599826396695606,2.3592685338552633e-05,4.718537067710527e-09,-0.015599831115232674,-0.06302716705344925,0.9195256549100906,0.8636935698154605
2018-07-11,0.010178711879892067,0.6660111264910411,-0.7933620215067825,-0.0085346759932289,0,Chop,0.9910699224759877,0.9823955883614862,0.0521858433474958,0.6649469532169286,0.2255819043523985,0.2255819043523985,0.2263580729458363,0.002304033606203259,0.021151487232656335,4.230297446531267e-06,0.0022998033087567277,0.010178711879892067,0.9216403830537395,0.8724848578151276
2018-07-12,-0.026285767240593776,-1.8955949109154289,-0.5266164753224466,-0.0192149065228678,2,Bear,0.9263348393626234,0.8526761556821472,0.2630849916097816,0.5115882981460759,0.2932045172721482,0.6,0.2255819043523985,-0.005929593431497035,0.0007761685934377927,1.5523371868755854e-07,-0.005929748665215722,-0.026285767240593776,0.9161752872225177,0.8495509239216567
2018-07-13,0.001482289507841217,-2.4271818108845933,-0.5129320807335744,-0.016481283982748,2,Bear,0.9985537395793939,0.9971074791764676,0.01090198456378431,0.5088958370800136,0.2947558008347699,0.6,0.6,0.0008893737047047301,0.3744180956476015,7.48836191295203e-05,0.0008144900855752097,0.001482289507841217,0.9169215029106094,0.8508102043425626
2018-07-14,0.006084371585678029,-3.530821339271952,-1.7078186199726295,-0.0143135122641263,2,Bear,0.9996279897585819,0.9992559795171625,0.0033095530818029704,0.5094193019580983,0.29445291810387286,0.6,0.6,0.0036506229514068175,0.0,0.0,0.0036506229514068175,0.006084371585678029,0.9202688375937733,0.8559868497746693
2018-07-15,0.013219819655417867,-2.733385175590714,-1.116929217349473,0.000935885077647,2,Bear,0.9998673085207636,0.9997346170416309,0.0013172837127175385,0.5098631340939538,0.2941965989883848,0.6,0.6,0.00793189179325072,0.0,0.0,0.00793189179325072,0.013219819655417867,0.9275683104342677,0.8673028415560997
2018-07-16,0.05834774166521402,-2.13875769331946,1.2688614138351393,0.0105696910347114,2,Bear,0.9716087837494433,0.9432175674990847,0.12910461485788338,0.5510406470932411,0.27221222389174976,0.6,0.6,0.03500864499912841,0.0,0.0,0.03500864499912841,0.05834774166521402,0.9600412201267023,0.9179080037007211
2018-07-17,0.08243286458020968,-0.8752603686822341,2.6165406800261857,0.0323134173988721,1,Bull,0.999700917034681,0.9994018340693566,0.002726033556271016,0.6427595281606031,0.23336876923358535,0.23336876923358535,0.6,0.049459718748125804,0.0,0.0,0.049459718748125804,0.08243286458020968,1.0075245888607767,0.9935737898668733
2018-07-18,0.006771106197490973,-0.8388837293808185,2.2772514798433163,0.0333711807368021,1,Bull,0.9995626504895561,0.9991253009859093,0.003820055310595778,0.6012256974932693,0.2494903338719637,0.2494903338719637,0.23336876923358535,0.0015801647196583704,0.36663123076641463,7.332624615328293e-05,0.0015068384735050875,0.006771106197490973,1.0090427656742744,1.0003013835131054
2018-07-19,0.012951038487558252,-1.2165794302295008,0.9595889914246892,0.0347445141171781,1,Bull,0.9970120614250326,0.9940241816614587,0.020353565885158926,0.5727135161672088,0.2619110528486395,0.2619110528486395,0.2494903338719637,0.00323115891624956,0.016121564638378355,3.224312927675671e-06,0.0032279346033218847,0.012951038487558252,1.012299889733826,1.0132563252301414
2018-07-20,-0.015212500162381477,-0.9945292983761304,0.7159234894589881,0.0290580501536182,1,Bull,0.9874298073525853,0.9748650268543032,0.06755074177478387,0.5740984288942078,0.26127923793298047,0.26127923793298047,0.2619110528486395,-0.0039843219339894325,0.01242071897667582,2.4841437953351644e-06,-0.003986806077784768,-0.015212500162381477,1.0082640463808943,0.9978421632180438
2018-07-21,0.00882132629206077,-0.9243668895068106,-0.6617198980731618,0.0191527670789876,1,Bull,0.6803505385004374,0.3658901830620435,0.653134266173267,0.5724492014018439,0.26203198403049927,0.26203198403049927,0.26127923793298047,0.0023048294111478024,0.0006318149156590569,1.263629831318114e-07,0.0023047030481646706,0.00882132629206077,1.0105877956019431,1.0066444545277657
2018-07-22,-0.00010780651465853488,-1.2108390032274503,-0.6496575400081752,0.0026446328600139,2,Bear,0.9806821881948706,0.9614791578630925,0.09607493417582484,0.5594149864451357,0.2681372570177134,0.6,0.26203198403049927,-2.8248754927389e-05,0.0007527460975187972,1.5054921950375943e-07,-2.8399304146892757e-05,-0.00010780651465853488,1.0105590956117687,1.0065359316976228
2018-07-23,0.03868656433444906,-1.0983649457389353,0.9901569824237888,0.0090277244874056,2,Bear,0.9825957794048947,0.9651916405122444,0.0877582028921518,0.569731430784024,0.2632819463612542,0.6,0.6,0.023211938600669436,0.3379680159695007,6.759360319390014e-05,0.023144344997475537,0.03868656433444906,1.0339478239609443,1.0454753487741777
2018-07-24,0.0884546416030793,-1.0244839689385974,2.596383892341797,0.0241284451105098,1,Bull,0.9983110689284505,0.9966221378569261,0.012469064822729602,0.6648528970087092,0.22561381724420024,0.22561381724420024,0.6,0.05307278496184758,0.0,0.0,0.05307278496184758,0.0884546416030793,1.0888223144837936,1.137952496054852
2018-07-25,-0.029254690417220935,-0.8033369902257549,1.21068969092968,0.0213200070595419,1,Bull,0.9845909794157395,0.9691837169376478,0.07960620084725925,0.6878848672557435,0.21805974682712803,0.21805974682712803,0.22561381724420024,-0.00660026237732654,0.3743861827557997,7.487723655115995e-05,-0.0066751396138777,-0.029254690417220935,1.0815542735199088,1.1046620480732634
2018-07-26,-0.028491418656974198,-0.3828686212749558,0.3515884094884372,0.0138574580697349,1,Bull,0.9361114131406925,0.8809683655774102,0.26304464469419675,0.707590471937462,0.21198702632227817,0.21198702632227817,0.21805974682712803,-0.006212831539085506,0.007554070417072206,1.5108140834144413e-06,-0.00621434235316892,-0.028491418656974198,1.0748331249907233,1.0731886591871374
2018-07-27,0.02648726157352419,-0.1008761433344649,0.5563541530145333,0.0191764716873714,1,Bull,0.971690168286658,0.9503046900363472,0.14456616549036883,0.7072824995286489,0.21207933195005366,0.21207933195005366,0.21198702632227817,0.00561495581639174,0.00607272050484986,1.214544100969972e-06,0.00561374127229077,0.02648726157352419,1.080866960065309,1.1016144879207668
2018-07-28,0.0033185039026142372,-0.0708430728977533,-0.5377583989165285,0.0121028596010045,0,Chop,0.5169545525494079,0.09090388378168118,0.8678703205257561,0.7015527078501406,0.21381144755276416,0.21381144755276416,0.21207933195005366,0.0007037860907400733,9.230562777548523e-05,1.846112555509705e-08,0.0007037676296145182,0.0033185039026142372,1.0816276392437227,1.1052701998981083
2018-07-29,0.00320641247214717,-0.0005897367408332,-0.4543751208463694,-0.0049467862251819,0,Chop,0.9338328122054597,0.8945957902137791,0.28832225637211784,0.6992648149690344,0.21451100754532096,0.21451100754532096,0.21381144755276416,0.0006855676921210235,0.001732115602710499,3.464231205420998e-07,0.0006852212690004814,0.00320641247214717,1.0823687935072714,1.1088141520521542
2018-07-30,-0.004632012619252318,0.122189532972827,0.7764676184806397,-2.2250665588183573e-05,0,Chop,0.5886630235694024,0.3250403060791633,0.945904631009707,0.6225567756059344,0.24094188012652346,0.24094188012652346,0.21451100754532096,-0.000993617693918456,0.000699559992556803,1.399119985113606e-07,-0.0009937576059169673,-0.004632012619252318,1.0812931812863165,1.1036781109074432
2018-07-31,-0.05013794188199755,1.341210785406246,0.4751978210825801,-0.0043515553105928,1,Bull,0.8296230788348161,0.6594095487156558,0.45778218505611856,0.6783067246428335,0.22113889565075948,0.22113889565075948,0.24094188012652346,-0.012080329982722854,0.026430872581202497,5.2861745162404995e-06,-0.012085616157239094,-0.05013794188199755,1.06822508694385,1.0483419619263328
2018-08-01,-0.02019234469295715,1.2906910002686192,-0.0189978582180156,-0.0136874765638891,0,Chop,0.5795077763258272,0.1590571533797796,0.6808755812816426,0.6725531403710695,0.2230307034433593,0.2230307034433593,0.22113889565075948,-0.004465312806000018,0.01980298447576398,3.960596895152796e-06,-0.004469273402895171,-0.02019234469295715,1.0634508969744665,1.0271734796750254
2018-08-02,-0.0076040421112573775,1.4891716471546637,-0.5921281303649055,-0.0158719857666634,0,Chop,0.9288187420523516,0.8576465989540508,0.2567746438046437,0.6759046357629818,0.22192479835661347,0.22192479835661347,0.2230307034433593,-0.00169593486108666,0.0018918077925998145,3.783615585199629e-07,-0.00169631322264518,-0.0076040421112573775,1.061646951156295,1.0193628092800096
2018-08-03,-0.017699946974245928,1.7144556540970108,-0.3101686755645644,-0.020053257655942,0,Chop,0.8764203175556207,0.7528454401497706,0.3740506988421745,0.6858834662220091,0.2186960429681031,0.2186960429681031,0.22192479835661347,-0.003928057163182278,0.001105905086745823,2.2118101734916462e-07,-0.0039282783441996275,-0.017699946974245928,1.057476506428882,1.0013201416082351
2018-08-04,-0.05552450759252941,2.4660354667135755,-0.7913553572895791,-0.0302317566505974,1,Bull,0.9990798179790398,0.9981596377090095,0.007352719769500447,0.7376527766820407,0.2033477060503987,0.2033477060503987,0.2186960429681031,-0.012142990098238578,0.0032287553885103626,6.457510777020726e-07,-0.01214363584931628,-0.05552450759252941,1.0446348968156025,0.9457223338029561
2018-08-05,0.0050534181440378585,1.9989061161192685,-1.3276342236371257,-0.0191934846453904,1,Bull,0.9292405732161214,0.8584825200161942,0.2556152096928256,0.6977063880729434,0.21499014852694437,0.21499014852694437,0.2033477060503987,0.0010276009873035619,0.015348336917704403,3.0696673835408805e-06,0.001024531319920021,0.0050534181440378585,1.0457051579852714,0.9505014642038178
2018-08-06,-0.016644870348810327,0.4116902604640132,-0.9636235669433276,-0.018483989776561,0,Chop,0.6357008236014868,0.27305756572960677,0.6664352893182998,0.6009628827119466,0.24959944168781212,0.24959944168781212,0.21499014852694437,-0.0035784831485024646,0.011642442476545667,2.3284884953091337e-06,-0.0035808116369977737,-0.016644870348810327,1.0419606847866891,0.9346804905657908
2018-08-07,-0.028995953086401502,1.0624811477398917,-0.0739389759955426,-0.0227623719715898,0,Chop,0.6007365631732703,0.201523526321774,0.6732147426778172,0.6096248814946184,0.24605294920418067,0.24605294920418067,0.24959944168781212,-0.007237373701571808,0.03460929316086775,6.92185863217355e-06,-0.007244295560203981,-0.028995953086401502,1.0344124136239818,0.9075785389105705
2018-08-08,-0.06853482384772068,1.7347708443333478,0.3649287217565627,-0.0329293473462848,1,Bull,0.9999440557108253,0.9998881144397581,0.0006037345644397738,0.6622497006402386,0.22650066863750262,0.22650066863750262,0.24605294920418067,-0.016863195530920687,0.0035464924836314526,7.092984967262906e-07,-0.016863904829417412,-0.06853482384772068,1.016968181126259,0.8453778036183628
2018-08-09,0.040774573013564665,1.8338097813401268,-0.5053685581943255,-0.0136695312250659,1,Bull,0.9167425117856871,0.8334864966289167,0.28667166850105563,0.6937103582262107,0.21622857179694407,0.21622857179694407,0.22650066863750262,0.009235468050981067,0.019552280566678043,3.9104561133356084e-06,0.009231557594867731,0.040774573013564665,1.026356381462474,0.8798477225960467
2018-08-10,-0.06016427603596317,2.0328049165232764,-0.2623770518521965,-0.0267130700610662,1,Bull,0.9996597664491444,0.9993195372107543,0.0030572923222387544,0.7278237917362014,0.2060938398869589,0.2060938398869589,0.21622857179694407,-0.013009235480453425,0.010272096840558548,2.05441936811171e-06,-0.013011289899821536,-0.06016427603596317,1.013002161042734,0.8269123213441646
2018-08-11,0.017791511924364466,2.222350781843568,-0.8685461792446693,-0.0198257936064312,1,Bull,0.9717713081776623,0.9435428168306874,0.1285325340966383,0.7360425588202586,0.20379256362624265,0.20379256362624265,0.2060938398869589,0.0036667210098868903,0.010134731909985178,2.0269463819970357e-06,0.003664694063504893,0.017791511924364466,1.016714504048625,0.8416243417697633
2018-08-12,0.004273118524736129,1.801538969766696,1.0209807445239956,-0.0131719792842037,1,Bear,1.0,0.9999999999999998,6.653635858138331e-15,0.7080759346441287,0.2118416862668668,0.6,0.20379256362624265,0.0008708297788347637,0.002301276260716245,4.6025525214324905e-07,0.0008703695235826204,0.004273118524736129,1.0175994213671333,0.8452207023354487
2018-08-13,-0.0039809244546156666,1.4547620039619091,-0.872903297520152,-0.0002611994055827,1,Bear,0.990766370610474,0.9816296115516028,0.052987347675248334,0.5548964021495143,0.27032072909274907,0.6,0.6,-0.0023885546727694,0.3962074363737573,7.924148727475147e-05,-0.0024677961600441515,-0.0039809244546156666,1.0150881934226204,0.841855942571974
2018-08-14,-0.015661306329478587,1.8046453030689849,1.1772006459149114,-0.0115483752741913,2,Bull,0.9706457293920102,0.943376671203222,0.1400141499350654,0.5510001590718802,0.2722322263076369,0.2722322263076369,0.6,-0.009396783797687151,0.0,0.0,-0.009396783797687151,-0.015661306329478587,1.0055496291334431,0.8286713787700625
2018-08-15,0.017398593339543036,2.0869884965274927,0.4869991538528484,0.0039641986009098,2,Bull,0.9946145898621328,0.989232774847118,0.03353447913315613,0.5623615530333668,0.2667323169425489,0.2667323169425489,0.2722322263076369,0.0047364577994450235,0.3277677736923631,6.555355473847262e-05,0.004670904244706551,0.017398593339543036,1.0102464551644257,0.8430890951014013
2018-08-16,0.004146085616168998,1.648001898484471,-0.4129531657317682,0.0012351133392707,2,Bull,0.8927562238254337,0.7855273828291769,0.34086124588086464,0.5410077181072434,0.27726036982390273,0.27726036982390273,0.2667323169425489,0.0011058950226429322,0.005499909365087985,1.099981873017597e-06,0.0011047950407699146,0.004146085616168998,1.0113625704380467,0.8465846146717502
2018-08-17,0.038083278208336936,1.5827394556753676,0.6672956172745079,0.0079971452759909,2,Bull,0.9997724784591615,0.9995941877617124,0.0022548381856862666,0.5797666539695848,0.2587247800006607,0.2587247800006607,0.27726036982390273,0.010558983800150074,0.010528052881353833,2.105610576270767e-06,0.010556878189573803,0.038083278208336936,1.0220394018996553,0.8788253320791921
2018-08-18,-0.024126888066354907,1.5406696046351034,-1.0937320179847776,0.003967952553643,2,Bull,0.9784202772357682,0.9568628343015301,0.1043004896305223,0.5787011370657879,0.2592011495960612,0.2592011495960612,0.2587247800006607,-0.0062422238070682385,0.01853558982324205,3.70711796464841e-06,-0.006245930925032887,-0.024126888066354907,1.0156558143927281,0.8576220116622403
2018-08-19,0.01273198071380139,1.1569151758571603,-1.989710466279394,0.009646609962299,2,Bull,0.9671131812264424,0.9343678954955634,0.14555043389061934,0.5878144488068219,0.2551825670574758,0.2551825670574758,0.2592011495960612,0.0033001440376522004,0.0004763695954005387,9.527391908010774e-08,0.0033000487637331205,0.01273198071380139,1.0190075281073931,0.8685412385744554
2018-08-20,-0.030832908467442785,0.8572258404363559,-1.2660101288046128,3.096009019265544e-07,2,Bull,0.9552682917377573,0.911151080736023,0.18594564934890692,0.5688868712624034,0.2636728101443764,0.2636728101443764,0.2551825670574758,-0.007868020732570232,0.004018582538585447,8.037165077170894e-07,-0.007868824449077948,-0.030832908467442785,1.0109891367564272,0.8417615860652898
2018-08-21,0.028168761359932258,0.6933096935704197,-1.5383700547935923,0.0048048447496545,2,Bull,0.9342045420972529,0.8698207519470913,0.2494444627885974,0.5901518387750377,0.25417187602321284,0.25417187602321284,0.2636728101443764,0.007427336466059664,0.008490243086900606,1.6980486173801212e-06,0.007425638417442284,0.028168761359932258,1.0184963765299426,0.865472967305121
2018-08-22,-0.017419128922693004,1.6936251748926248,0.4739398339549698,-0.0062956366765514,2,Bull,0.9914755612732628,0.9829756559253694,0.04927343637192838,0.5914918150332309,0.2535960704571589,0.2535960704571589,0.25417187602321284,-0.004427452676971087,0.00950093412116354,1.9001868242327082e-06,-0.004429352863795319,-0.017419128922693004,1.0139850966877946,0.8503971821085274
2018-08-23,0.02450168206824125,1.4610773648636797,-1.3302227225586465,0.0034300773503678,2,Bull,0.9755500816676136,0.9511338257200177,0.11514074624443218,0.6062530096997852,0.24742145210013813,0.24742145210013813,0.2535960704571589,0.006213530292096614,0.0005758055660539663,1.1516111321079326e-07,0.006213415130983404,0.02450168206824125,1.0202854070301461,0.8712333434962789
2018-08-24,0.027928230011097385,1.01872434234965,-0.3036894311534219,0.006469327209827,2,Bull,0.9757397020927542,0.9518015026058836,0.11589754774453126,0.5807638217844177,0.2582805511870895,0.2582805511870895,0.24742145210013813,0.006910043223932372,0.006174618357020739,1.2349236714041478e-06,0.006908808300260968,0.027928230011097385,1.027334363318871,0.8955653487067805
2018-08-25,0.0064124672521687996,0.8539124199151928,-1.4093489591345578,0.0139184023537493,2,Bull,0.9624134731440149,0.9254194268337923,0.16324327756262597,0.5811222004109561,0.25812126931981516,0.25812126931981516,0.2582805511870895,0.0016562155763593187,0.010859099086951346,2.1718198173902695e-06,0.0016540437565419285,0.0064124672521687996,1.0290336193083995,0.9013081321775399
2018-08-26,-0.008304176683980409,0.6544656950518867,-1.3286145088776735,0.0066238147449668,2,Bull,0.6285605603284592,0.2582550927702299,0.6674171520705356,0.5782266435443766,0.2594138503901163,0.2594138503901163,0.25812126931981516,-0.0021434846263250367,0.00015928186727431903,3.185637345486381e-08,-0.0021435164826984917,-0.008304176683980409,1.026827868784161,0.8938235102012292
2018-08-27,0.026102376198721546,-0.1199427577768242,-0.2773817846604469,0.0153281157692497,2,Bull,0.5648435229021219,0.32546636686603936,0.9841538909372025,0.5763312302330565,0.260266999481085,0.260266999481085,0.2594138503901163,0.006771317914041683,0.0012925810703011131,2.5851621406022266e-07,0.006771059397827623,0.026102376198721546,1.0337805812750434,0.9171544277197635
2018-08-28,0.030277809712914813,-1.1931497601608871,0.6691588300931386,0.0164833412981844,0,Chop,0.9939134090575032,0.9905873784817503,0.0413123890572939,0.4964843380508232,0.3021243340502819,0.3021243340502819,0.260266999481085,0.00788031468483959,0.00085314909096873,1.7062981819374602e-07,0.007880144055021398,0.030277809712914813,1.0419269211767743,0.9449238549596198
2018-08-29,-0.006945951847084595,-1.8073183096163292,-0.0642337480133295,0.009508504926548,0,Chop,0.6675829570657743,0.3351678268900263,0.6359021455776444,0.4734175198486238,0.3168450547583511,0.3168450547583511,0.3021243340502819,-0.0020985410761457587,0.04185733456919688,8.371466913839376e-06,-0.002106912543059598,-0.006945951847084595,1.0397316722775956,0.9383604593639088
2018-08-30,-0.009829420799983127,-2.158483245316561,0.399625972068108,0.0062601273161176,1,Bear,0.5657425354693055,0.1314853025146247,0.6844815141029742,0.38367177551257575,0.39095917284925064,0.6,0.3168450547583511,-0.0031144033716135294,0.014720720708069235,2.944144141613847e-06,-0.0031173475157551434,-0.009829420799983127,1.036490467331969,0.9291369195467554
2018-08-31,0.008469072019252824,-2.385910248253383,0.4126181901254578,0.0096147770567642,1,Bear,0.6276836058371843,0.25536729288871635,0.6601783319532689,0.38023604362952057,0.3944917966434321,0.6,0.6,0.005081443211551694,0.28315494524164886,5.663098904832977e-05,0.005024812222503365,0.008469072019252824,1.0416986373007269,0.9370058470341436
2018-09-01,0.021878714118539457,-2.0777692513388235,-0.026492183915809,0.0087700446407278,1,Bear,0.6459381232628738,0.29187669254405724,0.6499314079440989,0.38647013540369995,0.3881283086552409,0.6,0.6,0.013127228471123674,0.0,0.0,0.013127228471123674,0.021878714118539457,1.0553732533106317,0.9575063300888036
2018-09-02,0.010987305122022542,-2.1917184964586927,0.3064524040164996,0.0049119437225494,1,Bear,0.8433347094529386,0.6866695243090145,0.43410016858665834,0.38399129331158327,0.39063385710228854,0.6,0.6,0.006592383073213525,0.0,0.0,0.006592383073213525,0.010987305122022542,1.062330678081679,0.9680267442937573
2018-09-03,-0.001742290079993956,-2.3805578755207057,0.0076993869239432,0.0059526760759675,1,Bear,0.9712761972178913,0.942552406111049,0.13027778706268692,0.3725051681068942,0.40267897694497473,0.6,0.6,-0.0010453740479963735,0.0,0.0,-0.0010453740479963735,-0.001742290079993956,1.061220145160422,0.9663401609000055
2018-09-04,0.013897370676709589,-2.553000644878253,0.4358889938768141,0.010698034371306,1,Bear,0.8265346524931094,0.6530693495566504,0.4613393572707614,0.37108663735332775,0.40421827385063847,0.6,0.6,0.008338422406025753,0.0,0.0,0.008338422406025753,0.013897370676709589,1.0700690469965535,0.9797697483158241
2018-09-05,-0.08041781637747243,-1.896855977898211,2.6198514344132064,-0.0070793433080389,0,Chop,0.999995474361592,0.9999909487232583,6.021701271714649e-05,0.5289813319640233,0.2835638820052003,0.2835638820052003,0.6,-0.04825068982648346,0.0,0.0,-0.04825068982648346,-0.08041781637747243,1.018437477317002,0.9009788046035597
2018-09-06,-0.03958783805725853,-1.4353615777519584,1.997598090762628,-0.0193726537431985,0,Chop,0.9999843464805936,0.9999687018616364,0.00018893209488712135,0.5354339131650333,0.28014661812010866,0.28014661812010866,0.2835638820052003,-0.011225681039709435,0.3164361179947997,6.328722359895994e-05,-0.011288968263308394,-0.03958783805725853,1.0069403689574066,0.8653110015938916
2018-09-07,-0.009556698168818017,-1.36578465267639,0.143009649382789,-0.0234814544013666,0,Chop,0.9995261948110574,0.999080993984134,0.004208558508389559,0.5265712062835961,0.28486175888473153,0.28486175888473153,0.28014661812010866,-0.0026772766723890027,0.003417263885091615,6.83452777018323e-07,-0.002677960125166021,-0.009556698168818017,1.0042438228009187,0.8570414855295012
2018-09-08,-0.037992262867389735,-1.0824161070046738,-0.5415764567067781,-0.0307314489588458,0,Chop,0.9998417311055597,0.9996835883866856,0.0015443278186043226,0.5477912405419949,0.2738269415399691,0.2738269415399691,0.28486175888473153,-0.010822542824415714,0.004715140764622872,9.430281529245743e-07,-0.010823485852568638,-0.037992262867389735,0.9933744039923035,0.8244805401230062
2018-09-09,0.011955253777374625,-0.867962767255796,-0.7894197143922324,-0.0311198723387128,0,Chop,0.9995576222486197,0.9991207649267433,0.003888602295691458,0.5351791146700021,0.28027999577766,0.28027999577766,0.2738269415399691,0.0032736705771926563,0.011034817344762415,2.2069634689524833e-06,0.003271463613723704,0.011955253777374625,0.9966241922097687,0.8343374142146837
2018-09-10,0.004566762205364724,-0.8142668859342256,-0.7718820173124092,-0.0141229566221453,0,Chop,0.7778669248125235,0.5560747537797093,0.5321440031873956,0.5205611882850516,0.28815056399837136,0.28815056399837136,0.28027999577766,0.001279972091637202,0.006453054237690881,1.2906108475381762e-06,0.0012786814807896638,0.004566762205364724,0.9978985571076543,0.838147634784441
2018-09-11,-0.0013437780737511058,-1.5665526954103517,-0.5004669509967177,-0.0064741446254439,1,Bear,0.8424092261916555,0.6848202247010204,0.4356751195094757,0.5154686078457276,0.2909973521508663,0.6,0.28815056399837136,-0.0003872104098400262,0.00787056822071136,1.5741136441422721e-06,-0.0003887845234841685,-0.0013437780737511058,0.9975105895926437,0.8370213503702514
2018-09-12,0.004829112103060521,-1.4398291699226249,-0.2227051868067053,-0.0035969825710681,1,Bear,0.9739235439968278,0.9478483975669534,0.12084134122651993,0.5039057682118229,0.2976747032134502,0.6,0.6,0.0028974672618363125,0.3118494360016286,6.236988720032572e-05,0.0028350973746359867,0.004829112103060521,1.0003386292463694,0.8410634203038445
2018-09-13,0.025723516554865874,-1.3766788313165932,0.0068986066972027,0.0091461733133829,1,Bear,0.7260855721409646,0.4522018587091735,0.5874235514698047,0.5015213383110892,0.2990899659526676,0.6,0.6,0.015434109932919524,0.0,0.0,0.015434109932919524,0.025723516554865874,1.0157779656203039,0.8626985291197227
2018-09-14,-0.0007060768656483014,-1.2349854631613877,-0.2918073263572135,0.0066139071847783,1,Bear,0.9492540292197494,0.8985134485552945,0.20076058807753966,0.5002758108740187,0.2998346047112271,0.6,0.6,-0.00042364611938898087,0.0,0.0,-0.00042364611938898087,-0.0007060768656483014,1.015347635227008,0.8620893976462825
2018-09-15,0.004670726045218974,-1.2418055628104523,-1.7515046603769184,0.0066346999527491,1,Bear,0.9708250656380771,0.9416569844494683,0.13192647668999055,0.5001491700097754,0.299910524688201,0.6,0.6,0.002802435627131384,0.0,0.0,0.002802435627131384,0.004670726045218974,1.018193081613892,0.8661159810491761
2018-09-16,-0.003984578276937406,-1.2079846104633916,-1.494060668113032,0.0061065399121119,1,Bear,0.983483813000734,0.9669725695054939,0.08419685080903734,0.48483459613839913,0.30938386244446453,0.6,0.6,-0.0023907469661624435,0.0,0.0,-0.0023907469661624435,-0.003984578276937406,1.015758839593056,0.8626648741257792
2018-09-17,-0.03688071788794455,-1.057084157425688,-0.4146008654244343,-0.002235426086089,1,Bear,0.6777807267147272,0.35576652304111284,0.6302452224072982,0.4818448782707249,0.3113035060958402,0.6,0.6,-0.02212843073276673,0.0,0.0,-0.02212843073276673,-0.03688071788794455,0.9932816904699254,0.8308491742713071
2018-09-18,0.01424242361641818,-1.0229285938704091,0.0198119626109283,-0.0045316446737786,1,Bear,0.8775291554256421,0.7550914215294602,0.37212437550370725,0.4895707226970892,0.30639087070737503,0.6,0.6,0.008545454169850907,0.0,0.0,0.008545454169850907,0.01424242361641818,1.0017697336335882,0.8426824801726304
2018-09-19,0.004266345706214488,-0.8707882994625759,0.4308157622186933,-0.003537160159406,1,Bear,0.907257992231173,0.8145950336498636,0.30947403674291907,0.4906244434898492,0.3057328308655772,0.6,0.6,0.002559807423728693,0.0,0.0,0.002559807423728693,0.004266345706214488,1.0043340712346103,0.846277654953617
2018-09-20,0.01875390373168553,-0.8376476801678399,0.3091720270814997,-0.0007205246221127,1,Bear,0.8808161002000361,0.7617677053597725,0.3663498811371937,0.49769757153039446,0.3013878479229017,0.6,0.6,0.011252342239011318,0.0,0.0,0.011252342239011318,0.01875390373168553,1.0156351819264418,0.8621486646248937
2018-09-21,0.032486665751885406,-0.5667855640866978,2.782010541495597,0.0065737241836518,0,Chop,0.9972722803436821,0.9945448075692305,0.01883178740544812,0.510128747341528,0.29404341704267045,0.29404341704267045,0.6,0.019491999451131243,0.0,0.0,0.019491999451131243,0.032486665751885406,1.0354319423351017,0.890157000120997
2018-09-22,-0.0019276638417005945,-0.3814740474440505,0.2723848603204746,0.0135643349929006,0,Chop,0.9112066353063847,0.825278772674501,0.31239484131403855,0.5061522187152682,0.2963535364533911,0.2963535364533911,0.29404341704267045,-0.0005668168629232442,0.3059565829573295,6.119131659146591e-05,-0.0006280081795147101,-0.0019276638417005945,1.0347816826059846,0.888441076658427
2018-09-23,-0.0016899322578373187,-0.3242849042731405,-0.1193701960724152,0.0103778638180495,1,Bear,0.5341199756970674,0.07035783288888997,0.704352903832929,0.5061566301851744,0.29635095354796276,0.6,0.2963535364533911,-0.0005008174009767533,0.0023101194107206235,4.620238821441247e-07,-0.0005012794248588974,-0.0016899322578373187,1.0342629678392734,0.8869396714237942
2018-09-24,-0.017318842593149884,-0.3329485929435206,-0.1382768108792483,0.0060608261581766,1,Bear,0.8537618877266494,0.7085006259596704,0.4219941195759847,0.5025844581771985,0.2984572991851527,0.6,0.6,-0.01039130555588993,0.3036464635466089,6.072929270932178e-05,-0.01045203484859925,-0.017318842593149884,1.0234528152568017,0.8715789028647855
2018-09-25,-0.02284124873972531,-0.9260006002474168,0.6651919891146199,-0.0022582043361055,0,Chop,0.5188927354396121,0.03810750855732764,0.6951088999429894,0.3838640276296268,0.39076336724296623,0.39076336724296623,0.6,-0.013704749243835185,0.0,0.0,-0.013704749243835185,-0.02284124873972531,1.00942665106081,0.851670952348154
2018-09-26,0.007499922625336217,-1.4386488221349687,0.3792188683720543,-0.0072555529614153,1,Bear,0.5900963694667892,0.18020284965457506,0.6769408385543706,0.3477497179332052,0.43134470645009,0.6,0.39076336724296623,0.0029306950191380875,0.20923663275703375,4.184732655140675e-05,0.0028888476925866807,0.007499922625336217,1.0123427309125625,0.8580584185930117
2018-09-27,0.027598692087246655,-1.197444035944998,0.5992370412395214,-0.0013502817756259,0,Chop,0.8063873889462073,0.6128489245146308,0.4920765764673255,0.36449455983244616,0.41152877581754094,0.41152877581754094,0.6,0.016559215252347992,0.20923663275703375,4.184732655140675e-05,0.016517367925796587,0.027598692087246655,1.029063968266051,0.88173970868063
2018-09-28,-0.004897601761743681,-1.5838847757264805,1.0827615834989104,-0.0019918156764072,0,Chop,0.9283601145554743,0.8567275284229122,0.2579347054737723,0.32016828998641145,0.4685036110426997,0.4685036110426997,0.41152877581754094,-0.0020155040574522088,0.18847122418245904,3.769424483649181e-05,-0.0020531983022887006,-0.004897601761743681,1.0269510958734607,0.8774212987299964
2018-09-29,-0.006367171722292317,-2.086553856982304,0.1045229545200737,0.0001985184977643,1,Bear,0.680261161120587,0.3605225282506381,0.6266755876335467,0.32016613799554344,0.46850676008119235,0.6,0.4685036110426997,-0.002983042944022916,0.05697483522515878,1.1394967045031758e-05,-0.0029944379110679476,-0.006367171722292317,1.0238759545791645,0.8718346066481858
2018-09-30,0.0035683367196754708,-2.240863242847909,-0.4500730450483564,0.0054804355896444,1,Bear,0.9734552558742404,0.9469105280487016,0.12251836854823514,0.32006077449339215,0.4686609917676645,0.6,0.6,0.0021410020318052823,0.13149638895730026,2.6299277791460052e-05,0.0021147027540138223,0.0035683367196754708,1.0260411478800815,0.8749456060885723
2018-10-01,-0.00543920393591315,-1.9995229200368727,-0.4663221766032776,0.0028926102773945,1,Bear,0.9923836227400838,0.9847672832183834,0.044736330596461024,0.3214278249975444,0.46666775037645214,0.6,0.6,-0.0032635223615478898,0.0,0.0,-0.0032635223615478898,-0.00543920393591315,1.0226926396501066,0.8701865985042254
2018-10-02,-0.005099772645630063,-1.7866196640877052,-0.4909239687768836,-0.0036470826691807,1,Bear,0.9920853310296454,0.9841707914533478,0.04618419974200622,0.32259262253038146,0.4649827352634921,0.6,0.6,-0.0030598635873780376,0.0,0.0,-0.0030598635873780376,-0.005099772645630063,1.0195633396809616,0.8657488446925796
2018-10-03,-0.00819539381745712,-1.5849895505213338,-0.5978317133888693,-0.0043066410803234,1,Bear,0.9905039368643545,0.9810083107399351,0.05367764055810955,0.30594511352388726,0.4902840194840649,0.6,0.6,-0.0049172362904742715,0.0,0.0,-0.0049172362904742715,-0.00819539381745712,1.0145499058266452,0.8586536919633154
2018-10-04,0.011331035300968855,-1.5253098385357065,-0.6465317558283574,-0.0007669996756712,1,Bear,0.9913032398864114,0.9826070119458824,0.04992895668332298,0.30979418153933386,0.48419243787816213,0.6,0.6,0.006798621180581313,0.0,0.0,0.006798621180581313,0.011331035300968855,1.021447446305155,0.868383127258259
2018-10-05,0.0069383488553248175,-1.36658055194573,-0.9659338545495584,-9.2997248541332e-05,1,Bear,0.993573294137632,0.9871474947241514,0.038852422229790066,0.3105328112152571,0.48304074346598447,0.6,0.6,0.004163009313194891,0.0,0.0,0.004163009313194891,0.0069383488553248175,1.0256997415370626,0.8744082723352546
2018-10-06,-0.005173043848845555,-1.295282912769128,-1.5904390254809109,-3.976523112781318e-05,1,Bear,0.9896474904579566,0.9792972619278547,0.05763664149351766,0.31091131363687197,0.48245269123655016,0.6,0.6,-0.003103826309307333,0.0,0.0,-0.003103826309307333,-0.005173043848845555,1.0225161476938303,0.8698849200006711
2018-10-07,0.002219673093834595,-1.5253031902262697,-1.4042140079896623,0.0014241239167651,1,Bear,0.9923343616231266,0.9846692333922517,0.044980980411542866,0.26143205639018224,0.5737628432839464,0.6,0.6,0.001331803856300757,0.0,0.0,0.001331803856300757,0.002219673093834595,1.0238779386424588,0.8718157801523291
2018-10-08,0.007435585416514066,-1.368634934504821,-0.4107745421453749,0.0045503197635593,1,Bear,0.9883368558163126,0.9766752354919521,0.06352641950654467,0.257139588888682,0.5833407475226863,0.6,0.6,0.004461351249908439,0.0,0.0,0.004461351249908439,0.007435585416514066,1.0284458177637752,0.8782982408531165
2018-10-09,-0.0014426384505712788,-1.827842565420683,-0.9059950575900644,0.0019955850132513,1,Bear,0.9947241675498502,0.9894484064371977,0.032932491886367925,0.25739658346250843,0.5827583178540849,0.6,0.6,-0.0008655830703427673,0.0,0.0,-0.0008655830703427673,-0.0014426384505712788,1.027555612475154,0.8770311740397927
2018-10-10,-0.008634710127935695,-1.5884019957708415,-0.5689434444901534,-0.0011190267834007,1,Bear,0.9922656253301144,0.9845316010937974,0.04531339581294699,0.2493554713841717,0.6015508669906071,0.6,0.6,-0.005180826076761417,0.0,0.0,-0.005180826076761417,-0.008634710127935695,1.0222320255627202,0.869458264078796
2018-10-11,-0.051295382144624056,-1.5395510744000924,2.047281602557036,-0.0103434944425564,0,Chop,0.999952562707247,0.99990558664203,0.0005223226574174633,0.2955098829350135,0.5075972367157242,0.5075972367157242,0.6,-0.030777229286774434,0.0,0.0,-0.030777229286774434,-0.051295382144624056,0.9907705561276925,0.8248590701640727
2018-10-12,0.0029271598167849833,-1.6310615853755346,-0.595760357647877,-0.0102019970979663,0,Chop,0.523038830839561,0.04608138208006701,0.692132706497325,0.29679001247360043,0.5054078429048975,0.5054078429048975,0.5075972367157242,0.001485818234425363,0.09240276328427577,1.8480552656855154e-05,0.001467337681768508,0.0029271598167849833,0.9922243510986853,0.8272735644887677
2018-10-13,0.0018168218647266394,-1.557912156680335,-1.7269332103326471,-0.0113257498083238,1,Bear,0.6798223209469731,0.3596504239180362,0.6270722470295684,0.2975651913944188,0.5040912187917066,0.6,0.5054078429048975,0.0009182360195939443,0.002189393810826723,4.378787621653446e-07,0.000917798140831779,0.0018168218647266394,0.9931350127634117,0.8287765731888411
2018-10-14,0.0007855566385387347,-1.447402714760339,-1.492870118823541,-0.0108801107905018,0,Bear,1.0,1.0,3.7396958401431244e-18,0.29112460181453886,0.5152432981104001,0.6,0.6,0.0004713339831232408,0.09459215709510249,1.89184314190205e-05,0.0004524155517042203,0.0007855566385387347,0.9935843224881279,0.8294276241277749
2018-10-15,0.04743633360553313,2.583827502512443,3.407950495554555,0.0003340979561918,2,Bull,0.9998295608418786,0.9996591227851036,0.0016493619962588296,0.345826157012337,0.4337439402961324,0.4337439402961324,0.6,0.028461800163319874,0.0,0.0,0.028461800163319874,0.04743633360553313,1.0218635209201925,0.8687726296075449
2018-10-16,-6.521446177784128e-05,2.119838490861594,-0.0179832330938998,0.0105801314927611,2,Bull,0.9957961749312036,0.9915943024514684,0.027214237749534756,0.34466608849808655,0.4352038248196638,0.4352038248196638,0.4337439402961324,-2.82863776158124e-05,0.1662560597038676,3.325121194077352e-05,-6.153758955658591e-05,-6.521446177784128e-05,1.0218006379022593,0.8687159730680977
2018-10-17,-0.00786572755709154,1.7592862940112242,0.023667574839399,0.0084215540179858,2,Bull,0.9907166419444008,0.9814431150862943,0.05275907803960208,0.3243380593316135,0.4624804141367672,0.4624804141367672,0.4352038248196638,-0.003423194717835669,0.0014598845235314073,2.9197690470628147e-07,-0.0034234866947403754,-0.00786572755709154,1.0183025170137237,0.8618828898994503
2018-10-18,-0.010401673695689338,1.480881250578769,-0.0950888996220276,0.0059778549059026,2,Bull,0.9733955075373951,0.9468253950396912,0.12299629610021012,0.3264538431254084,0.45948302695391136,0.45948302695391136,0.4624804141367672,-0.004810570358497923,0.027276589317103417,5.455317863420683e-06,-0.004816025676361344,-0.010401673695689338,1.0133983459454823,0.8529178653148185
2018-10-19,-0.0017462065653074937,1.2470886445510605,-0.4274173491133369,0.0054715022651333,2,Bull,0.8866602848590535,0.7734183500380041,0.35422896896458683,0.32566535092152693,0.4605955149221396,0.4605955149221396,0.45948302695391136,-0.00080235227831428,0.0029973871828558596,5.994774365711719e-07,-0.0008029517557508512,-0.0017462065653074937,1.0125846359643305,0.8514284945387378
2018-10-20,0.0036712537146421764,1.127980438700481,-0.604384101275839,-0.0032815137130448,2,Bull,0.6521286048190622,0.30446302422599664,0.6478544754345843,0.3256936537247107,0.4605554891369974,0.4605554891369974,0.4605955149221396,0.001690962995105431,0.0011124879682282707,2.2249759364565414e-07,0.0016907404975117855,0.0036712537146421764,1.0142966538155136,0.8545543045620654
2018-10-21,-0.0010545924945415059,1.0382897271596392,-0.689983644226286,-0.0034793893195975,0,Bear,0.6919630563183554,0.3843082104053893,0.6204599397439725,0.3250939701159239,0.46140505142716776,0.6,0.4605554891369974,-0.00048569836216376947,4.00257851422281e-05,8.00515702844562e-09,-0.00048570636732079794,-0.0010545924945415059,1.0138040034724032,0.8536530980062961
2018-10-22,0.0007417487199009042,0.9705226434412136,-0.2284885772811184,-0.001757894064199,0,Bear,0.886319509562316,0.7733643875653937,0.358531171995842,0.3245742459794124,0.46214387573287136,0.6,0.6,0.0004450492319405425,0.13944451086300258,2.7888902172600516e-05,0.000417160329767942,0.0007417487199009042,1.014226922284812,0.8542862940989816
2018-10-23,-0.0017619397642864927,0.8527364085326951,-0.1733881215503762,-2.9947277918483064e-05,0,Bear,0.9672634588335719,0.9355755871904738,0.14876974241140023,0.3228137330083334,0.4646642464746931,0.6,0.6,-0.0010571638585718955,0.0,0.0,-0.0010571638585718955,-0.0017619397642864927,1.0131547182381817,0.8527810931073236
2018-10-24,0.0030990249977650625,0.7631425944730428,-0.4575222773459947,0.000939099034696,0,Bear,0.9916851864157006,0.984276883944953,0.05096994625484541,0.3190551593413392,0.47013814260098963,0.6,0.6,0.0018594149986590374,0.0,0.0,0.0018594149986590374,0.0030990249977650625,1.015038593317236,0.8554238830324847
2018-10-25,-0.0030141263870882,0.7021093506846492,-0.6322788028835271,-0.00039797698565,0,Bear,0.9958368863344408,0.9925673562697146,0.02913951158425937,0.31735512311338193,0.47265662053424384,0.6,0.6,-0.0018084758322529197,0.0,0.0,-0.0018084758322529197,-0.0030141263870882,1.0132029205524176,0.852845527334491
2018-10-26,-0.00023782477161892504,0.6444099241621574,-0.5568138579867384,-0.0002346234410655,0,Bear,0.9965182506261872,0.9940540999489408,0.025286713624463872,0.31684304699742744,0.4734205197856777,0.6,0.6,-0.000142694862971355,0.0,0.0,-0.000142694862971355,-0.00023782477161892504,1.0130583417005072,0.8526426995417264
2018-10-27,0.0008691357350833926,0.5619638009092436,-0.4714602937290323,-0.000209146038029,0,Bear,0.996711887393801,0.9947012952020093,0.024279029935796278,0.31664257030321563,0.47372025769106346,0.6,0.6,0.0005214814410500355,0.0,0.0,0.0005214814410500355,0.0008691357350833926,1.013586632824405,0.8533837617811562
2018-10-28,0.0009270241282320825,0.4787722551583753,-0.3877454476126014,0.0003286467404746,0,Bear,0.9967225529405702,0.9950606770773543,0.024292756669320757,0.31455038956165243,0.47687113091493954,0.6,0.6,0.0005562144769392495,0.0,0.0,0.0005562144769392495,0.0009270241282320825,1.0141504043832141,0.8541748691189687
2018-10-29,-0.023990543470313163,0.4923547466185942,0.3661533424608322,-0.0050892669531409,0,Bear,0.8978894079856335,0.8458109350474056,0.400452985939869,0.3292060520539947,0.4556416841796023,0.6,0.6,-0.014394326082187898,0.0,0.0,-0.014394326082187898,-0.023990543470313163,0.9995523927661394,0.833682749790121
2018-10-30,0.00025896418864301634,0.3857649470692221,-0.0692931805405233,-0.0044346488379947,0,Bear,0.9872990046263113,0.9800654373977623,0.07675395625573486,0.3281557618468212,0.45710000383908544,0.6,0.6,0.0001553785131858098,0.0,0.0,0.0001553785131858098,0.00025896418864301634,0.9997077017307787,0.8338986437670061
2018-10-31,-0.0026336269445917018,0.0519563643009792,0.4305080447008178,-0.0049138092725892,0,Bear,0.973727952083903,0.950523354896913,0.13100322555342106,0.24214534182953973,0.6194626700917244,0.6,0.6,-0.001580176166755021,0.0,0.0,-0.001580176166755021,-0.0026336269445917018,0.9981279874467823,0.8317024658297228
2018-11-01,0.009479090296346939,0.3773623707561104,-0.009934044583929,-0.0031918183603365,0,Bear,0.9908848494473547,0.9850218467936009,0.05783373189526403,0.2450138650289388,0.6122102517842546,0.6,0.6,0.005687454177808163,0.0,0.0,0.005687454177808163,0.009479090296346939,1.0038047946389739,0.8395862486030171
2018-11-02,0.0016700572222643,0.3281023143173495,0.4194190727542068,-0.0030432117415301,0,Bear,0.9824549471824849,0.9702770911603126,0.09912862678109614,0.2450031465788766,0.6122370348893001,0.6,0.6,0.00100203433335858,0.0,0.0,0.00100203433335858,0.0016700572222643,1.004810641507192,0.8409884056812104
2018-11-03,-0.004263663863637974,0.1180956872594048,-0.2568232808082723,0.0009021641798049,0,Bear,0.9954675590590472,0.9916539645631202,0.03096367182027685,0.24595982971914113,0.6098556832279619,0.6,0.6,-0.002558198318182784,0.0,0.0,-0.002558198318182784,-0.004263663863637974,1.0022401366139961,0.8374027138061689
2018-11-04,0.0023348777659298278,-4.177793041381622,1.7966749444955676,0.0013173468952622,1,Chop,0.6522349631147236,0.3044699277223229,0.6460521504972163,0.12799503435571222,1.171920463594967,1.171920463594967,0.6,0.0014009266595578966,0.0,0.0,0.0014009266595578966,0.0023348777659298278,1.0036442015406575,0.8393579467837642
2018-11-05,0.0068038692776419656,-2.889700053219757,1.17323890657372,0.003204846139709,1,Chop,0.6561625171783003,0.3123250380672165,0.6435481766057832,0.1329476561585473,1.128263591357465,1.128263591357465,1.171920463594967,0.007973593638093725,0.571920463594967,0.0001143840927189934,0.007859209545374732,0.0068038692776419656,1.0115320516295658,0.8450688285308309
2018-11-06,0.0064204349103652286,-2.3134632520404814,2.2032389437459807,0.0025931150625126,1,Chop,0.9991698830696671,0.9983398723778877,0.00671963380974858,0.13351607314741215,1.1234602431303407,1.1234602431303407,1.128263591357465,0.007243942950045517,0.04365687223750192,8.731374447500384e-06,0.007235211575598016,0.0064204349103652286,1.0188507000386045,0.8504945379391916
2018-11-07,0.010642787457474817,-1.9760990399289904,2.257539645103472,0.0043876611095547,1,Chop,0.999923426913226,0.9998473801992469,0.0008054194732884972,0.13422840093326344,1.1174982265830462,1.1174982265830462,1.1234602431303407,0.0119567485845592,0.00480334822712436,9.60669645424872e-07,0.011955787914913774,0.010642787457474817,1.0310318629252273,0.8595461705402216
2018-11-08,-0.011771661474414798,-1.6842883306660603,1.498537146817223,0.0028860615873994,1,Chop,0.9940676684045696,0.9881382866834381,0.03635715647310477,0.14381382320983122,1.0430151751208425,1.0430151751208425,1.1174982265830462,-0.013154810821594504,0.005962016547294446,1.1924033094588893e-06,-0.013156003224903963,-0.011771661474414798,1.0174676044116042,0.8494278839989926
2018-11-09,-0.0106081363243139,-1.4697733397923165,0.8065839314128281,0.0002974587693506,1,Chop,0.873478029425139,0.746965365765905,0.379819110960522,0.14946507500620343,1.0035789296849071,1.0035789296849071,1.0430151751208425,-0.011064447166010032,0.07448305146220369,1.4896610292440739e-05,-0.011079343776302472,-0.0106081363243139,1.006194731041077,0.8404170372078578
2018-11-10,0.00368900647570952,-1.346679727107293,-0.485398076679353,-0.0003255137910358,0,Bear,0.8717810732341876,0.7435656747019525,0.38302745778593655,0.15068137467092582,0.995478043172795,0.6,1.0035789296849071,0.003702209170493251,0.03943624543593538,7.887249087187077e-06,0.0036943219214060643,0.00368900647570952,1.0099119382931654,0.8435173411004142
2018-11-11,0.00031977009731966983,-1.206088491805181,-0.045555738223032,-0.0015456467536449,0,Bear,0.9766934954648556,0.9533900605558879,0.11067295112446518,0.15062172271259996,0.9958722905208947,0.6,0.6,0.0001918620583918019,0.40357892968490716,8.071578593698143e-05,0.00011114627245482046,0.00031977009731966983,1.0100241862406143,0.8437870727226687
2018-11-12,-0.0062585574452049195,-1.0839061796467058,0.6122243149551402,-0.0049259157341808,0,Bear,0.8950482836079808,0.7901298779066491,0.33613037236443755,0.15250790585533175,0.9835555682096196,0.6,0.6,-0.0037551344671229517,0.0,0.0,-0.0037551344671229517,-0.0062585574452049195,1.0062314096062344,0.8385061828565127
2018-11-13,-0.001850602522267611,-0.9817051419007587,0.932847353783061,-0.0029417039437514,0,Bear,0.7157337247674425,0.4315723641277275,0.5978718425109288,0.1515314367072827,0.9898936039902992,0.6,0.6,-0.0011103615133605665,0.0,0.0,-0.0011103615133605665,-0.001850602522267611,1.005114128975473,0.8369544411995814
2018-11-14,-0.10277649273173681,1.1455607603457965,3.623223746153665,-0.021375375225236,2,Bull,0.8645005112849761,0.7290010225699511,0.3967088709356429,0.46052462624352164,0.32571548067590467,0.32571548067590467,0.6,-0.06166589563904208,0.0,0.0,-0.06166589563904208,-0.10277649273173681,0.9431328659927448,0.7509351991568377
2018-11-15,-0.015864955827275286,1.7860531012923473,2.49881525639982,-0.0252861676858329,2,Bull,0.9998668634823964,0.9997337270097095,0.0013212566927495195,0.4615741955983593,0.32497483921419884,0.32497483921419884,0.32571548067590467,-0.005167461713182965,0.2742845193240953,5.485690386481906e-05,-0.005222318617047784,-0.015864955827275286,0.9382075256683212,0.7390216453930682
2018-11-16,-0.012915841594389046,1.6849003674526548,0.7288103352256898,-0.0279332900241747,2,Bull,0.9999865754375455,0.9999732088455843,0.00016440040183889152,0.4609131164541248,0.32544094460572737,0.32544094460572737,0.32497483921419884,-0.004197323545452642,0.0007406414617058266,1.4812829234116532e-07,-0.004197471673744983,-0.012915841594389046,0.9342694261552341,0.7294765588863465
2018-11-17,-0.0038131143366994845,1.5475239128695484,-0.2754220554522374,-0.0274442014024736,2,Bull,0.9999779537090095,0.9999575297534247,0.00026422869928839003,0.459687594587796,0.32630856643957445,0.32630856643957445,0.32544094460572737,-0.0012409435316251217,0.00046610539152852626,9.322107830570526e-08,-0.0012410367527034274,-0.0038131143366994845,0.9331099634604484,0.7266949813613708
2018-11-18,0.012383547969032271,1.4230596796923545,-0.4175754635190774,-0.0245973713042136,2,Bull,0.9999520517445247,0.999916311919883,0.0005520145885109662,0.46127118010496854,0.3251883197338829,0.3251883197338829,0.32630856643957445,0.004040857785210624,0.0008676218338470876,1.7352436676941754e-07,0.0040406842608438544,0.012383547969032271,0.9368803662034395,0.7356940435219143
2018-11-19,-0.14356147255391308,1.7663062701889982,2.062591345539893,-0.0327543672686489,2,Bull,0.9999920078380938,0.9999840156761892,0.00010179652792497981,0.7456666333315948,0.20116227989149627,0.20116227989149627,0.3251883197338829,-0.04668451403832894,0.0011202467056915522,2.2404934113831044e-07,-0.046684738087670076,-0.14356147255391308,0.8931423516877516,0.6300767232847656
2018-11-20,-0.09007563428611133,2.215333832437329,2.524088599167373,-0.0475965029604161,2,Bull,0.999998806463795,0.9999976129276036,1.7471686339348144e-05,0.8125888437279066,0.18459519984528255,0.18459519984528255,0.20116227989149627,-0.018119819955666784,0.12402603984238664,2.480520796847733e-05,-0.018144625163635263,-0.09007563428611133,0.8769366184986096,0.5733221627859757
2018-11-21,0.033203655465095516,2.0004438498304635,0.7675261641340149,-0.0383726035485192,2,Bull,0.9999971959362973,0.9999943918727393,3.8652448967588633e-05,0.8337658834079827,0.17990661765492413,0.17990661765492413,0.18459519984528255,0.006129235416173215,0.01656708004621371,3.3134160092427426e-06,0.006125922000163972,0.033203655465095516,0.8823086638226196,0.5923585543496246
2018-11-22,-0.052694412359316274,1.7630016979581995,-0.3759794786086201,-0.0481488631530425,2,Bull,0.9999945852951495,0.9999891705902966,7.107552480069714e-05,0.8435271503699419,0.17782474450788593,0.17782474450788593,0.17990661765492413,-0.009480073496878422,0.00468858219035842,9.37716438071684e-07,-0.009481011213316494,-0.052694412359316274,0.8739434854873112,0.561144568422157
2018-11-23,-0.004322277012643036,1.6373766659992997,-0.2051154223633655,-0.0514900281493776,2,Bull,0.9999894408178556,0.999978881635736,0.00013155167063661963,0.843507472556905,0.17782889290276044,0.17782889290276044,0.17782474450788593,-0.0007686078054655564,0.002081873147038199,4.163746294076398e-07,-0.000769024180094964,-0.004322277012643036,0.873271401814935,0.5587191461532964
2018-11-24,-0.11348021178490733,1.7353825385808093,-0.3629153725490477,-0.0454737759955764,2,Bull,0.9999954319366993,0.9999908638734044,6.073888334366581e-05,0.9280090710275429,0.1616363510691891,0.1616363510691891,0.17782889290276044,-0.02018006042808086,4.14839487450358e-06,8.296789749007162e-10,-0.020180061257759833,-0.11348021178490733,0.8556487314316598,0.4953155791195378
2018-11-25,0.03275273942871904,1.9259260003266925,1.1402532811225667,-0.0209081012526104,2,Bull,0.9999947461747807,0.9999895629537389,6.949662714738463e-05,0.9513276584605976,0.15767438134062486,0.15767438134062486,0.1616363510691891,0.005294033288778104,0.016192541833571328,3.2385083667142657e-06,0.00529079478041139,0.03275273942871904,0.8601757932737839,0.511538521217425
2018-11-26,-0.059289959286095456,1.848514042256215,0.8048203882814757,-0.0394068242028486,2,Bull,0.9999949289219898,0.9999898578439791,6.689743090161676e-05,0.9530019874477765,0.15739736325389336,0.15739736325389336,0.15767438134062486,-0.009348507650145938,0.003961969728564246,7.923939457128494e-07,-0.00934930004409165,-0.059289959286095456,0.8521337516918027,0.48120942312117443
2018-11-27,0.010945085463912742,1.6710620354239858,0.4147059040530348,-0.0266789246382028,2,Bull,0.9999861107279393,0.9999726850471423,0.0001712641804364474,0.9532310887678775,0.1573595340809606,0.1573595340809606,0.15739736325389336,0.0017227275926083817,0.00027701808673150086,5.5403617346300174e-08,0.0017226721889910355,0.010945085463912742,0.8536016988071429,0.48647630138327586
2018-11-28,0.10822444579237071,1.6768608298618273,1.2149006268017672,-0.0041695800772,2,Bull,0.9999875873125613,0.9999751746251132,0.0001526361515528777,1.1138744752006537,0.13466508420796602,0.13466508420796602,0.1573595340809606,0.01703014836605763,3.782917293276844e-05,7.565834586553688e-09,0.017030140800223043,0.10822444579237071,0.8681386559251382,0.5391249294916032
2018-11-29,0.005020181260204391,1.5508527548079776,0.5955975128601745,0.0195304985318222,2,Bull,0.999923872082007,0.9998731084105149,0.0008465017031569881,1.118612255180718,0.13409472255045754,0.13409472255045754,0.13466508420796602,0.0006760431321446773,0.02269444987299457,4.538889974598914e-06,0.0006715042421700784,0.005020181260204391,0.8687216147153838,0.541831434359546
2018-11-30,-0.06308129823555883,1.4631630628950658,0.1970938363554472,0.0003636909989667,2,Bull,0.9999661436071277,0.9999324511965557,0.000383390259791642,1.1277582224238263,0.13300723241690365,0.13300723241690365,0.13409472255045754,-0.008458869185019927,0.0005703616575084836,1.1407233150169671e-07,-0.008458983257351428,-0.06308129823555883,0.8613731131212071,0.5076520040553107
2018-12-01,0.04796953376593715,1.414139491626027,-0.3865544011179055,0.0218155896093732,2,Bull,0.9999642021662584,0.9999285449773961,0.0004032013823632562,1.1647408104725345,0.12878401671110426,0.12878401671110426,0.13300723241690365,0.00638029492653651,0.0010874901335538867,2.1749802671077734e-07,0.006380077428509799,0.04796953376593715,0.8668687402777571,0.5320038340051877
2018-12-02,-0.017905439628711557,1.336639643332525,-0.5345779997847767,0.0160454845908483,2,Bull,0.9986681763971507,0.9973914018553982,0.010378501013280141,1.1629753620013548,0.1289795165925667,0.1289795165925667,0.12878401671110426,-0.002305934436363658,0.0042232157057993935,8.446431411598788e-07,-0.0023067790795048178,-0.017905439628711557,0.8648690656030076,0.5224780714731647
2018-12-03,-0.06119579004793354,1.302235689561087,-0.7196714587842497,-0.0178385625772124,2,Bull,0.9999431535962499,0.9998863241911515,0.0006126822831438299,1.1712615779274718,0.12806703713906722,0.12806703713906722,0.1289795165925667,-0.007893003417882672,0.00019549988146244646,3.9099976292489296e-08,-0.007893042517858965,-0.06119579004793354,0.8580426172958221,0.4905046131066437
2018-12-04,0.015988811461090185,1.0755273660237004,-0.6924746124365398,-0.0156448365370353,2,Bull,0.9966632022704337,0.9935041643712152,0.023054316311352834,1.127918438888432,0.13298833925246012,0.13298833925246012,0.12806703713906722,0.0020476397111969806,0.0009124794534994818,1.8249589069989636e-07,0.0020474572153062805,0.015988811461090185,0.8597994228436446,0.49834719888640083
2018-12-05,-0.05263875080027785,0.869991410997789,-0.3870768131270246,-0.0135563270499791,2,Bull,0.9995214965421757,0.9990477345859586,0.004163071426639891,1.137117278363853,0.13191251496576348,0.13191251496576348,0.13298833925246012,-0.007000340049253057,0.004921302113392895,9.84260422678579e-07,-0.007001324309675736,-0.05263875080027785,0.8537796882430443,0.4721148248722031
2018-12-06,-0.06404661855090774,0.8933969386848757,0.105249685294751,-0.0359595575133481,2,Bull,0.9996459675829991,0.9992919351659978,0.0031671545445541758,1.151519576402821,0.13026265733890352,0.13026265733890352,0.13191251496576348,-0.008448550528103161,0.0010758242866966417,2.1516485733932835e-07,-0.0084487656929605,-0.06404661855090774,0.8465663037036699,0.44187746677138445
2018-12-07,-0.029151749215485624,0.921451680718172,0.881934096193517,-0.0382088194307029,2,Bull,0.9996170026582673,0.9992340053182239,0.0033961489101440503,1.1485008413911026,0.1306050414541403,0.1306050414541403,0.13026265733890352,-0.0037973843188864533,0.0016498576268599574,3.299715253719915e-07,-0.0037977142904118254,-0.029151749215485624,0.8433512867543134,0.428995965676091
2018-12-08,0.016293013151101775,0.9038126639565136,-0.6376950207591718,-0.0227110587908958,2,Bull,0.9995085863473938,0.9991247506403447,0.00449324573168962,1.1510149221497852,0.13031977006852394,0.13031977006852394,0.1306050414541403,0.002127949658012501,0.00034238411523679346,6.84768230473587e-08,0.0021278811811894535,0.016293013151101775,0.8451458380865299,0.43598560258662117
2018-12-09,0.03896482421444885,0.7741055268251058,-0.8993186851131381,-0.0181158562402241,2,Bull,0.9992784939825048,0.9986063413392054,0.00612075054999451,1.0463027541069523,0.14336194701889038,0.14336194701889038,0.13031977006852394,0.005077886932387428,0.00028527138561637577,5.705427712327516e-08,0.005077829878110305,0.03896482421444885,0.8494373448745262,0.45297370495143946
2018-12-10,-0.03135850250725668,0.3048644002199707,-0.8120262318922791,-0.0138598065816198,2,Bull,0.9876021625358797,0.9809836979505909,0.07531517187275702,0.9940494797406692,0.15089792113681552,0.15089792113681552,0.14336194701889038,-0.004495615975037073,0.013042176950366441,2.6084353900732884e-06,-0.004498224410427147,-0.03135850250725668,0.8456163850746832,0.4387691278889984
2018-12-11,-0.022540327664477524,0.0691857212716235,-1.0993583920996155,-0.0055585484043338,2,Bull,0.628050554753866,0.2743243129257135,0.7327166955416246,0.9736790033602613,0.15405487792417763,0.15405487792417763,0.15089792113681552,-0.0034012885863123105,0.007535974117925143,1.5071948235850286e-06,-0.0034027957811358957,-0.022540327664477524,0.8427389252070917,0.4288791279773233
2018-12-12,0.018046272769709704,-0.0535316652731862,-1.6834505520270346,0.0038810559927052,0,Bear,0.9068873500696646,0.832500247513166,0.3564170661535903,0.9676374540221626,0.1550167362543662,0.6,0.15405487792417763,0.0027801163485240395,0.0031569567873621085,6.313913574724217e-07,0.002779484957166567,0.018046272769709704,0.8450813053725235,0.43661879770603734
2018-12-13,-0.05096896140814731,-0.3535418650436179,-1.3650190077435342,-0.0095713389191445,1,Chop,0.9097797447322695,0.8395438490843934,0.350756301125503,0.9816486507516547,0.15280416255362245,0.15280416255362245,0.6,-0.030581376844888382,0.4459451220758224,8.918902441516447e-05,-0.030670565869303546,-0.05096896140814731,0.8191621835311785,0.41436479105568663
2018-12-14,-0.021718554248833184,-1.5472941418734505,-1.2877719975782185,-0.0217080146118009,1,Chop,0.998161281553839,0.9963546890047916,0.0135804002188154,0.8746831738376011,0.1714906659766727,0.1714906659766727,0.15280416255362245,-0.0033186854938683733,0.44719583744637753,8.943916748927551e-05,-0.003408124661357649,-0.021718554248833184,0.8163703766918343,0.40536538686233725
2018-12-15,-0.0017666084928983055,-2.843224312640761,-1.9107400396141736,-0.0157896358089293,1,Chop,0.7821838094514632,0.5643676269480914,0.5241302040236887,0.8552556244932167,0.17538616023587425,0.17538616023587425,0.1714906659766727,-0.0003029568669671765,0.018686503423050255,3.737300684610051e-06,-0.00030669416765178654,-0.0017666084928983055,0.8161200006586592,0.40464926492717923
2018-12-16,0.004954827235499686,-2.8109159609127907,-1.5194518272606528,-0.0102906048289338,2,Bull,1.0,1.0,6.362070266294435e-117,0.8287797809161692,0.18098897132140876,0.18098897132140876,0.17538616023587425,0.0008690081234664218,0.0038954942592015485,7.790988518403098e-07,0.0008682290246145814,0.004954827235499686,0.8168285797307995,0.4066542321258654
2018-12-17,0.08625387653959106,-2.1996484983788505,0.2095282329202824,0.0033509159250423,2,Bull,0.5625023123014109,0.12500462468795687,0.6853136281396561,0.9185554196614826,0.16329989109996199,0.16329989109996199,0.18098897132140876,0.015611000387384378,0.005602811085534509,1.1205622171069019e-06,0.015609879825167271,0.08625387653959106,0.8295791756981594,0.44172973605795196
2018-12-18,0.04148507479472932,-2.228518845498851,0.9053372342608764,0.0218417231656177,2,Bull,0.6951333616177258,0.3902667233862555,0.6149315792390297,0.7987187583920634,0.18780077270499035,0.18780077270499035,0.16329989109996199,0.006774508196253076,0.017689080221446773,3.537816044289355e-06,0.006770970380208787,0.04148507479472932,0.8351962317248497,0.4600549271973721
2018-12-19,0.013408299801074757,-1.780054477066432,1.8786578998392165,0.0288670939755993,1,Bear,0.6064136247917518,0.21282724968033828,0.6703253155833157,0.8019551739579777,0.1870428733063576,0.6,0.18780077270499035,0.0025180890633020076,0.024500881605028363,4.900176321005673e-06,0.002513188886981002,0.013408299801074757,0.837295237612869,0.4662234815861961
2018-12-20,0.09867679132172595,-1.5010136812257129,3.000223070949819,0.0489557739385241,1,Bear,0.999999996122078,0.9999999922441566,7.898537347336023e-08,0.8774636613589223,0.1709472501319268,0.6,0.6,0.059206074793035565,0.41219922729500963,8.243984545900194e-05,0.05912363494757656,0.09867679132172595,0.8867991755848366,0.5122289187879657
2018-12-21,-0.05926230044008081,-1.350886466213954,1.4161327939593638,0.036112348403408,1,Bear,0.9999766583201639,0.9999533169322885,0.00027229031214207587,0.8877404044548779,0.16896831466413692,0.6,0.6,-0.035557380264048484,0.0,0.0,-0.035557380264048484,-0.05926230044008081,0.8552669200807218,0.48187305470865555
2018-12-22,0.029743814670969634,-1.2500115461726506,0.1554548696089408,0.0248103360296837,1,Bear,0.946595788431976,0.8932263399766552,0.20870909922292824,0.8966173243054762,0.16729545139693866,0.6,0.6,0.01784628880258178,0.0,0.0,0.01784628880258178,0.029743814670969634,0.8705302605397771,0.49620579754284383
2018-12-23,-0.0037943596349006648,-1.2378939210962192,0.5356707757630443,0.0157544491437577,2,Bull,0.5742946628984966,0.14865439581605588,0.6827035736444678,0.8558576454169907,0.17526279142709186,0.17526279142709186,0.6,-0.0022766157809403988,0.0,0.0,-0.0022766157809403988,-0.0037943596349006648,0.8685483976108461,0.4943230142940436
2018-12-24,0.01971419201541739,-1.0319643917575676,1.2410728506478343,0.0170156275866263,2,Bull,0.7853104147007159,0.5706253181425387,0.5201569542628889,0.8572304090298757,0.1749821266487203,0.1749821266487203,0.17526279142709186,0.003455164323351738,0.4247372085729081,8.494744171458162e-05,0.003370216881637156,0.01971419201541739,0.8714755940829931,0.5040681931154762
2018-12-25,-0.06668429052768687,-0.8239717194519486,0.4036939489388759,-0.0160565887832562,1,Bear,0.9163792327393341,0.8327809013109375,0.28773161067444086,0.8761665921864772,0.17120031890930057,0.6,0.1749821266487203,-0.011668558970595762,0.00028066477837157544,5.6132955674315094e-08,-0.011668615103551437,-0.06668429052768687,0.8613066808034998,0.47045476327999763
2018-12-26,0.010897550330662953,-0.9965076650483012,-0.1914798292332697,-0.0020246186291075,2,Bull,0.8523980251370168,0.7065251651030661,0.4279349844653675,0.8266885808723615,0.1814468029081916,0.1814468029081916,0.6,0.006538530198397771,0.4250178733512797,8.500357467025595e-05,0.006453526623727515,0.010897550330662953,0.8668651463992596,0.4755815677411415
2018-12-27,-0.0539162995271533,-1.0796519726725269,-0.2798133293900137,-0.0187566414687321,2,Bull,0.5489886970137721,0.09800742022259523,0.6886584791816478,0.8524565345117427,0.17596205076416563,0.17596205076416563,0.1814468029081916,-0.009782940173842408,0.4185531970918084,8.371063941836168e-05,-0.009866650813260769,-0.0539162995271533,0.8583120906975519,0.44993996948521703
2018-12-28,0.07104028607292981,-0.9502417141538276,0.0872727609604826,-0.003789712327166,1,Bear,0.7976351906462767,0.5953469906015472,0.5043435286128927,0.899259298622689,0.16680394656996142,0.6,0.17596205076416563,0.012500394424265723,0.005484752144025967,1.0969504288051935e-06,0.012499297473836917,0.07104028607292981,0.8690403888445715,0.48190383363309214
2018-12-29,-0.026733418957821234,-0.9860860300495878,-0.3991605512257705,-0.0130792345218137,2,Bull,0.7050872979826254,0.4111234862959313,0.6128852015601662,0.8968710734960252,0.16724811896909145,0.16724811896909145,0.6,-0.016040051374692738,0.4240379492358344,8.480758984716688e-05,-0.016124858964539905,-0.026733418957821234,0.8550272351399639,0.4690208965511985
2018-12-30,0.011850725299472748,-0.9891559468183896,-0.5545942814477796,0.0026277686436181,2,Bull,0.9913902827575615,0.9829356216430424,0.05028706978400454,0.8841869166727863,0.16964738696253628,0.16964738696253628,0.16724811896909145,0.00198201151475624,0.43275188103090856,8.655037620618172e-05,0.0018954611385500581,0.011850725299472748,0.8566479060365736,0.47457913435593924
2018-12-31,-0.03240073596075585,-0.9415002633760332,-0.6347334099711932,-0.0060318886146655,2,Bull,0.993720354156353,0.9874753146024924,0.0383149648057848,0.8910497219647838,0.1683407741480989,0.1683407741480989,0.16964738696253628,-0.005496700191405313,0.002399267993444837,4.798535986889674e-07,-0.005497180045004001,-0.03240073596075585,0.8519387582619149,0.45920242113118837
2019-01-01,0.026581224952000385,-0.9176108155788688,-0.9024943182514212,0.0100676162811651,2,Bull,0.9964080354239717,0.9928498661130936,0.023996204460236193,0.894293240801892,0.1677302177365206,0.1677302177365206,0.1683407741480989,0.0044747039862245075,0.0013066128144373912,2.6132256288747823e-07,0.00447444266366162,0.026581224952000385,0.8557507093887089,0.4714085839857797
2019-01-02,0.025657066653891034,-1.0703978559431582,-0.24302448355711,0.0009909723973574,2,Bull,0.997821728239569,0.9956516430539927,0.015580895335830902,0.8617012436241742,0.17407425265991794,0.17407425265991794,0.1677302177365206,0.0043034653763375655,0.0006105564115782836,1.2211128231565672e-07,0.00430334326505525,0.025657066653891034,0.8594332984405231,0.48350354544631924
2019-01-03,-0.02742232180619206,-1.3458798566507315,-0.8072516598874959,0.0008531918276832,2,Bull,0.9986429559380575,0.9972867271926564,0.010322796053500314,0.865903392859707,0.17322948638024668,0.17322948638024668,0.17407425265991794,-0.004773520174612654,0.006344034923397329,1.2688069846794659e-06,-0.004774788981597333,-0.02742232180619206,0.8553296857967114,0.4702447556286555
2019-01-04,0.005452331614920808,-1.3711721279169915,-0.6489448043694657,-0.0004264869092271,2,Bull,0.9994439151467186,0.9988884284382307,0.004728244050680935,0.8648213783672608,0.17344622109503402,0.17344622109503402,0.17322948638024668,0.0009445046052275125,0.0008447662796712552,1.6895325593425105e-07,0.0009443356519715782,0.005452331614920808,0.8561374041131989,0.4728086859765203
2019-01-05,-0.003251487248933267,-1.2802080188930631,-0.4984429043869088,0.0054033628331373,2,Bull,0.9992248120421717,0.9984509585979464,0.006336924479379208,0.8662271966564575,0.1731647315842583,0.1731647315842583,0.17344622109503402,-0.0005639581762661634,0.00021673471478733664,4.334694295746733e-08,-0.0005640015232091208,-0.003251487248933267,0.8556545413132028,0.4712713545628827
2019-01-06,0.058447089054905726,-1.730670593508194,-0.1003775276962758,0.0117765356537184,2,Bull,0.9757625955534096,0.9515252115198989,0.11410128995729668,0.8253767204784516,0.18173519591520404,0.18173519591520404,0.1731647315842583,0.01012097448807399,0.00028148951077572315,5.629790215514463e-08,0.010120918190171836,0.058447089054905726,0.8643145509248827,0.4988157933920456
2019-01-07,-0.012684700557385667,-1.845401151009196,-0.3952566543059166,0.0041081822114631,2,Bull,0.9993930229900128,0.9987860548059412,0.005102790531312609,0.8142317436968198,0.1842227365380791,0.1842227365380791,0.18173519591520404,-0.002305256540922182,0.008570464330945743,1.7140928661891486e-06,-0.002306970633788371,-0.012684700557385667,0.8623206026375431,0.4924884644195728
2019-01-08,0.0013901547706836324,-2.373831950995217,-0.2669921814776045,0.0098706775268382,2,Bull,0.9995797464832162,0.9991594929864748,0.0036874905758925835,0.8132575351603083,0.1844434186157675,0.1844434186157675,0.1842227365380791,0.00025609811606680456,0.0024875406228750674,4.975081245750135e-07,0.0002556006079422296,0.0013901547706836324,0.8625410123078183,0.4931730996078923
2019-01-09,0.0011030020343775215,-2.709043301080845,-0.3778727825532079,0.0090008116107295,2,Bull,0.9996284889285912,0.9992569778576391,0.003305611201134139,0.6920630669927903,0.2167432523914221,0.2167432523914221,0.1844434186157675,0.00020344146596073636,0.00022068207768838333,4.4136415537676665e-08,0.00020339732954519868,0.0011030020343775215,0.862716450846345,0.49371707054006014
2019-01-10,-0.0924592824929815,-2.2162804200874864,1.9959268529820489,-0.00884074743808,1,Bear,0.9852535849067467,0.970507169813511,0.0768191718491104,0.7570353033915291,0.19814135394742863,0.6,0.2167432523914221,-0.020039925601306085,0.032299833775654596,6.45996675513092e-06,-0.020046385568061216,-0.0924592824929815,0.8454221042367698,0.44806834444338944
2019-01-11,0.002291770109090111,-1.9932488956669463,0.2001508778193248,-0.0200718112272431,1,Bear,0.5479928056935844,0.09598574890942319,0.6885356630215426,0.7432720078459013,0.20181037146107447,0.6,0.6,0.0013750620654540665,0.38325674760857786,7.665134952171557e-05,0.0012984107159323508,0.002291770109090111,0.8465198093563969,0.4490952140820143
2019-01-12,-0.0070936849314874395,-1.796411899095261,-0.7445110742618909,-0.0189536081020635,2,Bull,0.9576829384095037,0.9153661437286202,0.1752427083919783,0.743367121831318,0.20178454978001759,0.20178454978001759,0.6,-0.0042562109588924636,0.0,0.0,-0.0042562109588924636,-0.0070936849314874395,0.8429168424668947,0.4459094741290776
2019-01-13,-0.030039431790895278,-2.0940173041036085,-0.8742798432934188,-0.0252395254143793,2,Bull,0.9619580824268164,0.9239161660125728,0.16167055419604318,0.7427339200997686,0.20195657683151333,0.20195657683151333,0.20178454978001759,-0.006061493219573351,0.3982154502199824,7.964309004399648e-05,-0.0061411363096173475,-0.030039431790895278,0.8377403752396333,0.4325146068960632
2019-01-14,0.04218810159294485,-2.0763446413141486,0.8744298455776002,-0.0170225055026658,2,Bull,0.964974513253334,0.9299490266372662,0.1517990060218058,0.719647127864205,0.20843548760512037,0.20843548760512037,0.20195657683151333,0.008520164580731257,0.00017202705149574338,3.440541029914868e-08,0.008520130175320958,0.04218810159294485,0.8448780322897973,0.4507615770722269
2019-01-15,-0.020548563372547957,-1.8489938902526315,0.642592235784,-0.0026403616785791,2,Bull,0.9979303369602497,0.995860676021741,0.014858833166261633,0.7218131764049877,0.20781000528014676,0.20781000528014676,0.20843548760512037,-0.00428304982614175,0.006478910773607044,1.2957821547214089e-06,-0.0042843456082964715,-0.020548563372547957,0.8412582828026103,0.4414990742398486
2019-01-16,0.006679301401546422,-1.747083833680363,0.3615951150696826,-0.0017628554200878,2,Bull,0.9993024527970421,0.998604911932612,0.005767115258394763,0.6852359409720268,0.21890270347936028,0.21890270347936028,0.20781000528014676,0.0013880256595230538,0.0006254823249736141,1.2509646499472282e-07,0.001387900563058059,0.006679301401546422,0.8424258656469894,0.4444479796252003
2019-01-17,0.006424485580328479,-1.8216323636080871,0.506770259140158,0.0009407786822753,2,Bull,0.999308732290461,0.9986174667133444,0.00572140155726786,0.6077717464870169,0.24680318041602853,0.24680318041602853,0.21890270347936028,0.0014063372619980707,0.011092698199213519,2.2185396398427037e-06,0.001404118722358228,0.006424485580328479,0.8436087315771431,0.44730332926150845
2019-01-18,-0.005649816019732142,-1.6634090945482296,-0.3278420627983393,0.0058187018365079,2,Bull,0.9994802065156199,0.9989604477656612,0.0044507463966133925,0.5987141475138376,0.2505369225412085,0.2505369225412085,0.24680318041602853,-0.00139439256243532,0.02790047693666825,5.58009538733365e-06,-0.0013999726578226537,-0.005649816019732142,0.8424277024190346,0.44477614774616725
2019-01-19,0.01915170905873867,-1.4841340950364532,1.2491426662878864,0.0012114233296666,2,Bull,0.997091362707156,0.9941827313167689,0.01989113348677664,0.6027981407232855,0.24883952000916587,0.24883952000916587,0.2505369225412085,0.004798210248980972,0.0037337421251799896,7.467484250359979e-07,0.004797463500555936,0.01915170905873867,0.8464692185732471,0.45329437112406845
2019-01-20,-0.03480896076891464,-1.2989552495923835,0.5251022051009248,-0.0016406561496066,2,Bull,0.993706208668655,0.9874127800673443,0.0381759877969436,0.6052288574622957,0.24784013212612657,0.24784013212612657,0.24883952000916587,-0.008661845089754604,0.0016974025320426467,3.3948050640852934e-07,-0.008662184570261014,-0.03480896076891464,0.839136945968921,0.43751566514284096
2019-01-21,-0.006961443903655484,-1.2665384498699843,-0.6204717981704211,-0.004368805210647,2,Bull,0.9991089227818764,0.9982195785217729,0.0071613356450252845,0.5916857824851781,0.25351293615671344,0.25351293615671344,0.24784013212612657,-0.0017253251768705935,0.0009993878830392988,1.9987757660785978e-07,-0.0017255250544472014,-0.006961443903655484,0.8376889941445392,0.43446992438297855
2019-01-22,0.00795053055647093,-1.1868114018285874,-0.0262812867567093,-0.0040635962154185,2,Bull,0.998723522798307,0.9974492433457414,0.009797844238127748,0.5795735998179283,0.2588109604149018,0.2588109604149018,0.25351293615671344,0.002015562345374614,0.00567280403058687,1.134560806117374e-06,0.0020144277845684966,0.00795053055647093,0.8393764581291712,0.437924190792653
2019-01-23,-0.005411671839448025,-1.101977918908608,0.1282143035673707,-0.0040159673793617,2,Bull,0.9982681161141038,0.9965400023374539,0.012769522066261633,0.5703995302816842,0.26297356858958926,0.26297356858958926,0.2588109604149018,-0.0014005999862178216,0.005298024258188372,1.0596048516376745e-06,-0.0014016595910694592,-0.005411671839448025,0.8381999380661166,0.43555428878152735
2019-01-24,0.004381431105509742,-1.0591379213832286,-0.2805825936484238,-0.0069700229700074,2,Bull,0.9983444404025488,0.9966976004041859,0.012310199076214664,0.5700988265486654,0.2631122763540639,0.2631122763540639,0.26297356858958926,0.001152200573345326,0.004162608174687443,8.325216349374886e-07,0.0011513680517103884,0.004381431105509742,0.8391650146957516,0.4374626398905329
2019-01-25,-0.00030542026954499585,-1.0266721250252593,-0.2897542922494301,-6.931487013356615e-05,2,Bull,0.9987216607111383,0.9974545663743646,0.009858487711785576,0.5702569435425687,0.2630393223590845,0.2630393223590845,0.2631122763540639,-8.035982236465564e-05,0.00013870776447466593,2.7741552894933187e-08,-8.038756391755057e-05,-0.00030542026954499585,0.8390975562644953,0.4373290299331417
2019-01-26,0.0007482631299659863,-1.20967462028446,-0.5963333100305476,0.0014726265365907,2,Bull,0.9992609193827761,0.9985243929377624,0.006084681195578056,0.4990701189638514,0.3005589681694904,0.3005589681694904,0.2630393223590845,0.00019682262665254063,7.29539949794189e-05,1.459079899588378e-08,0.00019680803585354475,0.0007482631299659863,0.8392626974064333,0.4376562671219045
2019-01-27,-0.005147111803203804,-1.1732918788462978,0.3859680537584358,-0.0011469019353442,2,Bull,0.9983504390570531,0.9967021292237443,0.012227581521692437,0.4982217098369608,0.3010707824215174,0.3010707824215174,0.3005589681694904,-0.0015470106126239404,0.0375196458104059,7.5039291620811805e-06,-0.0015545145417860215,-0.005147111803203804,0.8379580513389365,0.4354036013836552
2019-01-28,-0.0321855631491495,-1.1039242498636053,2.5041426709565657,-0.0065016801972845,2,Bull,0.9027589122303513,0.805517824768746,0.318978392730084,0.5094268316157451,0.2944485658995349,0.2944485658995349,0.3010707824215174,-0.009690132679991598,0.0005118142520270097,1.0236285040540195e-07,-0.009690235042842004,-0.0321855631491495,0.8298380408654203,0.42138989127595444
2019-01-29,-0.006456126661071388,-0.9524860333955638,0.6718840666295433,-0.0086691917506007,2,Bull,0.9868352210336852,0.9736837718602744,0.0701892375753881,0.5080004034117163,0.2952753560678383,0.2952753560678383,0.2944485658995349,-0.0019009972366182228,0.006622216521982527,1.3244433043965054e-06,-0.0019023216799226193,-0.006456126661071388,0.8282594219694576,0.4186693447641818
2019-01-30,0.010978782970954,-1.8355638265210523,0.9986730645261112,-0.0064123511025009,2,Bull,0.9981728205062763,0.996345641609995,0.013345852085515227,0.34223513195352057,0.43829515439803446,0.43829515439803446,0.2952753560678383,0.003241764050939962,0.0008267901683033929,1.6535803366067858e-07,0.0032415986929063014,0.010978782970954,0.8309443066291011,0.42326582463693924
2019-01-31,-0.008176606850343018,-1.74416298834377,0.7069129489153789,-0.0081973250985627,2,Bull,0.9984411072294519,0.9968822174665657,0.01163405873849689,0.342229278065187,0.4383026515090517,0.4383026515090517,0.43829515439803446,-0.0035837671619231193,0.14301979833019618,2.860395966603924e-05,-0.0036123711215891585,-0.008176606850343018,0.8279426274121852,0.41980494639569677
2019-02-01,0.00868238253365107,-1.631634652909013,-0.1890221145600181,-0.0054314262311917,2,Bull,0.9993613013823471,0.9987226465816046,0.00533727526357683,0.34541491894368864,0.4342603395901779,0.4342603395901779,0.4383026515090517,0.003805511285915142,7.497111017218394e-06,1.4994222034436789e-09,0.0038055097864929384,0.00868238253365107,0.8310933711834568,0.42344985352982306
2019-02-02,0.009449478125773406,-1.6476801400446195,-1.0429412665061129,0.0028955820237928,2,Bull,0.9996660691464636,0.9993321744038565,0.003007216069962076,0.32538240425356113,0.4609960404715349,0.4609960404715349,0.4342603395901779,0.004103533579848317,0.0040423119188737755,8.084623837747551e-07,0.004102725117464542,0.009449478125773406,0.8345031188323695,0.4274512336581151
2019-02-03,-0.016334438234447555,-1.7686382576479684,-1.009245595073548,0.0009199197091175,2,Bull,0.9996057645755059,0.9992115408357347,0.003484530154759696,0.26926631750061963,0.5570693037002477,0.5570693037002477,0.4609960404715349,-0.007530111349407172,0.026735700881357016,5.347140176271404e-06,-0.007535458489583444,-0.016334438234447555,0.8282147552209802,0.4204690578836882
2019-02-04,-0.0014038013125416823,-1.7123999368187075,-0.3477184167261591,-0.0015565971475815,2,Bull,0.9995804014482352,0.9991608243641456,0.0036826314358246,0.25799729284622436,0.5814014493919724,0.5814014493919724,0.5570693037002477,-0.0007820146197110887,0.09607326322871274,1.9214652645742546e-05,-0.0008012292723568312,-0.0014038013125416823,0.8275511653152993,0.41987880286834794
2019-02-05,0.0020802425249583987,-1.6276600030857158,-0.5567513915286532,0.0004947727274787,2,Bull,0.9996067646361658,0.9992135816031451,0.0034770760848303116,0.2556184854135057,0.5868120208808447,0.5868120208808447,0.5814014493919724,0.0012094560190976293,0.024332145691724705,4.866429138344942e-06,0.0012045895899592844,0.0020802425249583987,0.8285480248341968,0.4207522526094033
2019-02-06,-0.015287693750092953,-1.469275241335154,-0.0021805213937881,-0.00429924252927,2,Bull,0.9989026807045828,0.9978055305435616,0.00857647564224253,0.25763246550508767,0.5822247584594025,0.5822247584594025,0.5868120208808447,-0.008971002464099506,0.005410571488872362,1.0821142977744726e-06,-0.00897208457839728,-0.015287693750092953,0.8211142218781203,0.414319921026849
2019-02-07,-0.004196583300843028,-1.3379988514448131,-1.0456577535296174,-0.0070284548145933,2,Bull,0.9992954193002968,0.9985915288675564,0.005823586390381406,0.2574997713420153,0.5825247891221138,0.5825247891221138,0.5822247584594025,-0.002443354698688094,0.004587262421442251,9.174524842884502e-07,-0.0024442721511723823,-0.004196583300843028,0.8191071952526521,0.4125811929650611
2019-02-08,0.07569393609415692,-0.3167144378785412,3.203011933316117,0.0113772200511275,1,Bear,0.996612506731558,0.993225013468887,0.022648676517220197,0.417389448131022,0.35937659821460977,0.6,0.5825247891221138,0.04409359416107152,0.00030003066271133694,6.000613254226739e-08,0.044093534154938975,0.07569393609415692,0.8552245263430811,0.4438110874190095
2019-02-09,0.0012056010064354034,-0.551593544856105,0.8106001092819648,0.0118991005149229,1,Bear,0.851459451040455,0.707712851282111,0.4413449323108671,0.38842688820646964,0.386173059987204,0.6,0.6,0.000723360603861242,0.01747521087788617,3.4950421755772345e-06,0.0007198655616856648,0.0012056010064354034,0.8558401730271044,0.444346146512669
2019-02-10,0.005157899926351539,-0.4531807504401638,0.8958147028851058,0.0125146319952015,1,Bear,0.6468438716583137,0.2976523851622258,0.6711200863453637,0.3871240491947364,0.3874726985110268,0.6,0.6,0.0030947399558109235,0.0,0.0,0.0030947399558109235,0.005157899926351539,0.8584887758063595,0.4466380394690413
2019-02-11,-0.011380348161982145,-0.5056311467961754,0.809224885995263,0.0132961011128237,2,Bull,0.5817852430049031,0.1657685315348446,0.6934377665761942,0.38980343069104956,0.3848093377066427,0.3848093377066427,0.6,-0.006828208897189287,0.0,0.0,-0.006828208897189287,-0.011380348161982145,0.8526268351092614,0.44155514307749844
2019-02-12,0.0013963105132088508,-0.44592418359914,1.001480097698462,0.0144146798756341,2,Bull,0.7033602530685622,0.4076463669839741,0.614256439671671,0.3888687350774173,0.3857342760408277,0.3857342760408277,0.3848093377066427,0.0005373133238207203,0.21519066229335726,4.3038132458671456e-05,0.0004942751913620489,0.0013963105132088508,0.8530482674013455,0.442171691165939
2019-02-13,-0.0058905436608690425,-0.3539391990422016,0.8551976474085254,-0.001902216075371,2,Bull,0.8830196341162175,0.7681301884919001,0.37135191564249254,0.389600185063515,0.3850100840571882,0.3850100840571882,0.3857342760408277,-0.0022721845945122073,0.0009249383341849993,1.8498766683699986e-07,-0.0022723695821790443,-0.0058905436608690425,0.8511098264663722,0.43956705951352576
2019-02-14,-0.004190873583172263,-0.2824196308383539,0.5563239975435823,-0.0029815109932926,2,Bull,0.9479109887481516,0.8994022017191763,0.21766128413253238,0.3900946291077323,0.3845220846621155,0.3845220846621155,0.3850100840571882,-0.0016135285905302026,0.0007241919836395438,1.4483839672790877e-07,-0.0016136734289269306,-0.004190873583172263,0.8497364131543048,0.4377248895357778
2019-02-15,0.0010859628225890826,-0.3575411004581634,0.2430466356982977,-0.0037958984140451,2,Bull,0.978598115720256,0.9600673797647657,0.11188275627453402,0.3901057963601709,0.38451107725020905,0.38451107725020905,0.3845220846621155,0.0004175766884075091,0.000487999395072658,9.75998790145316e-08,0.0004174790885284946,0.0010859628225890826,0.8500911603375579,0.4382002424923355
2019-02-16,0.002476157344838119,-0.2755429877364164,-0.0112589154159397,-0.001024597312681,2,Bull,0.9815058230873752,0.9682963785342216,0.10318452603963518,0.38943696595439764,0.3851714477910264,0.3851714477910264,0.38451107725020905,0.0009521099281047226,1.1007411906460707e-05,2.2014823812921413e-09,0.0009521077266223413,0.002476157344838119,0.8509005386996487,0.4392852952412928
2019-02-17,0.01206226371912486,-0.8794615296471325,1.5686866280141754,0.0011085933285021,1,Bear,0.9999999995304378,0.9999999990608757,1.0555392050037118e-08,0.36276079012669143,0.4134956259953388,0.6,0.3851714477910264,0.004646039580332493,0.0006603705408173566,1.3207410816347131e-07,0.00464590750622433,0.01206226371912486,0.8548537438994437,0.44458407032042685
2019-02-18,0.06376138183178885,0.490283251946724,3.340777596706673,0.0150389784270337,0,Bull,0.5736542379462052,0.147308475893985,0.6822577023907046,0.4432573854974918,0.3384038369302,0.3384038369302,0.6,0.03825682909907331,0.21482855220897357,4.2965710441794714e-05,0.03821386338863152,0.06376138183178885,0.8875210080860773,0.4729313649844584
2019-02-19,0.007981955101910685,1.0918016109332729,2.5505485246032307,0.0174735441640503,2,Chop,0.978968747943681,0.9579376085155249,0.1020273563428816,0.44284198594358637,0.3387212702526099,0.3387212702526099,0.3384038369302,0.0027011242326911615,0.2615961630698,5.231923261396e-05,0.0026488050000772014,0.007981955101910685,0.8898718781699693,0.4767062819060497
2019-02-20,0.013269765098495359,0.9685259076667077,1.4745693985513717,0.0199103046192315,2,Chop,0.9991772786801433,0.998357720480562,0.006686831648860953,0.4389188179277096,0.34174884710617526,0.34174884710617526,0.3387212702526099,0.004494751690116097,0.0003174333224099102,6.348666448198204e-08,0.004494688203451615,0.013269765098495359,0.8938715748033631,0.4830320622879201
2019-02-21,-0.01149189028232773,0.8760442082757846,0.7787451595348878,0.0171166950937984,2,Chop,0.9992115260619207,0.9987345177494658,0.006951153916730934,0.4460843310156713,0.3362592890417628,0.3362592890417628,0.34174884710617526,-0.003927340255056161,0.0030275768535653613,6.055153707130723e-07,-0.003927945770426874,-0.01149189028232773,0.8903604957318094,0.47748111082526085
2019-02-22,0.012917451356471413,0.7005827590339855,0.7319957377656285,0.0172877326212677,2,Chop,0.9984323876101621,0.9973494834023579,0.012659845926904662,0.44680428110775106,0.33571746364674176,0.33571746364674176,0.3362592890417628,0.0043436130093586316,0.005489558064412481,1.0979116128824962e-06,0.004342515097745749,0.012917451356471413,0.8942268996269613,0.48364894984798007
2019-02-23,0.03363089286305142,1.486822110766001,1.326237690401764,0.0112616348275202,2,Chop,0.9999633305988403,0.9999319826074349,0.0004263806847440513,0.44884789773511535,0.3341889329478859,0.3341889329478859,0.33571746364674176,0.011290478052158931,0.0005418253950210117,1.0836507900420234e-07,0.011290369687079927,0.03363089286305142,0.904323051907881,0.4999144958636448
2019-02-24,-0.08356456820529345,3.6142257810053753,2.140036666876328,-0.0070476698339206,2,Chop,0.9999999624634845,0.9999999249269722,6.793340007789217e-07,0.5977656039092306,0.25093447836248733,0.25093447836248733,0.3341889329478859,-0.02792635388077785,0.00152853069885589,3.05706139771178e-07,-0.02792665958691762,-0.08356456820529345,0.8790683298806471,0.45813935687723234
2019-02-25,0.01878844714597673,2.7823908701281206,1.1396426219252502,-0.0059439334244243,2,Chop,0.9998243282296285,0.9996487496291596,0.0016954672114909966,0.6005410047607611,0.24977478442085038,0.24977478442085038,0.25093447836248733,0.0047146691838168345,0.08325445458539854,1.665089091707971e-05,0.004698018292899755,0.01878844714597673,0.8831982089751352,0.466747083969412
2019-02-26,-0.007325399279809829,2.2388680345636964,0.2429268729076652,-0.0051106352239207,2,Chop,0.990041443849574,0.9800837232931516,0.05581968631002564,0.5961499407038805,0.25161455157219914,0.25161455157219914,0.24977478442085038,-0.0018297000259111526,0.0011596939416369523,2.3193878832739046e-07,-0.00182993196469948,-0.007325399279809829,0.8815820163413662,0.46332797521664915
2019-02-27,-0.000859279158257992,2.0457865747481585,0.3975241263994541,-0.0078659813268666,2,Chop,0.993347646771228,0.9866974809768403,0.03999672132699233,0.5952156597891689,0.25200949862967553,0.25200949862967553,0.25161455157219914,-0.0002162071400804214,0.001839767151348759,3.6795343026975184e-07,-0.00021657509351069115,-0.000859279158257992,0.8813910876337397,0.4629298471441076
2019-02-28,0.0009701838898456305,1.1371839069884675,0.4387245265468708,-0.0143981231215077,2,Chop,0.9973809420741486,0.9948871712324032,0.01868887844410757,0.506727256846912,0.29601723209714115,0.29601723209714115,0.25200949862967553,0.00024449555565858567,0.00039494705747639136,7.898941149527827e-08,0.0002444165662470904,0.0009701838898456305,0.8816065142169001,0.4633789742239356
2019-03-01,0.0012440007407169633,1.0851089180750046,-0.1046769847469376,0.0025635906676943,2,Chop,0.8521962898952898,0.7045310441397268,0.4199843231786326,0.5067253989476707,0.2960183174388115,0.2960183174388115,0.29601723209714115,0.0003682456559938288,0.044007733467465615,8.801546693493124e-06,0.0003594441093003357,0.0012440007407169633,0.8819234024851562,0.4639554180111029
2019-03-02,0.0012509840035555334,0.9563147486903602,-0.2118648203310195,-0.0009439019607899,1,Bear,0.5345007403334876,0.06937051966287983,0.6937685033192551,0.506606873929806,0.2960875734599361,0.6,0.2960183174388115,0.0003703141798753772,1.0853416703704433e-06,2.1706833407408867e-10,0.0003703139628070431,0.0012509840035555334,0.8822499910352228,0.4645358188173977
2019-03-03,-0.004471006548912776,0.8574698934852469,-0.4904326659117142,-0.0003730234146105,1,Bear,0.9022415294289272,0.805016380638948,0.32344080226217253,0.5038733528518836,0.29769385332844406,0.6,0.6,-0.0026826039293476656,0.30398168256118846,6.07963365122377e-05,-0.0027434002658599035,-0.004471006548912776,0.8798296261752618,0.46245887612926057
2019-03-04,-0.02250631409689688,0.9475942806405776,0.7207647369073579,-0.0047024304023383,2,Chop,0.6012284577941033,0.21714070633636046,0.7354011441465297,0.5152363620313357,0.29112852091537217,0.29112852091537217,0.6,-0.013503788458138127,0.0,0.0,-0.013503788458138127,-0.02250631409689688,0.8679485930241884,0.4520506314061975
2019-03-05,0.035213632013154125,0.9910275066473876,1.4061127660831192,0.0021462592223233,2,Chop,0.9967205864895753,0.9939596998687678,0.02346414224985988,0.5335720812800883,0.28112415409767366,0.28112415409767366,0.29112852091537217,0.01025169260404776,0.3088714790846278,6.177429581692557e-05,0.010189918308230834,0.035213632013154125,0.8767929182828487,0.46796897599184933
2019-03-06,0.0019403387629408418,0.904432502621592,0.6031583420790204,0.0022855268267681,2,Chop,0.9478543261613614,0.8961770485211089,0.20745882456454817,0.5325134963616684,0.2816830015104897,0.2816830015104897,0.28112415409767366,0.0005454760933946707,0.010004366817698507,2.0008733635397012e-06,0.000543475220031131,0.0019403387629408418,0.8772694335070341,0.4688769943358201
2019-03-07,0.0019299650258204676,0.819071606539369,0.842258884335695,0.0024213230312211,2,Chop,0.941004807416383,0.882980383072319,0.2291435636296818,0.5324424914913615,0.2817205658771763,0.2817205658771763,0.2816830015104897,0.0005436383412833791,0.0005588474128160326,1.1176948256320651e-07,0.0005435265718008159,0.0019299650258204676,0.8777462527547738,0.46978191053630003
2019-03-08,-0.0026502747112911442,0.7958781175838475,1.6284042582985725,0.0027854693987454,2,Chop,0.9961980937693823,0.9938100419931144,0.02748891585059631,0.5331485484755024,0.2813474789135477,0.2813474789135477,0.2817205658771763,-0.0007466368913949112,3.756436668661545e-05,7.51287333732309e-09,-0.0007466444042682485,-0.0026502747112911442,0.877090888426787,0.46853685941898365
2019-03-09,0.01581381071084786,0.7718318621750891,1.5949266990108617,0.0104494943602944,2,Chop,0.9988238099224421,0.9978043539713984,0.009571147677953215,0.5345309133480763,0.280619878578141,0.280619878578141,0.2813474789135477,0.004449175775513104,0.0003730869636285883,7.461739272571766e-08,0.004449101158120378,0.01581381071084786,0.8809931545142635,0.4759462126248906
2019-03-10,-0.0029599503848159307,0.1528912888663371,0.654379972816811,0.0028147778807004,2,Chop,0.7132572891428393,0.43861966442874734,0.649367344034945,0.46177512464367465,0.32483343513955276,0.32483343513955276,0.280619878578141,-0.0008306209175843683,0.0007276003354066973,1.4552006708133946e-07,-0.0008307664376514496,-0.0029599503848159307,0.8802612549696924,0.4745374354496799
2019-03-11,-0.011804535394846043,-0.1109771276276982,1.0032796087240792,6.580304914304245e-05,1,Bear,0.5575776753135736,0.23693322996688565,0.9468293188080579,0.46331412139062966,0.32375443155019207,0.6,0.32483343513955276,-0.003834507782534277,0.04421355656141174,8.842711312282348e-06,-0.0038433504938465593,-0.011804535394846043,0.8768781024406906,0.46893574149673467
2019-03-12,0.0010055701480762823,-0.2105074904122839,0.6691685711318784,-0.0001190759264057,1,Bear,0.9060888228330086,0.8301703183374831,0.3573725084885449,0.4592395560592492,0.3266269162159185,0.6,0.6,0.0006033420888457694,0.2751665648604472,5.503331297208945e-05,0.0005483087758736799,0.0010055701480762823,0.8773589023996304,0.4694072892797498
2019-03-13,-0.00062410552370009,-0.4244046470797982,0.3089425507314988,0.0002861579111124,1,Bear,0.9757209819959703,0.95173174772435,0.11582600023961023,0.45687709054561554,0.3283158711697839,0.6,0.6,-0.000374463314220054,0.0,0.0,-0.000374463314220054,-0.00062410552370009,0.8770303636772774,0.4691143295976452
2019-03-14,0.00450815746490209,-0.6875108536607485,1.1029517831637152,-0.0019749727380767,1,Bear,0.7359041668772908,0.47239457781789473,0.5814653188699644,0.4534962720311997,0.33076346874507556,0.6,0.6,0.002704894478941254,0.0,0.0,0.002704894478941254,0.00450815746490209,0.8794026382658519,0.47122917086451344
2019-03-15,0.009268473031698707,-2.147537512411979,0.1019002760428957,0.0004707119452261,1,Bear,0.9535054278745199,0.9070108779452349,0.1880617536876914,0.42901424966071994,0.3496387360527662,0.6,0.6,0.0055610838190192245,0.0,0.0,0.0055610838190192245,0.009268473031698707,0.8842930700479149,0.47559674572642097
2019-03-16,0.021928138916455526,-3.679906085890863,0.587757403780366,0.0072172468074865,1,Bear,0.898238893221055,0.7964777866015829,0.32893538245881904,0.23987233245032757,0.6253326445269038,0.6,0.6,0.013156883349873316,0.0,0.0,0.013156883349873316,0.021928138916455526,0.8959276108176367,0.48602569723492417
2019-03-17,-0.005820417128650456,-2.813231393977222,-0.8861801177756804,0.0058520493521411,1,Bear,0.9937266082730334,0.9874532166666907,0.03806879296949147,0.23171999252569508,0.6473330089692918,0.6,0.6,-0.0034922502771902735,0.0,0.0,-0.0034922502771902735,-0.005820417128650456,0.8927988073704164,0.48319682494177374
2019-03-18,0.0018065426803688849,-2.2463930056122727,0.3652597117195694,0.0063381789929549,1,Bear,0.9647440666932139,0.9294881547523055,0.15256271335871274,0.22806452372185518,0.6577086061089371,0.6,0.6,0.0010839256082213308,0.0,0.0,0.0010839256082213308,0.0018065426803688849,0.8937665348607147,0.4840697406290498
2019-03-19,0.009547038273958657,-2.0886619818669754,0.0267138332681764,0.0073459551547662,1,Bear,0.9641696994479105,0.9283394466515424,0.15445896824742786,0.2296582503903142,0.6531443993197216,0.6,0.6,0.005728222964375194,0.0,0.0,0.005728222964375194,0.009547038273958657,0.8988862288504939,0.48869117297010056
2019-03-20,0.003992356946232674,-1.8209810821514152,0.7598877337395822,0.006290731937673,1,Bear,0.8356909677577392,0.6713827858398026,0.4467578563718707,0.22956373555383974,0.6534133086748817,0.6,0.6,0.002395414167739604,0.0,0.0,0.002395414167739604,0.003992356946232674,0.9010394336582683,0.49064220256907026
2019-03-21,-0.014328401790338464,-1.5701041943275291,1.3023205515463996,-0.0009605762036857,0,Bull,0.7832504018902049,0.5665102099651484,0.522867035519793,0.24111044500281975,0.6221215343791754,0.6221215343791754,0.6,-0.008597041074203077,0.0,0.0,-0.008597041074203077,-0.014328401790338464,0.8932931606376315,0.483612083955364
2019-03-22,-0.0013307952232004976,-1.402535944404273,-0.4614915316980921,-6.265182259574996e-05,1,Bear,0.9002927796850756,0.8005870235496851,0.3244569526172677,0.24154765492206137,0.6209954720876902,0.6,0.6221215343791754,-0.0008279163662019708,0.02212153437917541,4.424306875835083e-06,-0.0008323406730778059,-0.0013307952232004976,0.8925496364070507,0.48296849530415414
2019-03-23,0.002942547131099483,-1.2652202780601904,-0.2873407789718586,0.0001645490675503,1,Bear,0.9856563800519205,0.971314130383668,0.07513508666085061,0.2397886543900418,0.6255508642873863,0.6,0.6,0.0017655282786596897,0.02212153437917541,4.424306875835083e-06,0.0017611039717838545,0.002942547131099483,0.8941215091167413,0.48438965286442287
2019-03-24,-0.003389978979623323,-1.364299267440918,-0.9760055715747914,-0.002422854383166,1,Bear,0.992766749496069,0.9855341479515729,0.04286689832960071,0.21419512013380215,0.7002960660648986,0.6,0.6,-0.0020339873877739936,0.0,0.0,-0.0020339873877739936,-0.003389978979623323,0.8923028772440604,0.4827475821232654
2019-03-25,-0.01480199577543759,-1.2981985337344752,0.8937153714667188,-0.0061817249275,1,Bear,0.6343877875166105,0.268814096757055,0.6569703669764657,0.17407207191801066,0.8617120388539478,0.6,0.6,-0.008881197465262553,0.0,0.0,-0.008881197465262553,-0.01480199577543759,0.884378159192434,0.4756019544520741
2019-03-26,0.005538472822803469,-1.1803159270001045,1.281919898978605,-0.0022083500048716,0,Bull,0.796106614995659,0.5922624830713457,0.5062121047308324,0.17518071867278626,0.8562586175946657,0.8562586175946657,0.6,0.003323083693682081,0.0,0.0,0.003323083693682081,0.005538472822803469,0.887317021832295,0.4782360629512791
2019-03-27,0.02526980216177766,-1.0370300877349257,1.3936748481560175,0.0031117694721239,0,Bull,0.9940673383445926,0.9882107698476597,0.036740545136800105,0.20356396581518926,0.7368691182612414,0.7368691182612414,0.8562586175946657,0.021637485865934437,0.2562586175946657,5.125172351893315e-05,0.021586234142415502,0.02526980216177766,0.9064708548241178,0.49032099364868537
2019-03-28,-0.004403784140031825,-0.9981346561032078,-0.7315699701649372,0.0016425032178976,1,Bear,0.8067993454800961,0.613619908062162,0.49104545148900214,0.2045015224898585,0.7334908717241393,0.6,0.7368691182612414,-0.0032450125362780895,0.11938949933342435,2.3877899866684872e-05,-0.0032688904361447744,-0.004403784140031825,0.9035077009161393,0.4881617258333306
2019-03-29,0.007166825802505177,-0.9313438734055224,1.509843082528607,0.0037538641743233,0,Bull,0.8782828405273307,0.7568395760316757,0.37227585232090593,0.19655012224907378,0.7631641144944994,0.7631641144944994,0.6,0.004300095481503106,0.13686911826124137,2.7373823652248277e-05,0.004272721657850857,0.007166825802505177,0.9073681378378787,0.49166029588582844
2019-03-30,0.0020196495646784543,0.464034440187659,-0.1897437081369012,0.0071181932423465,1,Bear,0.9135317474371848,0.8404769713328375,0.331600514251448,0.19544212525642907,0.7674906308104923,0.6,0.7631641144944994,0.0015413240716170337,0.1631641144944994,3.263282289889988e-05,0.0015086912487181337,0.0020196495646784543,0.9087370762068003,0.49265327738838394
2019-03-31,-0.00030585716708844994,0.4880026018150135,-1.0661474796051005,0.0059493272443682,1,Bear,0.9942239392271092,0.9910113018910053,0.039496455080824826,0.18586358721360877,0.807043500282863,0.6,0.6,-0.00018351430025306996,0.1631641144944994,3.263282289889988e-05,-0.00021614712315196983,-0.00030585716708844994,0.9085406553020767,0.4925025958526051
2019-04-01,0.012773998435311013,0.5672169993544884,0.4556481539605918,0.0034501664990748,1,Bear,0.9726982556556582,0.9558789118913714,0.14341581257668115,0.1907809598991601,0.7862419817956915,0.6,0.6,0.0076643990611866076,0.0,0.0,0.0076643990611866076,0.012773998435311013,0.9155040734476239,0.49879382324141286
2019-04-02,0.1600419797683949,2.7293821815251347,4.091307666092047,0.0363393192807602,2,Chop,0.999983456768736,0.9999669135374855,0.00019867635353271597,0.696119069519686,0.21548037766512879,0.21548037766512879,0.6,0.09602518786103693,0.0,0.0,0.09602518786103693,0.1600419797683949,1.0034155240879765,0.5786217742092155
2019-04-03,0.018907492969508402,3.2236366527054496,3.074025210363018,0.0386874527141608,2,Chop,0.9999999513351566,0.9999999026703115,8.680985385737436e-07,0.6962091497797289,0.21545249735292613,0.21545249735292613,0.21548037766512879,0.004074193725770438,0.3845196223348712,7.690392446697424e-05,0.003997289801303464,0.018907492969508402,1.007426466728883,0.5895620613370807
2019-04-04,-0.010150461847883017,2.662432097782826,1.628529768997939,0.0362534304316485,2,Chop,0.9999998775951798,0.9999997551906022,2.070594757504954e-06,0.7025016685707925,0.2135226245158508,0.2135226245158508,0.21545249735292613,-0.002186942354411993,2.7880312202660518e-05,5.576062440532104e-09,-0.0021869479304744335,-0.010150461847883017,1.005223277502365,0.5835777341265194
2019-04-05,0.022870127391310363,2.15791177900826,1.1630877446182366,0.0408886273433283,2,Chop,0.9999991110064429,0.9999982220128858,1.327549681387813e-05,0.7027979801380609,0.21343259975012063,0.21343259975012063,0.2135226245158508,0.004883289623604437,0.0019298728370753249,3.85974567415065e-07,0.004882903649037022,0.022870127391310363,1.0101316859121783,0.5969242312487251
2019-04-06,0.004583028638013961,1.9361047212345697,1.0695735291019106,0.0392504333838689,2,Chop,0.9999975163098759,0.9999950326199705,3.4537611702782934e-05,0.6994354802037575,0.2144586659462892,0.2144586659462892,0.21343259975012063,0.0009781677169405742,9.002476573016782e-05,1.8004953146033565e-08,0.0009781497119874282,0.004583028638013961,1.0111197459298227,0.5996599520952625
2019-04-07,0.027116090148746438,1.696387461720214,0.9137264229340152,0.0126652554599392,2,Chop,0.999946338650097,0.9999031401127482,0.0006077766404945643,0.7010957068324821,0.21395081803837174,0.21395081803837174,0.2144586659462892,0.005815280518979476,0.0010260661961685735,2.0521323923371473e-07,0.0058150753057402416,0.027116090148746438,1.0169994833955256,0.6159203854148705
2019-04-08,0.017328472526209032,1.5269104934672522,0.9297546246204196,0.0123494513712793,2,Chop,0.9997377803249037,0.9994987548626663,0.0025029239359358486,0.7012109011820158,0.2139156703741318,0.2139156703741318,0.21395081803837174,0.0037074408723378723,0.0005078479079174691,1.0156958158349383e-07,0.003707339302756289,0.017328472526209032,1.0207698455512006,0.6265933448918641
2019-04-09,-0.016163226787921488,1.3743822802171768,0.3358621917385229,0.0111468983832716,2,Chop,0.9969579305112657,0.9939578263904874,0.020888322318078002,0.7114474550525657,0.21083777717486832,0.21083777717486832,0.2139156703741318,-0.0034575674937473502,3.514766423992621e-05,7.029532847985243e-09,-0.0034575745232801984,-0.016163226787921488,1.01724045773909,0.6164655745545746
2019-04-10,0.02271680293391717,1.2791606850906558,0.4610872720061668,0.011116233491793,2,Chop,0.9986387454810368,0.9973467208106865,0.010617376462920975,0.7025733742411321,0.21350083208322393,0.21350083208322393,0.21083777717486832,0.004789560235106623,0.003077893199263493,6.155786398526986e-07,0.0047889446564667705,0.02271680293391717,1.0221119659935216,0.6304697015272749
2019-04-11,-0.050075525287191475,1.2765071209059742,0.625937772862912,0.0001845227067519,2,Chop,0.9999319263553236,0.9998705316467903,0.0007430785748221598,0.752040633059976,0.19945730776496134,0.19945730776496134,0.21350083208322393,-0.0106911663158199,0.002663054908355611,5.326109816711222e-07,-0.01069169892680157,-0.050075525287191475,1.0111838525836376,0.5988986000456378
2019-04-12,0.004934263167637184,1.1956824232804046,-0.0864914369005392,-0.0042518426894699,2,Chop,0.911644173969437,0.8233720200925874,0.29938338621867244,0.7516533248207486,0.1995600831484001,0.1995600831484001,0.19945730776496134,0.0009841748472207228,0.014043524318262585,2.808704863652517e-06,0.0009813661423570704,0.004934263167637184,1.0121761941802614,0.6018537233489925
2019-04-13,0.0013837183556808681,1.0856735591348845,-0.7971103257091976,-0.0074407935235755,2,Chop,0.7377914036229273,0.47578497155627425,0.5770055489102305,0.7500996629782875,0.19997342673695073,0.19997342673695073,0.1995600831484001,0.0002761349501136415,0.00010277538343875237,2.0555076687750475e-08,0.00027611439503695377,0.0013837183556808681,1.0124556705977883,0.6026865193934253
2019-04-14,0.013861017615291639,0.9768405536015936,-0.9019713096242898,-0.0014359446429329,1,Bear,0.6043585234147558,0.20914827560493376,0.6745774874640784,0.7404768994182427,0.2025721533215254,0.6,0.19997342673695073,0.002771835190591106,0.00041334358855063535,8.266871771012708e-08,0.0027717525218733958,0.013861017615291639,1.0152619471560527,0.6110403678552364
2019-04-15,-0.01966168568124654,0.9340894576502318,-0.4687345937606796,-0.0099116423659656,2,Chop,0.6072276465760358,0.21717697018416326,0.6862164088262166,0.7532476892231476,0.19913768358811773,0.19913768358811773,0.6,-0.011797011408747924,0.40002657326304925,8.000531465260985e-05,-0.011877016723400535,-0.01966168568124654,1.003203664031048,0.5990262842039136
2019-04-16,0.032703409546246745,0.8649962355934173,-0.6462618087417571,0.0066441446007219,2,Chop,0.8989498267707252,0.8007204198667225,0.34025977492532933,0.7564241271319788,0.19830144838020008,0.19830144838020008,0.19913768358811773,0.006512481222473113,0.40086231641188225,8.017246328237646e-05,0.006432308759190737,0.032703409546246745,1.009656579746447,0.6186164861052006
2019-04-17,0.003123420280683767,0.7907784128923652,-0.4994103922155192,0.0062819760233312,2,Chop,0.5173649002571089,0.03546445371080087,0.6980442225413568,0.753894482409132,0.19896683620851371,0.19896683620851371,0.19830144838020008,0.0006193787655596821,0.000836235207917646,1.672470415835292e-07,0.0006192115185180986,0.003123420280683767,1.0102817707303737,0.6205486853838669
2019-04-18,0.008805048106448882,0.7278021923275613,-0.3267824889542002,0.0077662419734849,1,Bear,0.767477918966622,0.5369792662633828,0.553920018546064,0.7536935092544476,0.1990198909214168,0.6,0.19896683620851371,0.0017519125644038986,0.0006653878283136294,1.330775656627259e-07,0.001751779486838236,0.008805048106448882,1.0120515616122658,0.6260126464110654
2019-04-19,0.001023704360635338,0.352940647931468,-0.253869091748523,0.0051987793225536,1,Bear,0.9807808952197095,0.9643741701690848,0.10298505559992385,0.7539801550794648,0.19894422815968005,0.6,0.6,0.0006142226163812028,0.40103316379148624,8.020663275829725e-05,0.0005340159836229056,0.001023704360635338,1.0125920133224173,0.6266534982870092
2019-04-20,0.0064038360371123865,0.2629173280254373,-0.5067186926900565,0.0104118836662254,1,Bear,0.9853463754587326,0.9761002682946595,0.0860774141702707,0.7522841607547723,0.1993927399049634,0.6,0.6,0.003842301622267432,0.0,0.0,0.003842301622267432,0.0064038360371123865,1.016482697257901,0.6306664845421222
2019-04-21,-0.004384923503637693,0.19607566278867,-0.4163901836102743,0.0029942170562485,2,Chop,1.0,1.0,6.453549045262012e-184,0.7560006772911749,0.19841252065734227,0.19841252065734227,0.6,-0.0026309541021826157,0.0,0.0,-0.0026309541021826157,-0.004384923503637693,1.0138083779357527,0.6279010602510968
2019-04-22,0.015836583357513378,-2.274963285199494,-0.055318422220765,0.0055368496716144,2,Chop,0.9994151207590942,0.9988302415553355,0.00493861139238818,0.3637389593648156,0.41238365079709816,0.41238365079709816,0.19841252065734227,0.003142176422564346,0.4015874793426577,8.031749586853155e-05,0.0030618589266958145,0.015836583357513378,1.0169125161676942,0.6378448677320343
2019-04-23,0.03153767871024236,-3.37615347183364,0.6434793249697228,0.0100833757923731,2,Chop,0.9939498514461343,0.987899702892268,0.03693398648723557,0.3767465266166292,0.3981456746186207,0.3981456746186207,0.41238365079709816,0.013005623084195662,0.21397113013975588,4.279422602795118e-05,0.012962828858167711,0.03153767871024236,1.0300945790785048,0.6579610142375443
2019-04-24,-0.019479346575944603,-2.6547436667262208,1.2439177160622172,0.0059827656050571,2,Chop,0.9967452853912938,0.9934905707826307,0.021891280628408172,0.38626892191045686,0.3883304907319785,0.3883304907319785,0.3981456746186207,-0.007755617583609383,0.01423797617847744,2.8475952356954884e-06,-0.0077584651788450785,-0.019479346575944603,1.022102626155807,0.6451443636077511
2019-04-25,-0.047660910406896226,-1.8551255487841112,0.5011739072811798,-0.0048301836837445,2,Chop,0.9856969150784772,0.9713938323093707,0.07494954761007638,0.43837133385957033,0.34217565888569623,0.34217565888569623,0.3883304907319785,-0.018508184727042874,0.00981518388664221,1.963036777328442e-06,-0.018510147763820203,-0.047660910406896226,1.0031833555158745,0.6143961958943279
2019-04-26,0.013123813423158957,-1.6926821719564455,1.2136492847969338,-0.0013284362983852,2,Chop,0.9973617443077532,0.994723490463391,0.018299805879105888,0.44096241502335437,0.34016504556755855,0.34016504556755855,0.34217565888569623,0.004490649505162361,0.046154831846282274,9.230966369256455e-06,0.004481418538793105,0.013123813423158957,1.007679040003092,0.6224594169371438
2019-04-27,-0.002096608120307488,-1.568429001554548,-0.4841529807163473,-0.0049150745939493,2,Chop,0.9993867463365068,0.9987735659694221,0.005149873827983595,0.42658052603455343,0.3516334920264266,0.3516334920264266,0.34016504556755855,-0.00071319279678171,0.0020106133181376773,4.021226636275355e-07,-0.0007135949194453376,-0.002096608120307488,1.006959965359714,0.6211543634690315
2019-04-28,0.0031929256297156855,-1.4730351494385885,-0.5524008195662236,-0.0105840252100547,2,Chop,0.9989101890690766,0.997820563409702,0.008525429095450728,0.4201981332812961,0.35697445590407817,0.35697445590407817,0.3516334920264266,0.0011227395889576036,0.01146844645886802,2.293689291773604e-06,0.00112044589966583,0.0031929256297156855,1.008088209524029,0.6231376631561615
2019-04-29,-0.007175278992262232,-1.332880741769192,-0.0486455538813953,-0.0081232116933182,2,Chop,0.9985119326947306,0.9970244063515546,0.01117951519001151,0.41530025394761005,0.3611844649122763,0.3611844649122763,0.35697445590407817,-0.0025613913142227725,0.005340963877651594,1.068192775530319e-06,-0.0025624595069983027,-0.007175278992262232,1.0055050243076413,0.6186664765724297
2019-04-30,0.019508686623198813,-1.338349186405168,0.0709246190432843,0.0053107077127007,2,Chop,0.9984770244986999,0.9969545311468921,0.011405860446227954,0.41220391630185005,0.3638975615412579,0.3638975615412579,0.3611844649122763,0.0070462345391413455,0.004210009008198123,8.420018016396248e-07,0.007045392537339706,0.019508686623198813,1.012589201902156,0.6307358469881598
2019-05-01,0.009665964737195984,-1.4747919876979183,0.0439191037881095,0.0046191379755081,2,Chop,0.9990932646704823,0.9981866616979251,0.007259904849907305,0.3457520122357656,0.43383695449823195,0.43383695449823195,0.3638975615412579,0.0035174209978094044,0.002713096628981615,5.42619325796323e-07,0.003516878378483608,0.009665964737195984,1.0161503549726116,0.6368325174436328
2019-05-02,0.018809979754905393,-1.4182870734949011,0.5650376609568735,0.0088004555505507,2,Chop,0.9974370528701908,0.9948742179195594,0.017852971877297404,0.35208748236598225,0.42603048251536646,0.42603048251536646,0.43383695449823195,0.008160464331041554,0.06993939295697404,1.3987878591394809e-05,0.00814647645245016,0.018809979754905393,1.0244283999115449,0.6488113242040129
2019-05-03,0.04666729598003433,-0.9692748658455256,2.380548862597301,0.0174953296206144,0,Bear,0.5857721878800305,0.1715443845674266,0.6783605807626646,0.39618913285105833,0.3786070529511226,0.6,0.42603048251536646,0.019881690624061445,0.007806471982865493,1.5612943965730987e-06,0.01988012932966487,0.04666729598003433,1.044794168990768,0.6790895943058395
2019-05-04,0.01084163602000144,-0.7372280041230778,1.6508904255693413,0.0210987126230671,0,Bear,0.7745092227588881,0.5490310622131267,0.5339062719765371,0.3952750141988762,0.3794826250376907,0.6,0.6,0.006504981612000864,0.17396951748463352,3.4793903496926706e-05,0.0064701877085039375,0.01084163602000144,1.0515541833808886,0.6864520365122738
2019-05-05,-0.006099505040041472,-0.6919510282126574,0.1500442371722186,0.0159770742904191,2,Chop,0.6346752829714832,0.2731096742726494,0.677364102719276,0.3823702828493723,0.3922898999425897,0.3922898999425897,0.6,-0.003659703024024883,0.0,0.0,-0.003659703024024883,-0.006099505040041472,1.0477058073560435,0.6822650188558205
2019-05-06,-0.0084733105601616,-0.5632749220804629,0.576300481665637,0.0123492192309476,2,Chop,0.8731268078966262,0.7478010971877472,0.3887563265872509,0.3688346859564199,0.4066862627386499,0.4066862627386499,0.3922898999425897,-0.0033239941518282833,0.20771010005741025,4.154202001148205e-05,-0.003365536171839765,-0.0084733105601616,1.04417971556394,0.6764839754667206
2019-05-07,0.01428706601857112,-0.2034272421829592,1.677115136813899,0.0114446364836807,2,Chop,0.673657715590965,0.34756899870498986,0.6336270144010259,0.3710189056889142,0.40429206625327474,0.40429206625327474,0.4066862627386499,0.0058103534845930505,0.014396362796060158,2.8792725592120316e-06,0.005807474212033838,0.01428706601857112,1.0502437623348064,0.6861489466847192
2019-05-08,0.025899955314045275,-0.0031409362931891,0.1150512404303684,0.0072911683504829,2,Chop,0.6182403023423237,0.3317860797060999,0.8794480764709024,0.3812416087443533,0.3934512827548803,0.3934512827548803,0.40429206625327474,0.010471146449782847,0.002394196485375144,4.788392970750288e-07,0.010470667610485773,0.025899955314045275,1.0612405156802003,0.7039201737426326
2019-05-09,0.031601133315537946,0.0938588464783079,0.8632117831878947,0.0114430678095902,0,Bear,0.6674911786317926,0.4175655715103555,0.8223225140276207,0.3955734347117482,0.37919634342812736,0.6,0.3934512827548803,0.012433506439506388,0.010840783498394457,2.1681566996788914e-06,0.012431338282806709,0.031601133315537946,1.074433155530041,0.7261648489965702
2019-05-10,0.03255511923946928,0.4594847964681924,2.008375635972432,0.0191739926654924,0,Bear,0.9985784249147407,0.9973963103058934,0.011384960308904204,0.40958165854611617,0.36622733677199315,0.6,0.6,0.019533071543681568,0.2065487172451197,4.130974344902394e-05,0.019491761800232543,0.03255511923946928,1.095375750667905,0.7498052322431648
2019-05-11,0.12175582015101312,2.661315872699045,3.5931840799075787,0.0452198188077273,0,Bear,1.0,1.0,4.439097386843682e-17,0.6274700376227385,0.23905523930401015,0.6,0.6,0.07305349209060787,0.0,0.0,0.07305349209060787,0.12175582015101312,1.1753967744055664,0.8410983832484522
2019-05-12,-0.03278809012221475,3.2319490898257146,2.510518511650829,0.0358047875795701,0,Bear,0.9999999999776321,0.9999999999553424,5.713571710574578e-10,0.6600809245777807,0.22724486409896963,0.6,0.6,-0.01967285407332885,0.0,0.0,-0.01967285407332885,-0.03278809012221475,1.1522733651844244,0.8135203736568528
2019-05-13,0.11407866972300376,3.157395421082221,2.2033165050783814,0.0534405304613618,0,Bear,1.0,0.9999999999999998,6.561677734449512e-15,0.7870953332306476,0.19057411938185706,0.6,0.6,0.06844720183380225,0.0,0.0,0.06844720183380225,0.11407866972300376,1.2311432527789172,0.9063256956761876
2019-05-14,0.022709207625678487,2.577975819909245,2.293259339330901,0.0516621453233899,0,Bear,0.9999999999159002,0.9999999998319168,2.035730542693886e-09,0.7700753302002893,0.19478613859891658,0.6,0.6,0.013625524575407092,0.0,0.0,0.013625524575407092,0.022709207625678487,1.247918225425503,0.9269076340757857
2019-05-15,0.02602089592487963,1.9956202714174087,1.4773645213664557,0.050355300660472,0,Bear,0.99999988199324,0.9999997640042296,2.000686581775672e-06,0.7094545476223987,0.21143003523297768,0.6,0.6,0.015612537554927777,0.0,0.0,0.015612537554927777,0.02602089592487963,1.2674013955854375,0.951026601154048
2019-05-16,-0.03981349360704293,1.869329795504385,1.8973581224425868,0.0180414379088608,0,Bear,0.9999741474333073,0.9999483492731557,0.00029932519088554123,0.7575978835850722,0.19799421731509653,0.6,0.6,-0.023888096164225756,0.0,0.0,-0.023888096164225756,-0.03981349360704293,1.2371255891690187,0.9131629096488736
2019-05-17,-0.07108127725881802,2.056809327574242,1.3039829866407349,0.0103828004815401,0,Bear,0.9999804513854802,0.9999609049804373,0.000231528640153699,0.8482467790406523,0.17683533106915722,0.6,0.6,-0.04264876635529081,0.0,0.0,-0.04264876635529081,-0.07108127725881802,1.1843637089643977,0.848254123685653
2019-05-18,-0.009946983850618235,1.7882081933674914,0.0322847046033403,-0.0144223302331842,0,Bear,0.8379156392725845,0.6758366091160943,0.4431704733609275,0.8540762654576852,0.17562834382198583,0.6,0.6,-0.005968190310370941,0.0,0.0,-0.005968190310370941,-0.009946983850618235,1.1772952009526014,0.8398165536161315
2019-05-19,0.11992989942799603,1.702651555124597,0.6135930622051748,0.0050218081272792,0,Bear,0.9999898097983586,0.9999796196936666,0.0001273184002782852,0.9546464773369493,0.1571262279398287,0.6,0.6,0.07195793965679761,0.0,0.0,0.07195793965679761,0.11992989942799603,1.262010937980986,0.9405356684292804
2019-05-20,-0.02712584602869586,1.6410501400006383,0.2456519877114263,-0.0056075402634357,0,Bear,0.7909876545825866,0.5819889478958329,0.5127902365971837,0.9777793625841619,0.15340884226024848,0.6,0.6,-0.016275507617217515,0.0,0.0,-0.016275507617217515,-0.02712584602869586,1.2414710693468647,0.9150228427029712
2019-05-21,-0.0018795372127934414,1.482478465551758,0.3711280766697331,0.001979251015414,1,Bull,0.752772899905935,0.5055854622215095,0.5596544637378417,0.9813552058342913,0.15284985406734425,0.15284985406734425,0.6,-0.0011277223276760647,0.0,0.0,-0.0011277223276760647,-0.0018795372127934414,1.2400710347027983,0.9133030232195549
2019-05-22,-0.0362187635444826,1.384979958483953,0.236299732902939,0.0089517537582811,1,Bull,0.8648296500275144,0.7296776218844292,0.3962799519768138,1.0097346358436357,0.1485538820550358,0.1485538820550358,0.15284985406734425,-0.005536032722273813,0.44715014593265573,8.943002918653115e-05,-0.005625462751460345,-0.0362187635444826,1.2330950612879128,0.8802243169771048
2019-05-23,0.025934032858881368,1.241329192661056,0.1463780491025268,0.0161279571001811,1,Bull,0.9439295233751562,0.887887080210045,0.2162566248926018,1.0017456498989203,0.1497386088126617,0.1497386088126617,0.1485538820550358,0.0038526012585296857,0.004295972012308441,8.591944024616882e-07,0.003851742064127224,0.025934032858881368,1.237844625404543,0.9030520833367753
2019-05-24,0.01329951557921589,1.1206974595124148,0.3336735781185226,-0.0051981196695749,1,Bull,0.9888477123030107,0.9777688988831884,0.06167404136181298,1.001575940409161,0.14976398089067755,0.14976398089067755,0.1497386088126617,0.001991450960714108,0.0011847267576259035,2.3694535152518071e-07,0.001991214015362583,0.01329951557921589,1.2403094389714897,0.9150622385879562
2019-05-25,0.008126317351095985,1.0110667165621323,-0.4028441182869121,0.0018523130063834,1,Bull,0.9983778760392054,0.9968160910624677,0.012299171731188066,0.9974543087468767,0.15038282825049723,0.15038282825049723,0.14976398089067755,0.0012170296364811205,2.5372078015839516e-05,5.074415603167904e-09,0.0012170245620655173,0.008126317351095985,1.2418189260232797,0.9224983247347261
2019-05-26,0.074251575993358,1.014290622815227,0.3549873491065693,0.0170785356476137,0,Bear,0.7439946149906022,0.4880017908659541,0.5689742625480907,1.0201040131104329,0.14704382893527693,0.6,0.15038282825049723,0.011166161999937899,0.0006188473598196798,1.2376947196393595e-07,0.011166038230465934,0.074251575993358,1.2556851236265718,0.9909952791975121
2019-05-27,0.015168497755127118,0.8853722138819754,0.5395194848510702,0.0273559879075356,0,Bear,0.8987191264469728,0.7974848676978066,0.32829303982171326,1.0200065053277962,0.14705788562769506,0.6,0.6,0.00910109865307627,0.4496171717495028,8.992343434990056e-05,0.00901117521872637,0.015168497755127118,1.267000322295119,1.0060271888653611
2019-05-28,-0.009793263049045299,0.8153288612093494,-0.4097104047871621,0.0202105287259503,1,Bull,0.6218300652830766,0.24395565584772572,0.6655708087022034,1.0278270065593023,0.1459389557218698,0.1459389557218698,0.6,-0.005875957829427179,0.0,0.0,-0.005875957829427179,-0.009793263049045299,1.2595554818314423,0.9961748999703111
2019-05-29,-0.00695935212814635,0.8090786675380077,-0.7881134713353547,0.0161587551844778,1,Bull,0.9694476855675779,0.9390706441988854,0.13773618455207415,1.0318222695352708,0.14537387341674596,0.14537387341674596,0.1459389557218698,-0.0010156405820824505,0.4540610442781302,9.081220885562604e-05,-0.0011064527909380765,-0.00695935212814635,1.2581618431532284,0.9892421680601967
2019-05-30,-0.040056647967728856,1.1146848181705065,0.8087311103477984,0.0065221621207129,1,Bull,0.8577806362840753,0.7156869826496859,0.40998144911274703,1.0569937918997063,0.14191190255754393,0.14191190255754393,0.14537387341674596,-0.005823190071159769,0.0005650823051238374,1.1301646102476748e-07,-0.005823303087620794,-0.040056647967728856,1.2508351854072675,0.9496164427793765
2019-05-31,0.03019403993490808,0.7439937916700975,-0.3737087116898705,-0.002289345090977,1,Bull,0.9903570520548663,0.9809265306689031,0.0553748801054647,0.9426721167250949,0.15912213519278567,0.15912213519278567,0.14191190255754393,0.004284893653061265,0.0034619708592020237,6.923941718404048e-07,0.004284201258889425,0.03019403993490808,1.2561940150832525,0.9782891995755024
2019-06-01,-0.0012236008424256384,0.0878183957951867,-1.1708687467802754,-0.0055677648104876,1,Bull,0.9838764023071205,0.9726240274220552,0.09242068434012889,0.9254708020088284,0.16207966763987558,0.16207966763987558,0.15912213519278567,-0.0001947019786704589,0.01721023263524174,3.4420465270483484e-06,-0.00019814402519750723,-0.0012236008424256384,1.2559451077446748,0.9770921640867659
2019-06-02,0.02067926798314298,-1.223911403746901,-1.6235314998318136,0.00052674139595,2,Chop,0.9857834450344202,0.9733640702802507,0.0799783531642418,0.8020098225821801,0.18703012828079152,0.18703012828079152,0.16207966763987558,0.0033516888817437347,0.0029575324470899056,5.915064894179811e-07,0.0033510973752543167,0.02067926798314298,1.2601539020987016,0.9972977147921451
2019-06-03,-0.06301805868386157,-1.6085354726147212,-1.0401558755079887,-0.0106849999151929,2,Chop,0.9113732398592506,0.8227465793173729,0.2993505454563071,0.8491314287818533,0.1766510988942983,0.1766510988942983,0.18703012828079152,-0.011786275599649077,0.02495046064091594,4.990092128183188e-06,-0.011791265691777261,-0.06301805868386157,1.245295092626526,0.9344499488760927
2019-06-04,-0.06300147834270085,-1.4684069147699517,-0.1743768923539881,-0.0152739659901873,2,Chop,0.5938856132859651,0.18777168079138135,0.675419759137754,0.8838465611111324,0.16971271553223752,0.16971271553223752,0.1766510988942983,-0.011129280381203442,0.01037902938649321,2.0758058772986424e-06,-0.01113135618708074,-0.06300147834270085,1.2314332693924765,0.8755782206596376
2019-06-05,0.014996473539935253,-1.9030075153458244,-1.0909698312267595,-0.0183134792691819,2,Chop,0.9747158477744142,0.9494317221299794,0.11794660063997171,0.871064380930634,0.1722031152734565,0.1722031152734565,0.16971271553223752,0.0025450922478697587,0.00693838336206079,1.3876766724121581e-06,0.0025437045711973467,0.014996473539935253,1.2345656718289546,0.8887088062779035
2019-06-06,-0.00028224106582634646,-2.428859637632862,-1.8395177333288903,-0.0181252073138621,2,Chop,0.9977481410157475,0.9954962820360235,0.015976652280417527,0.8111279993144084,0.18492765645716194,0.18492765645716194,0.1722031152734565,-4.860279079339756e-05,0.0024903997412189793,4.980799482437959e-07,-4.9100870741641355e-05,-0.00028224106582634646,1.2345050535794801,0.8884579761572104
2019-06-07,0.027977129076807897,-2.0217612617512764,-1.8058197197371584,-0.0166656350951291,2,Chop,0.9970971409098832,0.994194282141246,0.019857321645600463,0.8155290864402612,0.18392967521825812,0.18392967521825812,0.18492765645716194,0.005173744914573607,0.012724541183705446,2.5449082367410892e-06,0.005171200006336866,0.027977129076807897,1.2408889261203733,0.9133144796354802
2019-06-08,-0.011229371413746664,-2.107452916531868,-2.250874701026308,-0.0063078976411061,2,Chop,0.9996105918121034,0.9992211837325294,0.003446532005989184,0.6325549620467619,0.23713354411867088,0.23713354411867088,0.18392967521825812,-0.002065414637035616,0.0009979812389038223,1.9959624778076446e-07,-0.002065614233283397,-0.011229371413746664,1.2383257282926552,0.9030585321261005
2019-06-09,-0.034020323814255043,-1.9962686963915173,-1.887008979731852,-0.0005116667354169,2,Chop,0.9989556288230582,0.997911258036424,0.008212750976514171,0.6385759511884981,0.23489766522028363,0.23489766522028363,0.23713354411867088,-0.008067359958139118,0.05320386890041276,1.0640773780082553e-05,-0.0080780007319192,-0.034020323814255043,1.2283225321531528,0.8723361884399448
2019-06-10,0.03981203302759007,-1.634757637782714,-1.1565938650915737,0.0044514451621139,2,Chop,0.9980913168662435,0.9961826699900602,0.013858208222779937,0.6629165205066079,0.22627283430101938,0.22627283430101938,0.23489766522028363,0.009351753605853727,0.00223587889838725,4.4717577967745007e-07,0.00935130643007405,0.03981203302759007,1.2398089525462814,0.907065665585278
2019-06-11,-0.009117973017984032,-1.466952102998856,-1.420755821188173,0.0026842987716824,2,Chop,0.9995156603400895,0.999031434123242,0.004182115081349733,0.6441337371985515,0.23287089518455564,0.23287089518455564,0.22627283430101938,-0.0020631495978594666,0.008624830919264248,1.7249661838528498e-06,-0.0020648745640433194,-0.009117973017984032,1.2372489025758953,0.8987950653209318
2019-06-12,0.027144739690551607,-1.3811102787691254,-0.8231396334852433,0.0025178208944311,2,Chop,0.9988912333303558,0.9977829169180441,0.008656728512321315,0.6450330009859125,0.23254624146474637,0.23254624146474637,0.23287089518455564,0.006321219831290491,0.006598060883536261,1.3196121767072521e-06,0.006319900219113783,0.027144739690551607,1.245068192186383,0.9231926234042207
2019-06-13,0.010388753446054437,-1.2908541011352794,-0.8312872358600177,0.0068414458663914,2,Chop,0.999177316544424,0.9983556248512335,0.006673472048523237,0.6441421295589793,0.23286786117017302,0.23286786117017302,0.23254624146474637,0.002415865567383891,0.0003246537198092758,6.493074396185517e-08,0.002415800636639929,0.010388753446054437,1.248076028717727,0.9327834439519834
2019-06-14,0.05471566495081175,-1.0789645340231735,-0.4852960246646202,0.0245886436194047,2,Chop,0.6388919250955565,0.27779254398236586,0.6541542242698214,0.6829274150537542,0.21964266874275837,0.21964266874275837,0.23286786117017302,0.012741519869599333,0.00032161970542665674,6.432394108533135e-08,0.012741455545658248,0.05471566495081175,1.2639783339552355,0.9838213103429245
2019-06-15,0.016489111591430673,-1.2331357575414257,-0.7895531961546951,0.0199240593321728,2,Chop,0.9460673130671389,0.8921540330961877,0.21010918902889159,0.6090957739953418,0.24626668974581847,0.24626668974581847,0.21964266874275837,0.0036217124751389846,0.013225192427414656,2.6450384854829314e-06,0.0036190674366535017,0.016489111591430673,1.2685527567842882,1.0000436497151965
2019-06-16,0.017508940317692987,-0.9072087857435936,0.7033937037871179,0.0252494419993082,2,Chop,0.8057248463684265,0.6114663226036596,0.49253532016642965,0.6102268456218797,0.24581022791145088,0.24581022791145088,0.24626668974581847,0.004311868772995351,0.026624021003060105,5.324804200612021e-06,0.004306543968794739,0.017508940317692987,1.2740158350081157,1.0175533542931476
2019-06-17,0.03558847752156163,-0.7668962390582718,-1.456832857047026,0.0269381895655103,0,Bear,0.5014029597108741,0.003014483425432146,0.6949742478673565,0.6253306984396078,0.23987307895533688,0.6,0.24581022791145088,0.00874801177059661,0.00045646183436759413,9.129236687351883e-08,0.008747920478229738,0.03558847752156163,1.2851608242207722,1.053766528969399
2019-06-18,-0.025932150849555906,-0.7090007920053056,-1.2332428993791658,0.0196740087063882,2,Chop,0.7042338127964385,0.41009885018644565,0.6173436812150623,0.6364808166970464,0.23567088915328196,0.23567088915328196,0.6,-0.015559290509733543,0.35418977208854907,7.083795441770982e-05,-0.015630128464151252,-0.025932150849555906,1.265073595441107,1.0264400963799516
2019-06-19,0.020894883881637273,-1.2900424294882609,-1.3389057633283172,0.0129098524925533,2,Chop,0.9883339561946068,0.9766736771271814,0.06357378913320304,0.6111690724858705,0.24543126730855286,0.24543126730855286,0.23567088915328196,0.004924315863140035,0.36432911084671804,7.286582216934361e-05,0.0048514500409706915,0.020894883881637273,1.2712110367875407,1.0478874430052671
2019-06-20,0.02698349626412288,-1.3874875801608066,-0.4886622322329297,0.0150087294270917,2,Chop,0.9955017894994826,0.9910041691517936,0.02880261346022537,0.6088192040216376,0.24637856199205727,0.24637856199205727,0.24543126730855286,0.006622593684519279,0.009760378155270893,1.952075631054179e-06,0.0066206416088882255,0.02698349626412288,1.2796272694713744,1.0761631099088211
2019-06-21,0.062790586710018,-1.301905243747708,0.6206658604354773,0.0240650587055567,0,Bear,0.6925405286272119,0.38508126280254806,0.6170559565230298,0.6553477636552486,0.22888610951132932,0.6,0.24637856199205727,0.015470254460251817,0.0009472946835044072,1.8945893670088144e-07,0.015470065001315116,0.062790586710018,1.2994231865075518,1.1437360229756737
2019-06-22,0.05346453425773459,-0.2042078727317438,2.9636872636490152,0.0276402700527913,0,Bear,0.9999504389852806,0.9999008787722847,0.0005408333776797797,0.6815265882688487,0.22009412777426077,0.6,0.6,0.032078720554640755,0.3536214380079427,7.072428760158855e-05,0.032007996267039165,0.05346453425773459,1.3410151190105897,1.2048853367578618
2019-06-23,0.014258184854998994,0.1781406673199723,0.4337654498368222,0.0356783371937023,1,Chop,1.0,0.9999999999999999,2.4001591833093477e-15,0.5969486755415788,0.25127788392178474,0.25127788392178474,0.6,0.008554910912999395,0.0,0.0,0.008554910912999395,0.014258184854998994,1.3524873838867106,1.222064814618433
2019-06-24,0.014244096327892747,-0.1666674039414919,0.0179154990601796,0.0343481796829534,1,Chop,0.9889887740753733,0.9779775529833172,0.06059830997243219,0.4866195639988764,0.30824901236471114,0.30824901236471114,0.25127788392178474,0.003579226383650954,0.34872211607821524,6.974442321564305e-05,0.0035094819604353108,0.014244096327892747,1.3572339139621774,1.2394720235567862
2019-06-25,0.0684254031313087,0.0008242831220773,1.5828174713186205,0.0426365610563906,1,Chop,0.9467745455672735,0.8935490911345482,0.20790504737855198,0.5320447522488189,0.28193117095129283,0.28193117095129283,0.30824901236471114,0.02109206293588312,0.0569711284429264,1.139422568858528e-05,0.021080668710194535,0.0684254031313087,1.3858453124646548,1.3242833964386382
2019-06-26,0.09886766271923943,2.8696240346638144,3.6352797379730784,0.0498519762582349,2,Bull,0.9999897874262962,0.9999795748525939,0.00012757430415482967,0.6191069170864503,0.24228448408541112,0.24228448408541112,0.28193117095129283,0.027873875919652652,0.026317841413418308,5.263568282683662e-06,0.02786861235136997,0.09886766271923943,1.4244668982566955,1.4552122006224224
2019-06-27,-0.15181967393698742,3.818315869404337,2.291883595243851,0.0087951346192904,2,Bull,0.999999990437999,0.999999980876,1.861287989247825e-07,0.9776959907432768,0.15342192401337867,0.15342192401337867,0.24228448408541112,-0.03678355137383833,0.039646686865881714,7.929337373176343e-06,-0.03679148071121151,-0.15181967393698742,1.372058651845725,1.2342823588148002
2019-06-28,0.10391011328681186,2.9158229476142696,1.4818600608389216,0.026725520305653,2,Bull,0.9999999876592796,0.9999999753185569,2.3706973846623387e-07,1.036958527160373,0.14465380829719668,0.14465380829719668,0.15342192401337867,0.01594208950491082,0.08886256007203244,1.7772512014406488e-05,0.015924316992896415,0.10391011328681186,1.3939077487505624,1.3625367785471594
2019-06-29,-0.036772427703724096,2.4009042595210137,0.7865370569397696,0.0165222154993297,2,Bull,0.9999991663575394,0.9999986042206745,1.302861632982069e-05,1.0398889524658381,0.14424617132849837,0.14424617132849837,0.14465380829719668,-0.005319271707677029,0.008768115716181996,1.7536231432363993e-06,-0.005321025330820265,-0.036772427703724096,1.3864907303106342,1.3124329933643688
2019-06-30,-0.10038183788517502,2.1479069212745507,0.4211165409570833,-0.017239232703967,2,Bull,0.9999996020297256,0.9999992040594565,6.262813690591693e-06,1.159575130518464,0.12935772426658776,0.12935772426658776,0.14424617132849837,-0.014479695785854504,0.000407636968698305,8.152739373966101e-08,-0.014479777313248244,-0.10038183788517502,1.3664146532888533,1.1806885573893118
2019-07-01,-0.02187165092867407,1.991525102563636,0.6047768628785619,-0.0413870954335497,2,Bull,0.9999990899794986,0.9999981799589959,1.3568222102938672e-05,1.1659508747792373,0.12865036018640252,0.12865036018640252,0.12935772426658776,-0.0028292669900864785,0.014888447061910615,2.9776894123821233e-06,-0.0028322446794988606,-0.02187165092867407,1.3625446326570867,1.154864949406613
2019-07-02,0.020439793649304375,1.9620874657717948,0.7264888969625852,-0.0069352019162913,2,Bull,0.9988010218356114,0.9976043701872165,0.009279781689836038,1.1648992494419714,0.12876650068394788,0.12876650068394788,0.12865036018640252,0.002629586815118751,0.0007073640801852354,1.4147281603704708e-07,0.0026294453423027137,0.020439793649304375,1.3661273692951066,1.1784701506652986
2019-07-03,0.10197242314626954,1.7226016740230383,0.6308215427651322,-0.0073227399443998,2,Bull,0.9999965781301083,0.9999931562602206,4.648720322628279e-05,1.2235075393911916,0.1225983454704651,0.1225983454704651,0.12876650068394788,0.013130632094807939,0.00011614049754535283,2.3228099509070566e-08,0.01313060886670843,0.10197242314626954,1.384065453443426,1.2986416075341884
2019-07-04,-0.06438271352158567,1.5390741916626416,0.0100182839934122,-0.0128447971079721,2,Bull,0.9999888658890765,0.9999777327332748,0.00013813401745486808,1.2613411730197102,0.11892103675716297,0.11892103675716297,0.1225983454704651,-0.007893214154645344,0.006168155213482782,1.2336310426965564e-06,-0.007894447785688041,-0.06438271352158567,1.3731390209892422,1.2150315369491034
2019-07-05,-0.021356009787895595,1.3925786303906884,-0.2818758927438067,0.0029603685114837,2,Bull,0.9741417594574594,0.9483154529101759,0.12028188971915052,1.2695116613856412,0.11815566927229218,0.11815566927229218,0.11892103675716297,-0.002539678824972664,0.00367730871330213,7.35461742660426e-07,-0.0025404142867153246,-0.021356009787895595,1.3696506790026748,1.1890833115534165
2019-07-06,0.020741781945806056,1.2481160681974222,-0.6042998016104673,0.0114830550863797,2,Bull,0.9893832025137627,0.9788479901580045,0.05929542983354716,1.2699128859990527,0.11811833839452188,0.11811833839452188,0.11815566927229218,0.0024507591277066615,0.0007653674848707853,1.5307349697415706e-07,0.0024506060542096872,0.020741781945806056,1.3730071532487913,1.2137470183170544
2019-07-07,0.021386723467300896,1.1210774375780497,-0.8628825158049057,0.011672441049979,2,Bull,0.9902650196663239,0.9806605731557195,0.05547265535468835,1.266074538508637,0.1184764367638981,0.1184764367638981,0.11811833839452188,0.0025261642396607093,3.733087777030297e-05,7.466175554060594e-09,0.002526156773485155,0.021386723467300896,1.3764755845690142,1.2397050901570623
2019-07-08,0.07039331175600369,1.03101473419878,-0.4087532155529224,0.0053566187719258,2,Bull,0.9998518472250407,0.9997037006472673,0.0014545129838318598,1.2799265232359074,0.11719422738484263,0.11719422738484263,0.1184764367638981,0.008339948748861537,0.0003580983693762252,7.161967387524504e-08,0.008339877129187661,0.07039331175600369,1.3879552218156463,1.326972037053993
2019-07-09,0.0231592932804558,0.9555261851244338,0.1361598373502777,0.0228650201323341,2,Bull,0.9997777606411568,0.9995609887044569,0.0021172939488832555,1.280159686345675,0.11717288210206633,0.11717288210206633,0.11719422738484263,0.002714135482781995,0.001282209379055474,2.564418758110948e-07,0.0027138790409061836,0.0231592932804558,1.3917219644018481,1.3577037716350904
2019-07-10,-0.0337512276446848,1.031662106733831,0.8196629231754105,0.0203859765609763,2,Bull,0.9998493733510377,0.9996993288940084,0.001480051787207261,1.2956403394753442,0.11577286954552596,0.11577286954552596,0.11717288210206633,-0.003954728617610654,2.134528277629444e-05,4.269056555258888e-09,-0.003954732886667209,-0.0337512276446848,1.386218075780131,1.3118796025645874
2019-07-11,-0.06788441618712997,1.0080135077966803,0.0309981387029873,0.0026607369343891,2,Bull,0.9998551652758646,0.9997103401951295,0.0014252536029284385,1.3176686586868378,0.113837419605538,0.113837419605538,0.11577286954552596,-0.007859173659406788,0.0014000125565403754,2.8000251130807506e-07,-0.007859453661918097,-0.06788441618712997,1.3753231590482238,1.2228234216366862
2019-07-12,0.039472753868564206,0.8347934893953559,-0.6733305280959849,0.0062779430146417,2,Bull,0.9980341237732535,0.9965074552286751,0.015259192028292397,1.3092442760928915,0.11456991085547234,0.11456991085547234,0.113837419605538,0.004493476445121867,0.0019354499399879543,3.870899879975909e-07,0.00449308935513387,0.039472753868564206,1.3815026088940123,1.2710916295836667
2019-07-13,-0.03650877331612687,0.8214143503705331,-1.044349239531808,-0.0151024739997843,2,Bull,0.999497651620629,0.9990600864672833,0.004511275238859194,1.3202292371219673,0.11361663246224753,0.11361663246224753,0.11456991085547234,-0.004182806904271303,0.0007324912499343389,1.4649824998686779e-07,-0.004182953402521289,-0.03650877331612687,1.3757238478555471,1.2246856334151703
2019-07-14,-0.10507600156656484,0.8466884691731281,-0.8778721558562349,-0.0407495329691884,2,Bull,0.9999096281601755,0.9998192563203385,0.0009318721778335189,1.3959236461551248,0.1074557339960204,0.1074557339960204,0.11361663246224753,-0.011938381450590943,0.0009532783932248157,1.9065567864496313e-07,-0.011938572106269588,-0.10507600156656484,1.3592996694996091,1.0960005638798884
2019-07-15,0.06044360141002941,1.0358475143534212,-0.439576227922698,-0.0219105671582456,2,Bull,0.9998867275899395,0.9997734553058045,0.0011424286745701042,1.3884136030384484,0.10803697087938006,0.10803697087938006,0.1074557339960204,0.006495011554877604,0.006160898466227124,1.232179693245425e-06,0.006493779375184358,0.06044360141002941,1.3681266616581005,1.1622467851082119
2019-07-16,-0.13937670558066412,0.6941785367976661,-0.5835058730976,-0.0362090250369524,2,Bull,0.9998169894606825,0.9996339789213603,0.00175797642004307,1.4221144986323149,0.10547673914038494,0.10547673914038494,0.10803697087938006,-0.015057837082082139,0.0005812368833596621,1.1624737667193241e-07,-0.015057953329458812,-0.13937670558066412,1.3475254742380645,1.0002566571281113
2019-07-17,0.022551278856090203,-1.0246071686399885,-0.4330184820627988,-0.0395933200394472,1,Chop,0.6883796243248265,0.3767592486615802,0.6203910269548035,1.2909150932683546,0.11619664281732749,0.11619664281732749,0.10547673914038494,0.002378635357185905,0.002560231738995125,5.12046347799025e-07,0.002378123310838106,0.022551278856090203,1.3507300559802984,1.022813723930668
2019-07-18,0.09561955306661926,-1.055823505553383,-0.1983001662375581,-0.013167654762898,1,Chop,0.9977170959647341,0.9954341919294643,0.01616561929727483,1.2776312839381048,0.11740476449327988,0.11740476449327988,0.11619664281732749,0.01111067105403445,0.010719903676942547,2.1439807353885093e-06,0.011108527073299061,0.09561955306661926,1.3657346773758743,1.120614715083323
2019-07-19,-0.012808461572604499,-1.4403106288340446,-1.234428555190754,0.005285853235894,1,Chop,0.5465003351893725,0.09300684563802297,0.6888917266510838,1.271190309360603,0.11799964088417934,0.11799964088417934,0.11740476449327988,-0.0015037744144528564,0.0012081216759523977,2.4162433519047957e-07,-0.001504016038788047,-0.012808461572604499,1.363680590516372,1.106261364567483
2019-07-20,0.022200991330417415,-1.8170974118803147,-1.2306100307461267,-0.0023626687800283,0,Bear,0.7273022221874422,0.4546051209377712,0.5859330954925976,1.2030556903100318,0.12468250739194331,0.6,0.11799964088417934,0.002619709004262034,0.0005948763908994598,1.1897527817989195e-07,0.002619590028983854,0.022200991330417415,1.3672528745940076,1.1308214635314213
2019-07-21,-0.01572926297459085,-2.1644481646522684,-1.7399073787364507,0.0223668197411863,1,Chop,0.9974120627018194,0.9948248627034033,0.018007410248522385,1.2012179604810842,0.1248732577557577,0.1248732577557577,0.6,-0.009437557784754509,0.4820003591158206,9.640007182316413e-05,-0.009533957856577673,-0.01572926297459085,1.3542175433083437,1.1130344753542238
2019-07-22,-0.024449353942019494,-2.4934559332341832,-1.719916296069758,0.0129666931815643,1,Chop,0.982147109802882,0.9642942619413687,0.08956157499449502,1.2019054665529023,0.12480182857492453,0.12480182857492453,0.1248732577557577,-0.0030530704767635507,0.4751267422442423,9.502534844884846e-05,-0.0031480958252123993,-0.024449353942019494,1.3499543367138254,1.0858215015166184
2019-07-23,-0.04370796659547665,-2.1813561107489483,-1.2602953978876676,-0.0148988107508548,1,Chop,0.9999402318645662,0.9998807507060309,0.0006428321378528396,1.1175832547720537,0.1342181885416622,0.1342181885416622,0.12480182857492453,-0.0054548341544072045,7.142918083316574e-05,1.4285836166633149e-08,-0.005454848440243371,-0.04370796659547665,1.3425905404058023,1.0383624515996799
2019-07-24,-0.009013724991008056,-1.887460602196223,-1.2278168747733975,-0.0141398634345355,1,Chop,0.9531824848083951,0.9063660516660085,0.18904841734375308,1.0899945361436933,0.13761536872532137,0.13761536872532137,0.1342181885416622,-0.0012098058403058117,0.009416359966737675,1.883271993347535e-06,-0.0012116891122991593,-0.009013724991008056,1.3409637380657167,1.0290029380199714
2019-07-25,0.010131621144278298,-1.644305383622816,-1.416579662078996,-0.0165537374717633,1,Chop,0.9866095439553761,0.9732233135389269,0.07109457923166017,1.0901528221230563,0.1375953875052832,0.1375953875052832,0.13761536872532137,0.0013942667795551205,0.003397180183659171,6.794360367318342e-07,0.0013935873435183886,0.010131621144278298,1.3428324881592022,1.039428405944339
2019-07-26,-0.004199559341958318,-1.5726991142126283,-1.5278578541343697,-0.0142477967452368,1,Chop,0.9589734841395268,0.9179525019138852,0.1712477051412693,1.0839800134430098,0.13837893516464383,0.13837893516464383,0.1375953875052832,-0.0005778399950081869,1.9981220038184366e-05,3.996244007636874e-09,-0.0005778439912521945,-0.004199559341958318,1.3420565404746612,1.0350632646718585
2019-07-27,-0.04059130256046178,-1.2670006549565611,-1.006361307415198,-0.0174761864689253,1,Chop,0.9999290076419048,0.9998927683009353,0.0007983680486467293,1.0858407578608056,0.13814180294310574,0.13814180294310574,0.13837893516464383,-0.005616981225262581,0.000783547659360645,1.56709531872129e-07,-0.005617137934794453,-0.04059130256046178,1.3345180237705219,0.9930486985263438
2019-07-28,0.007901301370321584,-1.201559378452152,-1.438794209869651,-0.0071543328757656,1,Chop,0.6268706522030437,0.25376402133721815,0.660843410552248,1.0288836496799034,0.14578907930616505,0.14578907930616505,0.13814180294310574,0.0010915000168930556,0.00023713222153809443,4.742644430761889e-08,0.001091452590448748,0.007901301370321584,1.335974586924567,1.000895075568806
2019-07-29,-0.003535535708016186,-1.1272846179072291,-1.2923478814529927,-0.0060586950191672,0,Bear,0.8386866410076784,0.6773859726936995,0.44197394531625106,1.0173250010449402,0.1474455064467385,0.6,0.14578907930616505,-0.0005154424957257501,0.007647276363059313,1.5294552726118628e-06,-0.000516971950998362,-0.003535535708016186,1.3352839255358804,0.9973563752891549
2019-07-30,0.009231027857063211,-1.3787858428040125,-1.2814491035775688,-0.0062388136766102,0,Bear,0.947865836180119,0.8957344558188146,0.20478201420859934,1.01779638192287,0.14737721872877244,0.6,0.6,0.005538616714237926,0.45421092069383495,9.0842184138767e-05,0.00544777453009916,0.009231027857063211,1.3425582512958656,1.0065629997728687
2019-07-31,0.04857531814577599,-1.3488317794918985,-0.5959307119071059,0.0043161618209365,1,Chop,0.9777466860272146,0.9556041378480739,0.10738145531602084,1.0160372434348546,0.14763238352651742,0.14763238352651742,0.6,0.029145190887465592,0.0,0.0,0.029145190887465592,0.04857531814577599,1.3816873678074255,1.0554571177206025
2019-08-01,0.03066254026424243,-1.2545329823337057,-0.3983861850793624,0.0185669303858774,1,Chop,0.9995580977330152,0.9991509139110918,0.003976878930459586,1.0091456582109566,0.14864058402225547,0.14864058402225547,0.14763238352651742,0.004526783904187921,0.45236761647348256,9.047352329469651e-05,0.004436310380893225,0.03066254026424243,1.3878169618203788,1.0878201140898918
2019-08-02,0.011330721144643396,-1.3825161780086206,-0.2734050382407385,0.0192528143407417,1,Chop,0.9966233903518139,0.99326361011038,0.022692801868109964,1.0023829204949966,0.1496434116474441,0.1496434116474441,0.14864058402225547,0.0016842050083331133,0.0010082004957380486,2.0164009914760972e-07,0.0016840033682339658,0.011330721144643396,1.3901540502585765,1.1001459004581784
2019-08-03,0.028451137479912812,-1.44481510774053,-0.7373309226147308,0.0256501489783275,1,Chop,0.9999825894837986,0.9999684420361652,0.00021660226145309413,0.9008736261658783,0.16650504093276722,0.16650504093276722,0.1496434116474441,0.004257525277744618,0.0010028276251886348,2.0056552503772697e-07,0.00425732471221958,0.028451137479912812,1.3960723874505343,1.1314463027200765
2019-08-04,0.013625267067559002,-1.6699527729103416,-0.352511206146789,0.0265289968204267,1,Chop,0.9999844764461563,0.9999732947008405,0.00019661832456605212,0.8646841121803164,0.1734737551980368,0.1734737551980368,0.16650504093276722,0.0022686756508037966,0.016861629285323115,3.372325857064623e-06,0.002265303324946732,0.013625267067559002,1.3992349148716923,1.1468625607672398
2019-08-05,0.07339741253272014,-1.9631905412542447,1.7692966417384874,0.0314934156978155,1,Chop,0.9999985908642354,0.9999971817284773,2.03937641531399e-05,0.657034755943666,0.2282984250727536,0.2282984250727536,0.1734737551980368,0.01273252477387041,0.006968714265269571,1.3937428530539143e-06,0.012731131031017357,0.07339741253272014,1.4170487579160982,1.2310393052582047
2019-08-06,-0.02813163305123966,-1.7162811534828804,1.759899165048405,0.0197345810347191,1,Chop,0.9999961240238887,0.9999931552003131,5.428238280556542e-05,0.6753118077913427,0.22211961684867632,0.22211961684867632,0.2282984250727536,-0.006422407520322637,0.05482466987471682,1.0964933974943365e-05,-0.00643337245429758,-0.02813163305123966,1.4079323554705243,1.1964081592510278
2019-08-07,0.03961210267399502,-2.065892697898316,1.5098396339911826,0.0253908573405894,1,Chop,0.9999994443197532,0.9999988921220095,8.58031934316699e-06,0.5707117010368966,0.2628297259850687,0.2628297259850687,0.22211961684867632,0.0087986250685182,0.006178808224077292,1.2357616448154586e-06,0.008797389306873385,0.03961210267399502,1.4203184845193417,1.243800402095285
2019-08-08,0.0020443450527850055,-1.8577356386392647,0.6598416818856429,0.0201094988551639,1,Chop,0.9993574384710757,0.9987162984015016,0.005375323483771981,0.5649829553011233,0.2654947350049761,0.2654947350049761,0.2628297259850687,0.0005373146500424138,0.04071010913639239,8.142021827278479e-06,0.0005291726282151352,0.0020443450527850055,1.4210700781846972,1.2463431592939604
2019-08-09,-0.008684364496770227,-1.7921008191922565,0.3191112718074316,0.015647572542298,1,Chop,0.9857107337489568,0.9714233597779401,0.0749098014178173,0.5637843147611331,0.2660591933345161,0.2660591933345161,0.2654947350049761,-0.002305653050756634,0.002665009019907405,5.33001803981481e-07,-0.0023061860525606156,-0.008684364496770227,1.4177928261906765,1.2355194610105955
2019-08-10,-0.043846706855643715,-1.63284577505808,0.2295120144722919,-0.0078012513353747,1,Chop,0.999628091118725,0.999261174238242,0.0033352306306030344,0.5954061901811788,0.2519288554160914,0.2519288554160914,0.2660591933345161,-0.011665819456387564,0.0005644583295399963,1.1289166590799926e-07,-0.011665932348053472,-0.043846706855643715,1.4012529509967806,1.181346001389221
2019-08-11,0.014823037907253726,-1.5371342396579917,-0.551757543311984,0.0007896828563239,0,Bear,0.564306944012453,0.12861676749777817,0.6848906835680013,0.5835870218649655,0.25703107570940475,0.6,0.2519288554160914,0.003734350973763766,0.014130337918424718,2.8260675836849436e-06,0.003731524906180081,0.014823037907253726,1.4064817612832834,1.1988571379493962
2019-08-12,-0.012307995125175572,-1.410792174682733,-1.1515232258648425,-0.0095943367035101,0,Bear,0.6834630275789245,0.36693413672510955,0.6243250645303592,0.5470998008024923,0.2741730115419129,0.6,0.6,-0.007384797075105342,0.3480711445839086,6.961422891678172e-05,-0.007454411304022124,-0.012307995125175572,1.3959972677430723,1.184101610139733
2019-08-13,-0.04370714338940503,-1.2481598343395237,-0.1582698478525012,-0.0187446343919481,1,Chop,0.9998536960618679,0.9997519325287709,0.0015280464067451874,0.5853162625992122,0.25627171084209316,0.25627171084209316,0.6,-0.02622428603364302,0.0,0.0,-0.02622428603364302,-0.04370714338940503,1.3593882360915939,1.1323479112777304
2019-08-14,-0.0806379719242745,-1.086580082013726,0.8322795150174506,-0.033135355877449,1,Chop,0.9998076961542776,0.9996153923085392,0.0018377205002610788,0.6898525134859051,0.21743778136290684,0.21743778136290684,0.25627171084209316,-0.020665231023870502,0.3437282891579068,6.874565783158137e-05,-0.020733976681702085,-0.0806379719242745,1.3312027121030907,1.041037672199606
2019-08-15,0.025522045965721746,-0.7177345989514214,1.5499665653863115,-0.0192616053131759,1,Chop,0.999471283514467,0.9989466643226883,0.004541768091211932,0.69743988804699,0.21507229880418563,0.21507229880418563,0.21743778136290684,0.005549457050628663,0.03883392947918632,7.766785895837263e-06,0.005541690264732826,0.025522045965721746,1.3385798252131382,1.0676070835215323
2019-08-16,0.006071112000481698,-0.6532258507820211,0.6791718808677984,-0.0210119904945303,1,Chop,0.9990451876693813,0.9982771137392948,0.008065993122450219,0.6704225648687193,0.2237394859007657,0.2237394859007657,0.21507229880418563,0.001305728014241277,0.0023654825587212103,4.730965117442421e-07,0.0013052549177295326,0.006071112000481698,1.3403270131127711,1.0740886456980991
2019-08-17,-0.013840282280728103,-0.6067098220711318,-1.262512145219991,-0.0213184479256408,1,Chop,0.9985963619879729,0.9976377835527865,0.01149948863473444,0.6747358311270623,0.22230922544819304,0.22230922544819304,0.2237394859007657,-0.003096617642211583,0.00866718709658007,1.7334374193160141e-06,-0.0030983510796308987,-0.013840282280728103,1.3361742094646347,1.0592229556471124
2019-08-18,0.011086601525889401,-0.4940863128155597,-1.459953708992703,-0.0103596989425819,1,Chop,0.7908983286171346,0.5828960288753823,0.5196300863381386,0.6747263632308294,0.22231234493602228,0.22231234493602228,0.22230922544819304,0.002464653798073228,0.0014302604525726625,2.860520905145325e-07,0.0024643677459827134,0.011086601525889401,1.3394670340894534,1.0709661384834468
2019-08-19,0.05365286353343918,-0.3790673868961313,-0.6126987358433421,0.0164984681489607,1,Chop,0.9960107021050949,0.9920286152720622,0.026071518071310015,0.7070479053525703,0.2121496985769335,0.2121496985769335,0.22231234493602228,0.011927693904651262,3.1194878292450934e-06,6.238975658490187e-10,0.011927693280753696,0.05365286353343918,1.3554437860317534,1.1284265385604335
2019-08-20,-0.01409860264611838,-0.272679166523097,-0.8751203958923709,0.0085743384265927,1,Chop,0.5457673949266418,0.09405798346370642,0.7045713308908447,0.6855718182934345,0.21879545803587547,0.21879545803587547,0.2121496985769335,-0.002991014301729971,0.010162646359088784,2.032529271817757e-06,-0.0029930468310017887,-0.01409860264611838,1.35138687930337,1.1125173011779352
2019-08-21,-0.05984026786228671,0.0625926561743876,0.4175987827765176,-0.0046079375459609,1,Chop,0.9507610533746784,0.9015455064216243,0.1964706835362424,0.7239993566415238,0.20718250454781825,0.20718250454781825,0.21879545803587547,-0.013092778815918499,0.006645759458941969,1.329151891788394e-06,-0.013094107967810287,-0.05984026786228671,1.3336916735994895,1.0459439678740192
2019-08-22,-0.0006901282262681483,0.3748926149696353,-0.2879609890619451,-0.0019779067350689,0,Bear,0.8995634166262931,0.8188180664545054,0.37574590342961134,0.7217968621622821,0.2078147022565961,0.6,0.20718250454781825,-0.00014298249437737838,0.011612953488057215,2.322590697611443e-06,-0.00014530508507498984,-0.0006901282262681483,1.3334978814173932,1.0452221324186945
2019-08-23,0.026965838908487968,0.5481164086009722,-0.734514699698725,0.0011979407414507,0,Bear,0.9543569869550802,0.9250922959022632,0.2152740370207537,0.7206249790965125,0.2081526513111762,0.6,0.6,0.01617950334509278,0.3928174954521817,7.856349909043634e-05,0.016100939846002343,0.026965838908487968,1.3549684505908663,1.0734074240650833
2019-08-24,-0.024116765985468237,0.8591606663941566,-0.7631473513572624,-0.0143559851623306,2,Bull,0.691827901931597,0.43081124827610173,0.749499051971722,0.7229885082759014,0.20747217733474418,0.20747217733474418,0.6,-0.014470059591280941,0.0,0.0,-0.014470059591280941,-0.024116765985468237,1.335361976366511,1.0475203084118414
2019-08-25,-0.0021128053844357898,0.4617095502296029,-1.0654894044527108,-0.0119588257099941,1,Bear,0.9999777306228916,0.9999554612457828,0.0002608253340552449,0.6345872451964322,0.23637411740535144,0.6,0.20747217733474418,-0.00043834833339346455,0.39252782266525577,7.850556453305116e-05,-0.0005168538979265158,-0.0021128053844357898,1.334671789323883,1.045307101863923
2019-08-26,0.022654331476248634,-0.819817979538154,0.4099990724071458,0.0045400941577128,1,Bear,0.8683242822969411,0.7369450277788776,0.39166322817332183,0.6401034075250349,0.23433713715097412,0.6,0.6,0.01359259888574918,0.39252782266525577,7.850556453305116e-05,0.013514093321216128,0.022654331476248634,1.3527086684380005,1.0689878354440252
2019-08-27,-0.018030983225030404,-1.0762462578243743,-0.8094769811064902,0.0010719231579604,1,Bear,0.9531271362883699,0.9062692327680418,0.18933792980069616,0.6094330789337061,0.24613038770794543,0.6,0.6,-0.010818589935018242,0.0,0.0,-0.010818589935018242,-0.018030983225030404,1.3380742680526252,1.0497129337153726
2019-08-28,-0.04324433232151661,-1.1940126706448195,0.3084861410687344,-0.0129701110880404,0,Bull,0.9972038945228974,0.9947512323476118,0.02027358954414036,0.6256531707330885,0.23974944428754744,0.23974944428754744,0.6,-0.025946599392909966,0.0,0.0,-0.025946599392909966,-0.04324433232151661,1.3033557910615026,1.0043187987675908
2019-08-29,-0.025355880586420892,-1.09438320222429,0.1183727822700282,-0.013217934008231,0,Bull,0.9938353338182677,0.987754525703022,0.03796078853328292,0.6289127230444361,0.2385068619281243,0.2385068619281243,0.23974944428754744,-0.006079058280015821,0.36025055571245257,7.205011114249052e-05,-0.006151108391158312,-0.025355880586420892,1.2953387083184393,0.9788534112353421
2019-08-30,0.009207926773968323,-1.1622121904683838,-1.1127476552076316,-0.0109537875765501,0,Bull,0.8132122623115337,0.62646479753781,0.48191173637216406,0.616484727059284,0.24331503022876233,0.24331503022876233,0.2385068619281243,0.002196153719723142,0.00124258235942315,2.4851647188463e-07,0.002195905203251257,0.009207926773968323,1.2981831493280085,0.9878666217684463
2019-08-31,0.003379326975376171,-1.2377106257176789,-1.6960164860763998,-0.0148087884767246,0,Bull,0.9330617478768377,0.866160250067035,0.24595883321168438,0.6101087878556726,0.24585779288182294,0.24585779288182294,0.24331503022876233,0.0008222410451665251,0.004808168300638044,9.616336601276089e-07,0.0008212794115063975,0.003379326975376171,1.2992493204209161,0.9912049460914621
2019-09-01,0.013132277928025817,-1.175306028200372,-1.5799023930556404,-0.0085761362461134,0,Bull,0.745325675002728,0.4906851681175392,0.5677480916464579,0.6170767212154354,0.24308160532218748,0.24308160532218748,0.24585779288182294,0.003228672866895106,0.0025427626530606096,5.08552530612122e-07,0.003228164314364494,0.013132277928025817,1.3034435107125613,1.0042217249271692
2019-09-02,0.058589039911261055,-0.9479851019405786,0.3416842436943074,0.0117905382004421,0,Bull,0.99973639948189,0.9994755941294104,0.002451406255593329,0.6559281056157946,0.22868359918680092,0.22868359918680092,0.24308160532218748,0.01424191787591505,0.0027761875596354624,5.552375119270925e-07,0.014241362638403122,0.058589039911261055,1.322006322427292,1.0630581116486824
2019-09-03,0.02639879832471976,-1.2558350511455991,1.0746119587578693,0.0221414739826702,0,Bull,0.9999562215130351,0.9999172386606759,0.0004982825933080152,0.564216965390761,0.2658551748725141,0.2658551748725141,0.22868359918680092,0.006036972215103405,0.014398006135386554,2.879601227077311e-06,0.006034092613876328,0.02639879832471976,1.3299834310129481,1.0911215683455533
2019-09-04,-0.002737943980703232,-2.1297223937553738,0.3407824531947634,0.0197522998317359,0,Bull,0.9978160255364291,0.9956324941237378,0.015566155524354235,0.5551650652207537,0.2701899117884058,0.2701899117884058,0.2658551748725141,-0.000727896575781005,0.037171575685713165,7.434315137142633e-06,-0.0007353308909181477,-0.002737943980703232,1.329005453111715,1.088134138615286
2019-09-05,-0.0017912085396542573,-2.6072110385620637,-0.4499026220063353,0.0187181927287298,0,Bull,0.98013535024756,0.960270737872746,0.09751241620466918,0.5548975628793552,0.2703201636382258,0.2703201636382258,0.2701899117884058,-0.00048396647732382294,0.0043347369158917015,8.669473831783403e-07,-0.0004848334247070013,-0.0017912085396542573,1.3283611068464287,1.086185063453909
2019-09-06,-0.021237571181720684,-1.8033293793469969,1.495573040992115,0.0118442229067805,0,Bull,0.9992995517679213,0.998601290212119,0.005802910725597203,0.5595681069850366,0.2680638837838754,0.2680638837838754,0.2703201636382258,-0.005740943717121204,0.0001302518498200178,2.6050369964003562e-08,-0.005740969767491167,-0.021237571181720684,1.3207350258917123,1.0631171308522849
2019-09-07,0.015711656980851706,-1.7155785565842796,-0.2948754563634837,0.0032687463206986,0,Bull,0.5484146524381611,0.09683099232212056,0.6884746461236296,0.5615799159748894,0.2671035692927222,0.2671035692927222,0.2680638837838754,0.004211727790967147,0.002256279854350396,4.512559708700792e-07,0.004211276534996277,0.015711656980851706,1.3262970063151978,1.0798204625427033
2019-09-08,-0.0072503981845572244,-1.666269633203866,-0.9185497689879424,-0.0034610929811567,1,Bear,0.9116401127850912,0.8232807870186964,0.2987339678281093,0.5093545103214842,0.29449037352261004,0.6,0.2671035692927222,-0.001936607233888708,0.0009603144911531913,1.9206289823063827e-07,-0.0019367992967869387,-0.0072503981845572244,1.323728235206036,1.071991334221436
2019-09-09,-0.01023309600539781,-1.4448079495976085,0.6532914357854674,-0.0049601233860956,1,Bear,0.849786813728156,0.6995830178150311,0.4231789927117021,0.5078888081774626,0.29534023507678503,0.6,0.6,-0.006139857603238686,0.33289643070727776,6.657928614145556e-05,-0.006206436889380142,-0.01023309600539781,1.3155125994555392,1.0610215439813935
2019-09-10,-0.021417820975587025,-1.7478706395754409,-0.3805824233190596,-0.0088854458732822,1,Bear,0.7229583578747099,0.4459198408580831,0.5901762366761448,0.4467125388245577,0.33578641064049275,0.6,0.6,-0.012850692585352215,0.0,0.0,-0.012850692585352215,-0.021417820975587025,1.2986073514477785,1.038296774501159
2019-09-11,0.006149168432955224,-1.7654102256789246,-0.1183482402014423,-0.003408097950347,1,Bear,0.9520635489409854,0.9041274180571013,0.19239796485714167,0.44749641977426113,0.3351982124810457,0.6,0.6,0.003689501059773134,0.0,0.0,0.003689501059773134,0.006149168432955224,1.3033985646471742,1.0446814362509609
2019-09-12,0.022513994030435,-1.5977156469510778,-0.1574764312733332,-0.0020476305404303,1,Bear,0.9262929402336924,0.8525884091144706,0.26315261334473594,0.4427665642804711,0.3387789686508087,0.6,0.6,0.013508396418261,0.0,0.0,0.013508396418261,0.022513994030435,1.3210053891494205,1.0682013878704213
2019-09-13,-0.004774055257204667,-1.648709588512717,-0.6530828218949749,-0.0015523619549598,1,Bear,0.987024790720009,0.9740498686312272,0.06926761297621979,0.43004625733736174,0.3487996871051207,0.6,0.6,-0.0028644331543228,0.0,0.0,-0.0028644331543228,-0.004774055257204667,1.3172214575157017,1.0631017354189052
2019-09-14,-0.00024114056019034126,-1.6119029614712006,-0.9054503491338838,0.0004460291340816,1,Bear,0.9921469592560758,0.9842941954931425,0.045887786901381865,0.4298621709926557,0.34894905884277677,0.6,0.6,-0.00014468433611420476,0.0,0.0,-0.00014468433611420476,-0.00024114056019034126,1.3170308762036056,1.062845378470887
2019-09-15,-0.0009983634989049381,-1.614200792336404,-1.3642195205242411,0.004529920629418,1,Bear,0.9863924589568412,0.9727853837593922,0.07199317994039872,0.418780901885336,0.3581825229486483,0.6,0.6,-0.0005990180993429629,0.0,0.0,-0.0005990180993429629,-0.0009983634989049381,1.316241950871366,1.0617842724400417
2019-09-16,-0.0068771801807728065,-1.4916634865049303,-0.0513527122432514,0.0019246509066724,1,Bear,0.9841912468644224,0.9683835799094141,0.08125655552923364,0.41227255516012945,0.3638369765887981,0.6,0.6,-0.004126308108463684,0.0,0.0,-0.004126308108463684,-0.0068771801807728065,1.3108107310367856,1.0544821906853608
2019-09-17,-0.003462462705750272,-1.6098172387805498,0.060389715635958,-0.0032706404405646,1,Bear,0.9812785131268016,0.9625577358661258,0.09302870549505422,0.3634168830808694,0.4127491236190621,0.6,0.6,-0.002077477623450163,0.0,0.0,-0.002077477623450163,-0.003462462705750272,1.3080875510744783,1.0508310854262348
2019-09-18,-0.004209930227213259,-1.5750813752208346,0.4627671567236152,-0.0031578154345663,1,Bear,0.9603714187171766,0.9207446117133374,0.16678149916862187,0.34300647652761546,0.4373095269760118,0.6,0.6,-0.0025259581363279555,0.0,0.0,-0.0025259581363279555,-0.004209930227213259,1.3047833766818124,1.0464071598760036
2019-09-19,0.0066619464013658175,-1.05183871049093,1.819830253146764,-0.001777198042255,0,Bull,0.800662105165792,0.6017403507460914,0.5024671934377467,0.34236335372705834,0.438131004288456,0.438131004288456,0.6,0.003997167840819491,0.0,0.0,0.003997167840819491,0.0066619464013658175,1.309998814834321,1.0533782682891029
2019-09-20,-0.00829163618618558,-0.9617616215538768,-0.3785908214297425,-0.0032358525797112,1,Bear,0.8018162690644126,0.6036657217769491,0.4981959167274166,0.3459656229445091,0.4335690891001015,0.6,0.438131004288456,-0.0036328228894479918,0.16186899571154395,3.2373799142308795e-05,-0.0036651966885903006,-0.00829163618618558,1.3051974115161329,1.0446440389220155
2019-09-21,-0.016031424170294233,-0.912707458215954,-1.061595238158112,-0.0050667013776155,1,Bear,0.9259227917571958,0.8518881490339036,0.2644201372892874,0.35159125448247536,0.4266317722287844,0.6,0.6,-0.00961885450217654,0.16186899571154395,3.2373799142308795e-05,-0.009651228301318848,-0.016031424170294233,1.2926006533193004,1.0278969072270874
2019-09-22,0.00504485941629184,-1.2120676669642894,-1.0541444295321063,-0.003365236953207,1,Bear,0.9840776961236521,0.968158430391588,0.08174280870384293,0.24110327624850714,0.6221400319977144,0.6,0.6,0.0030269156497751038,0.0,0.0,0.0030269156497751038,0.00504485941629184,1.296513246465742,1.033082502618489
2019-09-23,-0.03445525046861395,-1.382427973965273,-0.0722127646524097,-0.0094143010014872,0,Bull,0.8134166758278729,0.6269475047546409,0.48218939560432367,0.2466313512231201,0.6081951838487047,0.6081951838487047,0.6,-0.02067315028116837,0.0,0.0,-0.02067315028116837,-0.03445525046861395,1.2697102332800303,0.9974873862360265
2019-09-24,-0.1209936495214672,1.7261217816408432,3.1712680244537634,-0.0349454201860538,2,Chop,0.9982429605270221,0.9964859210540457,0.012902373027638732,0.5554343918412896,0.2700588984105636,0.2700588984105636,0.6081951838487047,-0.07358775491523449,0.008195183848704768,1.6390367697409537e-06,-0.07358939395200423,-0.1209936495214672,1.176273026718295,0.8767977470237004
2019-09-25,-0.015616015371176536,1.898823767232329,1.7693459276713783,-0.036410296023052,2,Chop,0.999998575847618,0.9999971516952576,2.059599663256472e-05,0.5545006442030618,0.27051366228001894,0.27051366228001894,0.2700588984105636,-0.004217243908702363,0.33813628543814117,6.762725708762824e-05,-0.004284871165789991,-0.015616015371176536,1.1712328483430132,0.8631056599287653
2019-09-26,-0.04433175093227527,1.9399033794012075,1.0044415509471527,-0.0420703613754482,2,Chop,0.9999993192940096,0.999998638588011,1.0346823069245875e-05,0.571216152958849,0.2625976160215591,0.2625976160215591,0.27051366228001894,-0.011992344299975427,0.00045476386945536573,9.095277389107315e-08,-0.011992435252749317,-0.04433175093227527,1.1571869142433666,0.8248426747845662
2019-09-27,0.01623387232043621,1.9101135680349264,0.0961601383755939,-0.0398325587946193,2,Chop,0.9999989543386856,0.9999979086774138,1.5445317884507724e-05,0.5717097089061417,0.26237091597936407,0.26237091597936407,0.2625976160215591,0.004262976170144924,0.007916046258459819,1.5832092516919638e-06,0.004261392960893232,0.01623387232043621,1.1621181424141611,0.8382330654514659
2019-09-28,-0.0007189659749160292,1.744198025115288,-0.6247411831582845,-0.0330853018958797,2,Chop,0.999996859799338,0.9999937204685646,4.2938376757583635e-05,0.5734586223633907,0.2615707466073247,0.2615707466073247,0.26237091597936407,-0.00018863576139671508,0.00022670004219504936,4.5340008439009874e-08,-0.00018868110140515408,-0.0007189659749160292,1.1618988726830874,0.8376304043983568
2019-09-29,-0.017337268541281117,1.575117218681647,-0.8867537224816003,-0.0123540256998425,2,Chop,0.9966750431451272,0.9933611955108627,0.022367048789118743,0.5738880572028769,0.261375015767183,0.261375015767183,0.2615707466073247,-0.004534922276474585,0.000800169372039361,1.600338744078722e-07,-0.004535082310348992,-0.017337268541281117,1.156629565659168,0.8231081811389606
2019-09-30,0.023135803960001186,1.730538442066016,0.3428985315515097,-0.0046036618336069,2,Chop,0.9953077751088206,0.9906208859492641,0.0298817026388644,0.5913735615975675,0.25364678054727735,0.25364678054727735,0.261375015767183,0.0060471211248317655,0.00019573084014168352,3.9146168028336706e-08,0.006047081978663737,0.023135803960001186,1.1636237994616554,0.8421514506556647
2019-10-01,0.005939522648697366,1.5634959309115586,-0.2154576880131298,0.0054505928825875,2,Chop,0.9296426844796463,0.8592977333886848,0.25468150471530615,0.591264726680459,0.25369346966145917,0.25369346966145917,0.25364678054727735,0.0015065407978297242,0.007728235219905677,1.5456470439811356e-06,0.0015049951507857431,0.005939522648697366,1.165375047637184,0.8471534282704674
2019-10-02,0.005947039319423827,1.3667463951319418,-0.8400366715186877,0.003393226282385,2,Chop,0.7092310972129219,0.4185051594268184,0.6032606197174851,0.5778797836066878,0.2595695579862885,0.2595695579862885,0.25369346966145917,0.0015087250391577535,4.668911418181931e-05,9.337822836363863e-09,0.001508715701334917,0.005947039319423827,1.1671332672694983,0.8521914830179765
2019-10-03,-0.01597938661828606,1.2586432657454445,-0.6655664347342557,0.000341142153711,2,Chop,0.5519506304435337,0.1040535754783613,0.6891084717859934,0.5776293292025741,0.2596821047973399,0.2596821047973399,0.2595695579862885,-0.004147762321400526,0.005876088324829332,1.1752176649658663e-06,-0.004148937539065492,-0.01597938661828606,1.1622909042438316,0.8385739858380218
2019-10-04,-0.00656542608285994,1.1320400482525494,-0.8173682943101654,0.0024955106453952,1,Bear,0.8011605471015661,0.6025087775156714,0.5002842507966284,0.5759265331042382,0.2604498861886107,0.6,0.2596821047973399,-0.0017049236640884237,0.00011254681105138387,2.2509362210276776e-08,-0.001704946173450634,-0.00656542608285994,1.1603092608142047,0.833068390318993
2019-10-05,-0.006656196327979546,1.0433015444980671,-1.1056426128349457,-0.0034628894122008,1,Bear,0.9413519178103162,0.8830552032821858,0.2253797837602591,0.5744224467347139,0.26113185661993227,0.6,0.6,-0.003993717796787728,0.3403178952026601,6.806357904053202e-05,-0.0040617813758282596,-0.006656196327979546,1.1555963382684284,0.827523323558396
2019-10-06,-0.020242104470858776,0.9366744005743238,-0.7732330067324652,-0.008699214836112,1,Bear,0.8306290408786289,0.6655376672842687,0.474853764131954,0.5750020229534134,0.26086864743457255,0.6,0.6,-0.012145262682515265,0.0,0.0,-0.012145262682515265,-0.020242104470858776,1.1415613171852057,0.8107725099908547
2019-10-07,0.03172260496034329,1.00569576072745,0.6219888656909657,-0.0035441017079282,2,Chop,0.8681297478139631,0.7429651511534741,0.4164340323450487,0.6046224796012019,0.24808869180473955,0.24808869180473955,0.6,0.019033562976205974,0.0,0.0,0.019033562976205974,0.03172260496034329,1.163289296407051,0.8364923260380006
2019-10-08,-0.0020443649815999844,0.9463715302978256,-0.0810108237719198,-0.0007570973805909,1,Bear,0.5229051966138486,0.04618142055482055,0.6951246571038179,0.605149020803168,0.24787282940806293,0.6,0.24808869180473955,-0.0005071838338565605,0.3519113081952604,7.038226163905208e-05,-0.0005775660954956126,-0.0020443649815999844,1.1626174199501933,0.8347822304192714
2019-10-09,0.04362860415666088,0.781325689124118,1.0535043692658292,0.0092817086673131,2,Chop,0.9941353420913666,0.9885300815483191,0.03704725935559858,0.6448602536801442,0.23260853672399104,0.23260853672399104,0.6,0.026177162493996528,0.3519113081952604,7.038226163905208e-05,0.026106780232357477,0.04362860415666088,1.1929696174271436,0.8712026139072483
2019-10-10,-0.0010786272982693222,0.7306696749756448,0.4840362159554147,0.0103972224732552,2,Chop,0.9640411167050167,0.9291051145868092,0.15953078771340823,0.6457224302654624,0.23229795492520466,0.23229795492520466,0.23260853672399104,-0.0002508979175209789,0.3673914632760089,7.347829265520178e-05,-0.00032437621017618063,-0.0010786272982693222,1.1925826464637872,0.8702629109855643
2019-10-11,-0.03131474095669686,0.8242579937255268,0.9702171551834048,0.0081826951760876,2,Chop,0.9987390924658196,0.998090979762545,0.010551334373188524,0.6524040615617513,0.22991886292204236,0.22991886292204236,0.23229795492520466,-0.007274350283253228,0.0003105817987863746,6.211635975727492e-08,-0.007274412399612985,-0.03131474095669686,1.1839073084727878,0.8430108533638304
2019-10-12,0.0017767504383327862,0.8006999870456876,-0.5434453146446181,0.0021935242716855,2,Chop,0.6122593516086243,0.22488837554968927,0.6706674578473166,0.6511733860503239,0.23035339467698654,0.23035339467698654,0.22991886292204236,0.00040850844047771455,0.002379092003162303,4.7581840063246066e-07,0.0004080326220770821,0.0017767504383327862,1.18439038127616,0.8445086732670639
2019-10-13,-0.0018669970610550547,1.2038231511361386,-0.730656037260524,0.0022289978557944,1,Bear,0.7696263835261207,0.5393765776718968,0.5407833034408286,0.6419474796342001,0.23366397526083327,0.6,0.23035339467698654,-0.00043006911086598896,0.0004345317549441785,8.690635098883571e-08,-0.0004301560172169778,-0.0018669970610550547,1.1838809086269202,0.8429319780560388
2019-10-14,0.006430502888083053,-2.831143902669229,-0.2388097246062308,-0.005210622397921,1,Bear,0.9948258651062334,0.9896517342869212,0.03239786342598618,0.39285954047881694,0.3818158515819168,0.6,0.6,0.0038583017328498313,0.3696466053230134,7.392932106460268e-05,0.0037843724117852286,0.006430502888083053,1.188361154876367,0.8483524545753858
2019-10-15,-0.02042493372661194,-2.6976488383295805,-0.1088671514444609,-0.0090798836835895,1,Bear,0.9248280268324195,0.8496560674983153,0.2668165277877087,0.3967097284629036,0.37811021318078547,0.6,0.6,-0.012254960235967163,0.0,0.0,-0.012254960235967163,-0.02042493372661194,1.173797836177389,0.831024911913875
2019-10-16,-0.019423891941978407,-2.8214993128133807,0.350319859360777,-0.0067017138806459,1,Bear,0.9120850155991239,0.8241700371265981,0.297687234890933,0.35761821613740147,0.4194417208947994,0.6,0.6,-0.011654335165187045,0.0,0.0,-0.011654335165187045,-0.019423891941978407,1.1601180027784066,0.8148831738237677
2019-10-17,0.006981979739066776,-2.4272857066033926,-0.416102361786368,-0.0056606680204991,1,Bear,0.9850213726609465,0.9700427517301989,0.07779315847458838,0.35146158435820135,0.4267891760458336,0.6,0.6,0.004189187843440066,0.0,0.0,0.004189187843440066,0.006981979739066776,1.164977955012602,0.8205726716331116
2019-10-18,-0.016259940076949107,-2.0063176028594976,0.1708755480067021,-0.0085392566236779,1,Bear,0.8784389351569636,0.7568785482132716,0.3700326868155169,0.3575223547980442,0.4195541844781466,0.6,0.6,-0.009755964046169465,0.0,0.0,-0.009755964046169465,-0.016259940076949107,1.153612471968919,0.8072302091635752
2019-10-19,0.0019237257444975665,-1.8179288609910715,-0.7242315431947701,-0.009440612052395,1,Bear,0.941306638259402,0.8826137528553795,0.22336308133557306,0.3507236297498759,0.42768717952358914,0.6,0.6,0.00115423544669854,0.0,0.0,0.00115423544669854,0.0019237257444975665,1.1549440123758188,0.8087830986986794
2019-10-20,0.02881240366522189,-1.9260156771610784,0.1264654357944744,0.0004068554259717,1,Bear,0.7718121926291394,0.5436258564600704,0.5370964147379024,0.35888409741102445,0.4179622365050277,0.6,0.6,0.017287442199133134,0.0,0.0,0.017287442199133134,0.02881240366522189,1.1749100402330006,0.8320860838159948
2019-10-21,0.002628793271972775,-1.771310657599294,0.2886685484142416,0.0048173924687619,1,Bear,0.9264374287519599,0.8528753980321881,0.2627651532781573,0.35803215450003417,0.4189567839499334,0.6,0.6,0.001577275963183665,0.0,0.0,0.001577275963183665,0.002628793271972775,1.1767631975983632,0.8342734661148326
2019-10-22,-0.02028232136663908,-1.5634020385796947,0.6634388109015694,-0.0006354677523791,1,Bear,0.7540159415546408,0.5080410670978996,0.5579828391968278,0.3662575501975514,0.4095478712154691,0.6,0.6,-0.012169392819983447,0.0,0.0,-0.012169392819983447,-0.02028232136663908,1.162442703990689,0.8173524635674316
2019-10-23,-0.07231210270483085,-1.1948008330818711,2.4803312856426563,-0.0118459002779555,0,Bull,0.9997911400415573,0.9995822800858969,0.0019786854449628955,0.4717057365038369,0.3179948607616305,0.3179948607616305,0.6,-0.04338726162289851,0.0,0.0,-0.04338726162289851,-0.07231210270483085,1.1120074982710155,0.758247988275897
2019-10-24,-0.0028228801699561206,-1.0824717725098072,0.1029705544512138,-0.0127952214608462,0,Bull,0.9295903274251311,0.8592571252810928,0.2552957093758629,0.4716966824023307,0.3180009645945706,0.3180009645945706,0.3179948607616305,-0.0008976613865919645,0.28200513923836945,5.640102784767389e-05,-0.0009540624144396384,-0.0028228801699561206,1.11094657371234,0.7561075450658838
2019-10-25,0.14476109386093217,-0.175156733573887,3.3445911347749724,0.0103945165782957,0,Bull,0.9825405035662177,0.9650810071324394,0.08797998380173083,0.7928523058538626,0.18919034338742,0.18919034338742,0.3180009645945706,0.0460341674835416,6.103832940085319e-06,1.2207665880170638e-09,0.04603416626277502,0.14476109386093217,1.1620880729956742,0.8655625003661254
2019-10-26,0.06528433388686641,1.5953858193018584,3.7071584647412,0.0229256247012745,2,Chop,0.9897027282939225,0.9794054565878436,0.05736311345696886,0.8280325585386847,0.18115229703614627,0.18115229703614627,0.18919034338742,0.012351165545875236,0.12881062120715062,2.5762124241430124e-05,0.012325403421633806,0.06528433388686641,1.176411277306815,0.9220701716399785
2019-10-27,0.03264079600850012,1.6107569464646403,1.743294592016209,0.0335102481763023,2,Bear,1.0,1.0,5.7128577132121054e-127,0.8285618081115441,0.18103658475627737,0.6,0.18115229703614627,0.005912955174028071,0.008038046351273725,1.6076092702547452e-06,0.005911347564757816,0.03264079600850012,1.1833654532460762,0.9521672760180019
2019-10-28,-0.031432676505614585,1.651190929220808,1.3629355662130986,0.0416861334161456,1,Bull,0.9999966781020398,0.9999939501500404,4.678739565726462e-05,0.8443259519892904,0.1776565077107835,0.1776565077107835,0.6,-0.01885960590336875,0.4188477029638537,8.376954059277075e-05,-0.01894337544396152,-0.031432676505614585,1.1609485171778222,0.9222381100516959
2019-10-29,0.018362811918533402,1.4898842789371272,0.9694816479138438,0.0459232718338435,1,Bull,0.9999937965438193,0.9999875956665195,8.060803876708608e-05,0.8293942316177229,0.18085488695457516,0.18085488695457516,0.1776565077107835,0.0032622730371965965,0.42234349228921647,8.44686984578433e-05,0.0031778043387387534,0.018362811918533402,1.1646377844127622,0.939172995010679
2019-10-30,-0.023825095718831422,1.4295808569452777,0.8095734681538866,0.0122060339178907,1,Bull,0.8987906697052814,0.7975893915946092,0.327816104137463,0.838043528704232,0.17898831607461646,0.17898831607461646,0.18085488695457516,-0.00430888499291119,0.0031983792437916547,6.39675848758331e-07,-0.004309524668759948,-0.023825095718831422,1.1596187491506655,0.916797108508008
2019-10-31,-0.0006673727616756513,1.32853639594968,0.6286591882334733,-0.0009843074118176,0,Chop,0.5909526821684173,0.18193433059120134,0.6768156779344261,0.8237021951960674,0.18210465004806162,0.18210465004806162,0.17898831607461646,-0.00011945192680639116,0.001866570879958701,3.733141759917402e-07,-0.0001198252409823829,-0.0006673727616756513,1.1594797975546007,0.9161852630898067
2019-11-01,0.006664947063719231,1.2571285853790684,0.3110394998729756,-0.0061794772007737,0,Chop,0.9424060842253154,0.8848316435037922,0.22047023534459392,0.823597806506353,0.18212773129677215,0.18212773129677215,0.18210465004806162,0.0012137178526274465,0.0031163339734451567,6.232667946890314e-07,0.0012130945858327576,0.006664947063719231,1.1608863562193967,0.92229158936886
2019-11-02,0.0068453823292389865,1.1742013137146146,-0.1022077674724885,0.0014761345661969,0,Chop,0.9961832469284712,0.992381564184604,0.025160942967927445,0.8229905162599475,0.18226212457668398,0.18226212457668398,0.18212773129677215,0.0012467339534833104,2.308124871053252e-05,4.616249742106504e-09,0.0012467293372335684,0.0068453823292389865,1.1623336672968896,0.9286050279171313
2019-11-03,-0.009629700847412865,1.0907175919605707,-0.1551269998034938,-0.0041223679869923,0,Chop,0.9976392982178297,0.9953023249636508,0.016770078387904386,0.8255703042882596,0.18169258174725403,0.18169258174725403,0.18226212457668398,-0.0017551297354873629,0.00013439327991182637,2.6878655982365275e-08,-0.0017551566141433452,-0.009629700847412865,1.1602935896728919,0.9196628392928858
2019-11-04,0.01901152585439151,1.0022790613765211,0.4103300082154228,0.0044449563276522,0,Chop,0.9941547254166772,0.9883633585214339,0.03619154691052452,0.8195062487390306,0.18303704240303734,0.18303704240303734,0.18169258174725403,0.003454253215439063,0.0005695428294299476,1.1390856588598953e-07,0.0034541393068731768,0.01901152585439151,1.1643014053684941,0.9371470331394256
2019-11-05,-0.007473715309565572,0.8987879285581882,0.3561168636427566,0.0030836878180742,0,Chop,0.995747029131127,0.9915821961130444,0.02789460193832297,0.813712081889808,0.18434038689905163,0.18434038689905163,0.18303704240303734,-0.0013679667460251828,0.0013444606557833083,2.688921311566617e-07,-0.0013682356381563394,-0.007473715309565572,1.1627083666921134,0.9301430630105375
2019-11-06,0.0019624814591623348,0.8096439334709606,-0.0993036240230683,0.0021431946971628,0,Chop,0.9981742233285271,0.9964404217157992,0.013701462163337291,0.8140512708041777,0.18426357820413367,0.18426357820413367,0.18434038689905163,0.0003617645914642002,0.001303344496014297,2.606688992028594e-07,0.0003615039225649973,0.0019624814591623348,1.1631286903274718,0.9319684515260641
2019-11-07,-0.010018996001742247,0.7102717399932241,-0.2116082861548101,-0.0012296809690333,0,Chop,0.998094962717811,0.9963469091894618,0.014377133076883056,0.811025696325108,0.1849509832791672,0.1849509832791672,0.18426357820413367,-0.0018461360532939352,7.680869491796805e-05,1.536173898359361e-08,-0.0018461514150329187,-0.010018996001742247,1.1609813786499583,0.9226310633364745
2019-11-08,-0.05121408380627322,0.6833468248851466,-0.062053335452781,-0.0095465575608054,0,Chop,0.9603678622508429,0.921017661390253,0.16844860491980113,0.848953882676712,0.17668804284993314,0.17668804284993314,0.1849509832791672,-0.009472095157711906,0.000687405075033537,1.374810150067074e-07,-0.009472232638726912,-0.05121408380627322,1.149984292942156,0.8753793587364893
2019-11-09,0.000987733451713017,0.5668095742031961,-1.0942406904604358,-0.0131513160413411,0,Chop,0.9939172074002233,0.9883790568386234,0.038934202248618356,0.8421702846865046,0.1781112474846308,0.1781112474846308,0.17668804284993314,0.0001745206904405819,0.008262940429234061,1.6525880858468124e-06,0.0001728681023547351,0.000987733451713017,1.1501830885446147,0.8762440002120524
2019-11-10,0.027081275361004672,0.5129013542719688,-0.7045525964758357,-0.006240317907227,0,Chop,0.9964103543654722,0.9933082708332845,0.025218034818670368,0.8481563893561276,0.17685417675609508,0.17685417675609508,0.1781112474846308,0.004823479738023338,0.0014232046346976668,2.8464092693953335e-07,0.004823195097096398,0.027081275361004672,1.1557306459780463,0.8999738052652232
2019-11-11,-0.03343184819094057,0.4766304933389275,-0.8062681483857512,-0.0133191838372476,0,Chop,0.9875433114827767,0.9759525778058836,0.07015148135611499,0.8574056625796126,0.17494636033625688,0.17494636033625688,0.17685417675609508,-0.005912561989243541,0.0012570707285357308,2.5141414570714614e-07,-0.005912813403389248,-0.03343184819094057,1.1488970263237996,0.8698860176317731
2019-11-12,0.0065865532404471615,0.1847222863999091,-0.7788695497363972,-0.0099980739888097,0,Chop,0.9914451502783271,0.9869083688793893,0.05516402432928853,0.7856864564805264,0.19091585296241875,0.19091585296241875,0.17494636033625688,0.0011522935165772096,0.0019078164198381986,3.815632839676397e-07,0.001151911953293242,0.0065865532404471615,1.150220454541525,0.8756155682000254
2019-11-13,-0.0008397010971480578,0.0003694230628479,-1.2485488721753382,7.680255301525073e-05,0,Chop,0.9810906915524257,0.9659586817464483,0.10321936957755921,0.7852079815441771,0.19103218959263818,0.19103218959263818,0.19091585296241875,-0.00016031225119550032,0.015969492626161874,3.193898525232375e-06,-0.0001635061497207327,-0.0008397010971480578,1.150032386423673,0.874880312846728
2019-11-14,-0.011437202181483985,-3.6608008865686665,-0.907801889050146,-0.0024081845736241,2,Bear,0.9961162265425393,0.9922324530925343,0.025434846712822343,0.49149309681326653,0.3051924858610774,0.6,0.19103218959263818,-0.0021848737755425836,0.00011633663021942686,2.3267326043885373e-08,-0.0021848970428686274,-0.011437202181483985,1.1475196840633728,0.8648741298241
2019-11-15,-0.02512939756383665,-4.1111328132712925,-0.4350048057581159,-0.0128503191585924,2,Bear,0.998824942768956,0.9976498855379129,0.009101817836246518,0.4060991054115686,0.36936796462031046,0.6,0.6,-0.015077638538301989,0.4089678104073618,8.179356208147236e-05,-0.01515943210038346,-0.02512939756383665,1.1301239373289607,0.8431403639730728
2019-11-16,0.0068966308279384695,-3.1105745885794893,-1.6036982691788129,-0.0047846233548166,2,Bear,0.9997933127439212,0.9995866254878519,0.0019602633562217893,0.37486624961100484,0.4001427179844907,0.6,0.6,0.004137978496763082,0.0,0.0,0.004137978496763082,0.0068966308279384695,1.134800365880305,0.8489551917995288
2019-11-17,0.003177685280365235,-2.583011142825878,-0.9973863992604268,-0.0054663969468329,2,Bear,0.9998315055528603,0.9996630111109631,0.00163246250859155,0.35769837755711803,0.41934772258240866,0.6,0.6,0.0019066111682191408,0.0,0.0,0.0019066111682191408,0.003177685280365235,1.1369639889315915,0.8516529042161999
2019-11-18,-0.03182423938339746,-2.083730985088434,-0.0902375181540233,-0.0116633046040828,2,Bear,0.9988746159862759,0.9977492326806715,0.008765703487687229,0.36217571041845903,0.41416361088017056,0.6,0.6,-0.019094543630038475,0.0,0.0,-0.019094543630038475,-0.03182423938339746,1.1152541804391545,0.8245496983208579
2019-11-19,-0.01249037483855615,-1.7730770227795638,-0.1556254961035919,-0.0118739391354973,2,Bear,0.9993189413142811,0.9986378991798973,0.005647205124969757,0.3548097061090126,0.4227618281499707,0.6,0.6,-0.00749422490313369,0.0,0.0,-0.00749422490313369,-0.01249037483855615,1.1068962147867834,0.8142507635158119
2019-11-20,-0.022039071560940312,-1.6333993496974268,-0.1805171851176294,-0.011255873934918,2,Bear,0.9990103000072993,0.9980206607904263,0.007836712382121575,0.36063070760747296,0.4159379576829239,0.6,0.6,-0.013223442936564187,0.0,0.0,-0.013223442936564187,-0.022039071560940312,1.0922592358538514,0.7963054326701366
2019-11-21,-0.049086768125686187,-1.294676111563399,0.5191479652355437,-0.0224525537256429,2,Bear,0.9320842990967865,0.8641689103796957,0.248217984373015,0.3973714208479506,0.3774805940495547,0.6,0.6,-0.02945206087541171,0.0,0.0,-0.02945206087541171,-0.049086768125686187,1.060089950347753,0.7572173725394334
2019-11-22,-0.04635206471928927,-0.5181315723305687,3.1707609469413867,-0.0323585037255738,1,Bull,0.9965932696289836,0.9931865393867486,0.02275797294010857,0.4194418826098228,0.3576180782583756,0.3576180782583756,0.6,-0.027811238831573562,0.0,0.0,-0.027811238831573562,-0.04635206471928927,1.0306075355556807,0.7221187838809154
2019-11-23,0.013776814950745946,-0.3897463036548714,-0.2024767351178181,-0.0232382928587451,1,Bull,0.9482955705206288,0.9136366704918929,0.23628141664527563,0.43393353174294014,0.34567506087282324,0.34567506087282324,0.3576180782583756,0.004926838087207022,0.24238192174162437,4.8476384348324876e-05,0.004878361702858697,0.013776814950745946,1.0356352118878132,0.7320672807389006
2019-11-24,-0.04845012522266549,-0.3474140152911815,1.97013421610303,-0.030430242935567,1,Bull,0.9998070661352346,0.999614721137473,0.001847108691908786,0.4396890740058189,0.3411501646684422,0.3411501646684422,0.34567506087282324,-0.0167479999856408,0.011943017385552368,2.3886034771104735e-06,-0.016750388589117912,-0.04845012522266549,1.0182879196521188,0.6965985293156847
2019-11-25,0.013839370591340378,0.3022490971571102,3.1735287281289115,-0.0232545545051109,1,Bull,0.9999649639818332,0.9999300986480875,0.00039555365284327714,0.45534845626212084,0.32941804883083353,0.32941804883083353,0.3411501646684422,0.004721303556143366,0.004524896204381013,9.049792408762025e-07,0.00472039857690249,0.013839370591340378,1.0230946444989217,0.7062390145162671
2019-11-26,0.010057835510045162,0.3901615145468552,-0.2571537198710454,-0.0114256337779646,0,Chop,0.6075312664844599,0.2186990787313141,0.6904834351819782,0.46186202755130756,0.32477231521990996,0.32477231521990996,0.32941804883083353,0.0033132325491805484,0.011732115837608692,2.3464231675217384e-06,0.0033108861260130267,0.010057835510045162,1.0264819943629913,0.7133422503550482
2019-11-27,0.04248662643530125,0.7787033179563143,0.1892153806381513,0.0063421044529534,0,Chop,0.8880182765786553,0.7762020619751535,0.3518826731958526,0.5192623920095804,0.2888712957229387,0.2888712957229387,0.32477231521990996,0.013798480033276219,0.004645733610923575,9.29146722184715e-07,0.013797550886554034,0.04248662643530125,1.040644931914346,0.7436497560664002
2019-11-28,-0.00914426790792298,0.8503197459468822,-0.5528597762024562,0.0017578878812196,0,Chop,0.9965046538008588,0.9930795490189527,0.023604018545319797,0.48571070279782647,0.308825807493965,0.308825807493965,0.2888712957229387,-0.002641516518999397,0.035901019496971276,7.180203899394256e-06,-0.002648696722898791,-0.00914426790792298,1.0378885790934833,0.7368496234672675
2019-11-29,0.03917091013708419,0.9183830683103916,-0.4705290682252414,0.0192820949531696,0,Chop,0.9781441234487934,0.9563444695681738,0.10556793301875518,0.5254514331077894,0.28546881890267767,0.28546881890267767,0.308825807493965,0.012096987953358562,0.019954511771026306,3.9909023542052615e-06,0.012092997051004356,0.03917091013708419,1.050439762619732,0.7657126938526482
2019-11-30,-0.024998412204507995,0.9701271262184884,-0.8375536792578497,0.0115145383939999,0,Chop,0.9954718130550189,0.9909857204011344,0.02919732985469054,0.5086146905057,0.2949187327854404,0.2949187327854404,0.28546881890267767,-0.00713626720646318,0.02335698859128732,4.671397718257464e-06,-0.007140938604181437,-0.024998412204507995,1.0429386367674736,0.7465710923014954
2019-12-01,-0.019386782304190116,1.0283761035639032,-0.5758762473409925,0.0056256148311528,0,Chop,0.9979623970274171,0.9959523766207066,0.01480654006542127,0.49908331565388425,0.30055102083201163,0.30055102083201163,0.2949187327854404,-0.005717525269938949,0.009449913882762728,1.8899827765525457e-06,-0.0057194152527155016,-0.019386782304190116,1.0369736376206995,0.7320974810604449
2019-12-02,-0.013875477110813644,1.0703623121516503,-0.7952767483357183,-0.0056468058780701,0,Chop,0.9981466296766597,0.9963192672930505,0.01364752401802045,0.4950292209265213,0.3030124155484247,0.3030124155484247,0.30055102083201163,-0.004170288810186252,0.005632288046571232,1.1264576093142465e-06,-0.004171415267795566,-0.013875477110813644,1.0326479899564271,0.7219392792191064
2019-12-03,-0.0002517083198087148,1.1137937686883927,-1.1039513299168162,-0.0038682939604472,0,Chop,0.9985300191951113,0.9970834382655864,0.0111769529069245,0.49522820074373614,0.3028906669182596,0.3028906669182596,0.3030124155484247,-7.627074599887406e-05,0.0024613947164130456,4.922789432826091e-07,-7.676302494215667e-05,-0.0002517083198087148,1.0325687207730176,0.7217575610961302
2019-12-04,-0.00934813254089389,1.1975220380248972,-0.085826073927932,-0.0135721024960428,0,Chop,0.9927410709126634,0.9855016059858481,0.04312123440559601,0.49513160310291576,0.30294975933665397,0.30294975933665397,0.3028906669182596,-0.002831462099751635,0.00012174863016506388,2.4349726033012777e-08,-0.002831486449477668,-0.00934813254089389,1.0296450164319944,0.7150104757526113
2019-12-05,0.026704767756073822,1.2937382782601876,-0.4928668916692936,-0.0032314665039265,0,Chop,0.9965740732057874,0.9931561244169623,0.02292325993296278,0.5122136451835038,0.2928465522355648,0.2928465522355648,0.30294975933665397,0.008090202964843802,5.9092418394357527e-05,1.1818483678871507e-08,0.008090191146360122,0.026704767756073822,1.0379750414278264,0.7341046644507447
2019-12-06,0.013162839304284675,1.1802055411723524,-0.6182653426191261,0.0032784578177684,0,Chop,0.9984334395903818,0.9968793788853395,0.01175638219928513,0.5160604541910107,0.29066362047668187,0.29066362047668187,0.2928465522355648,0.003854692107890548,0.01010320710108914,2.020641420217828e-06,0.00385267146647033,0.013162839304284675,1.0419740182528439,0.7437675661814357
2019-12-07,0.001223739480074957,1.0516380103790233,-0.9787455259921036,0.0062983011359461,0,Chop,0.9986765881359431,0.9973797805796567,0.010223778985696824,0.5154423280919042,0.29101218860949807,0.29101218860949807,0.29066362047668187,0.0003556965477988393,0.0021829317588829555,4.365863517765911e-07,0.0003552599614470627,0.001223739480074957,1.0423441899023973,0.7446777439161711
2019-12-08,0.0010723690545205787,0.9329895387477058,-0.9171014865696973,0.006563116610812,0,Chop,0.9987364142773767,0.997519435695519,0.009895246009330314,0.5032118381388264,0.2980851971900905,0.2980851971900905,0.29101218860949807,0.0003120724655531318,0.00034856813281619603,6.971362656323921e-08,0.00031200275192656856,0.0010723690545205787,1.0426694041581015,0.7454763132843372
2019-12-09,-0.021844253680856535,0.8411524708977373,-0.5301021679774542,0.0040638923828195,0,Chop,0.9980079047921825,0.9960881265099963,0.014688872492175943,0.507562788944089,0.2955299388910154,0.2955299388910154,0.2980851971900905,-0.006511448665928481,0.007073008580592455,1.414601716118491e-06,-0.0065128632676446,-0.021844253680856535,1.0358786408954634,0.7291919395838844
2019-12-10,-0.016728999152694785,0.8015452454757217,-0.4547778730811483,-0.0046228609989342,0,Chop,0.9979772277740437,0.9960515361671601,0.014958076125625316,0.5046699593305952,0.29722395245986727,0.29722395245986727,0.2955299388910154,-0.004943920097303739,0.0025552582990751027,5.110516598150206e-07,-0.004944431148963554,-0.016728999152694785,1.0307568102768738,0.7169932882444338
2019-12-11,-0.008373983817170333,0.6168316087531743,-0.6757474657385935,-0.0089302256232252,0,Chop,0.9975644046913328,0.9954209438731095,0.01798238555412506,0.46456572397665113,0.3228821935376768,0.3228821935376768,0.29722395245986727,-0.002488948567974333,0.0016940135688518487,3.388027137703698e-07,-0.0024892873706881032,-0.008373983817170333,1.028190960366801,0.7109891980516551
2019-12-12,0.0035554716584630377,-0.5022057968249171,-0.2223151350049962,-0.0084638791875476,0,Chop,0.6740948092387129,0.3762703073252497,0.726915867332417,0.42176691954949136,0.35564666892373137,0.35564666892373137,0.3228821935376768,0.0011479984881455872,0.025658241077809507,5.1316482155619016e-06,0.0011428668399300252,0.0035554716584630377,1.02936604572052,0.713517099994801
2019-12-13,0.0036588787977558162,-0.8872660964998532,-0.4740488301041771,-0.0079465772389005,2,Bear,0.9766210040365291,0.9601351270745986,0.1250908683269394,0.41744115986225894,0.35933207939891404,0.6,0.35564666892373137,0.001301268056417523,0.03276447538605459,6.552895077210919e-06,0.001294715161340312,0.0036588787977558162,1.0306987815464832,0.7161277725838081
2019-12-14,-0.020148956153597603,-1.369965398527501,-0.3959582020719462,-0.0076075177334487,2,Bear,0.9989914444922118,0.9979860837198373,0.00798788401371298,0.37032631964307905,0.40504817520010505,0.6,0.6,-0.012089373692158562,0.2443533310762686,4.8870666215253725e-05,-0.012138244358373816,-0.020148956153597603,1.0181879078761937,0.7016985454936434
2019-12-15,0.003870282470955076,-2.6063158180320904,-0.5812320989659575,-0.0034876614087187,2,Bear,0.9998086648060466,0.9996173296170664,0.0018294301294912085,0.3658715134555215,0.40997999156399284,0.6,0.6,0.0023221694825730456,0.0,0.0,0.0023221694825730456,0.003870282470955076,1.0205523127633886,0.7044143170741621
2019-12-16,-0.031216547911036934,-2.2825563997949025,0.951961954228272,-0.0080561742274921,2,Bear,0.9981568846888671,0.9963137694044877,0.013446219550968001,0.38609693362908687,0.38850347395947216,0.6,0.6,-0.01872992874662216,0.0,0.0,-0.01872992874662216,-0.031216547911036934,1.00143744066313,0.6824249337959962
2019-12-17,-0.043028139847750044,-2.455408772263755,2.1843931226139954,-0.0173728965287347,2,Bear,0.9517678579609916,0.9035357159220561,0.19327662135860904,0.36918499551419576,0.4063003692527701,0.6,0.6,-0.025816883908650026,0.0,0.0,-0.025816883908650026,-0.043028139847750044,0.9755834465157543,0.6530614583090305
2019-12-18,0.09150203958984561,-1.5062324916351746,3.589417353244224,0.0001957356296832,1,Bull,0.9828701380213984,0.9657402760431911,0.08664828515793273,0.5569123554312457,0.2693422017614375,0.2693422017614375,0.6,0.054901223753907366,0.0,0.0,0.054901223753907366,0.09150203958984561,1.029144171603524,0.7128179137218257
2019-12-19,-0.01021559978849091,-1.2553016136239217,1.7259288346077433,0.0021824069027045,1,Bull,0.593837024914951,0.18768517982219513,0.6755595906206995,0.5271993077535273,0.2845223766305228,0.2845223766305228,0.2693422017614375,-0.0027514921393458174,0.33065779823856245,6.61315596477125e-05,-0.0028176236989935297,-0.01021559978849091,1.0262444305959328,0.7055360511931764
2019-12-20,0.002215025702357289,-1.1879874053704151,0.8282609885007832,0.001851355548985,2,Bear,0.9608427669130727,0.921719740663385,0.16553158581802452,0.5188645541399369,0.28909278693866075,0.6,0.2845223766305228,0.0006302243771323889,0.015180174869085294,3.036034973817059e-06,0.0006271883421585719,0.002215025702357289,1.0268880791390076,0.7070988316805089
2019-12-21,-0.0038386948789303917,-1.1781238462094377,0.0014345115417439,0.0073269261554063,2,Bear,0.9981900544150164,0.9963876056786637,0.013285746204637783,0.5132917711868575,0.2922314527917775,0.6,0.6,-0.0023032169273582348,0.31547762336947716,6.309552467389544e-05,-0.0023663124520321302,-0.0038386948789303917,1.0244581410904976,0.7043844950164393
2019-12-22,0.04359469833307996,-1.0612899309869703,0.8595110280692054,0.0246514937915723,2,Bear,0.8871442566021456,0.7742907551675482,0.35247113234820077,0.5446369436423898,0.2754128263808899,0.6,0.6,0.026156818999847977,0.0,0.0,0.026156818999847977,0.04359469833307996,1.0512547072599225,0.7350919245871799
2019-12-23,-0.020981218944278197,-0.8550204934793083,1.750068942531799,0.0021548420847475,2,Bear,0.9519212020584087,0.9038487352584536,0.19288194777868314,0.552892570099857,0.27130044444784046,0.6,0.6,-0.012588731366566918,0.0,0.0,-0.012588731366566918,-0.020981218944278197,1.0380207441523885,0.7196687999732454
2019-12-24,-0.004509590580982912,-0.8799074310646108,0.6112354281955548,0.0032960439262491,2,Bear,0.9944960655969984,0.989040215333541,0.03439763943649648,0.5516653615582017,0.2719039665211511,0.6,0.6,-0.0027057543485897472,0.0,0.0,-0.0027057543485897472,-0.004509590580982912,1.0352121150099718,0.7164233883314588
2019-12-25,-0.00649097736895625,-1.2751277701510273,0.2515954067582237,0.0015548433119864,2,Bear,0.9989848333135093,0.9979712930792519,0.008023986801821177,0.5394466128064405,0.27806273399258824,0.6,0.6,-0.00389458642137375,0.0,0.0,-0.00389458642137375,-0.00649097736895625,1.0311803919636124,0.7117731003312083
2019-12-26,-0.004986734773912115,-1.1334181985339744,0.4807168156831926,0.00132523533299,2,Bear,0.9984992697510772,0.9970023403766038,0.011283576203424956,0.5357382088186864,0.2799874967491175,0.6,0.6,-0.002992040864347269,0.0,0.0,-0.002992040864347269,-0.004986734773912115,1.0280950580923438,0.7082236766606514
2019-12-27,0.007037180653861685,-0.9945205830608204,0.4092408407209833,-0.0059862682028535,2,Bear,0.9977312896167392,0.9954747662724556,0.0161551282222851,0.53700178830083,0.2793286787268007,0.6,0.6,0.004222308392317011,0.0,0.0,0.004222308392317011,0.007037180653861685,1.0324359924842268,0.7132075746166545
2019-12-28,0.003820062875904435,-0.9312211345260012,0.0007420994725618,-0.001026011838817,2,Bear,0.9983549924322451,0.9967442184430239,0.012354606570591564,0.5374115629367247,0.2791156914829187,0.6,0.6,0.002292037725542661,0.0,0.0,0.002292037725542661,0.003820062875904435,1.0348023747282087,0.7159320723952615
2019-12-29,0.014200785685395729,-0.8591896744459222,0.2197168264167284,0.0027160634144586,1,Bull,0.9999999999999942,0.9999999999999883,1.6915761278382346e-13,0.5334446932851042,0.28119128728464293,0.28119128728464293,0.6,0.008520471411237436,0.0,0.0,0.008520471411237436,0.014200785685395729,1.043619378778361,0.7260988703206477
2019-12-30,-0.017622203333694908,-0.8317861323761161,0.2757061309866926,0.0004898182215109,1,Bull,0.7389270001869871,0.4780741062335218,0.5759542724921521,0.5340008803414249,0.28089841332114335,0.28089841332114335,0.28119128728464293,-0.004955210040193397,0.31880871271535705,6.376174254307141e-05,-0.005018971782736468,-0.017622203333694908,1.0383814825643554,0.7133034083874911
2019-12-31,-0.013722694823239307,-0.8257942070224148,-0.2490540945303958,-0.0012573737883544,0,Bear,0.8010167537046969,0.6021096554585239,0.49966495780725406,0.5361165064008135,0.2797899303772908,0.6,0.28089841332114335,-0.003854683202338189,0.0002928739634995847,5.857479269991695e-08,-0.003854741777130889,-0.013722694823239307,1.0343787900829156,0.703514963397813
2020-01-01,0.0009136166827146318,-0.7898746665395787,-0.963034311919732,-0.0024820865825838,0,Bear,0.9816027929548642,0.9632248437564499,0.09188540545584126,0.5358830178185726,0.2799118371218542,0.6,0.6,0.0005481700096287791,0.31910158667885663,6.382031733577133e-05,0.0004843496922930077,0.0009136166827146318,1.0348797911316068,0.7041577064049127
2020-01-02,-0.030272928096194005,-0.5242202961794191,-0.4149722899835688,-0.0093006847770035,0,Bear,0.6470698325994737,0.29761922286698683,0.6687773770794623,0.5504772755165637,0.2724908123759353,0.6,0.6,-0.0181637568577164,0.0,0.0,-0.0181637568577164,-0.030272928096194005,1.0160824862285278,0.682840790790536
2020-01-03,0.050171745960031294,0.4736856191372882,1.54172968957665,-0.0021064927220764,1,Bull,0.6178786176029034,0.23598465791061007,0.6670094531395772,0.5867031661014563,0.2556659119409986,0.2556659119409986,0.6,0.030103047576018775,0.0,0.0,0.030103047576018775,0.050171745960031294,1.0466696656526244,0.7171001054772256
2020-01-04,0.008915009823896914,-0.1304988116571426,-1.3230631379356372,0.0032009499094419,0,Bear,0.7757202153396391,0.5815646254612016,0.6207518428991072,0.5874863455451668,0.25532508310606816,0.6,0.2556659119409986,0.0022792641165895657,0.3443340880590014,6.886681761180029e-05,0.0022103972989777655,0.008915009823896914,1.048983221454505,0.7234930599622725
2020-01-05,8.914393268935946e-05,-0.1598383473683339,-0.9255192169373624,0.0059633176606276,0,Bear,0.9851315828359779,0.9709388102919866,0.08007999555958119,0.5686341602424243,0.26378999097776834,0.6,0.6,5.3486359613615676e-05,0.3443340880590014,6.886681761180029e-05,-1.538045799818461e-05,8.914393268935946e-05,1.0489670876121266,0.723557554978911
2020-01-06,0.047161467235659664,-0.746467580779791,0.1188565685794316,0.0152128877712166,1,Bull,0.9951500219249091,0.9913134376466881,0.033168572500297366,0.5577822430942806,0.2689221499197956,0.2689221499197956,0.6,0.028296880341395797,0.0,0.0,0.028296880341395797,0.047161467235659664,1.0786495837723495,0.757681590901163
2020-01-07,0.04952688932640552,-2.752871778211312,2.032565580441807,0.0311728512557365,1,Bull,0.9999999727255758,0.9999999454512947,5.023232190746883e-07,0.4564715072988857,0.32860758580005717,0.32860758580005717,0.2689221499197956,0.013318877556496748,0.3310778500802044,6.621557001604088e-05,0.013252661986480707,0.04952688932640552,1.0929445621079428,0.7952072031983799
2020-01-08,-0.010321673202805576,-2.001804095466853,2.455880557705157,0.0190741674231691,1,Bull,0.9999989719373259,0.9999982401858917,1.5820226004987783e-05,0.4565429994772773,0.3285561276194,0.3285561276194,0.32860758580005717,-0.003391780112591084,0.059685435880261595,1.193708717605232e-05,-0.0034037171997671365,-0.010321673202805576,1.089224487903504,0.7869993343184493
2020-01-09,-0.02516485111441786,-1.7961413230610832,0.2726366887148554,0.0122581952355062,1,Bull,0.9914258501391153,0.98285399661308,0.04936287877133022,0.4752116476127466,0.3156488287977236,0.3156488287977236,0.3285561276194,-0.008268066034271875,5.1458180657160124e-05,1.0291636131432025e-08,-0.008268076325908006,-0.02516485111441786,1.0802186967014697,0.7671946132431795
2020-01-10,0.0358370170573265,-0.973895597461633,1.4224597189464725,0.0194077698604336,1,Bull,0.9998239430014829,0.99964878169342,0.0017036254415841725,0.4919677878424945,0.304898011021858,0.304898011021858,0.3156488287977236,0.011311912461749153,0.012907298821676405,2.581459764335281e-06,0.011309331001984817,0.0358370170573265,1.0924352474969992,0.7946885796842644
2020-01-11,-0.01592428993077385,-1.01665280697354,0.5060705584390964,0.0067906184271469,1,Bull,0.9015597615335919,0.8032252876895503,0.32247096174959167,0.4706749044211248,0.31869130601828555,0.31869130601828555,0.304898011021858,-0.004855284326828348,0.010750817775865618,2.1501635551731236e-06,-0.004857434490383521,-0.01592428993077385,1.0871288148472966,0.7820337283366973
2020-01-12,0.019095619045757743,-1.5080486355145144,-0.1483550302869613,0.0007043643710173,1,Bull,0.5375364540202687,0.07507824487198439,0.6903925717518463,0.46187666994388615,0.3247620193031695,0.3247620193031695,0.31869130601828555,0.0060856077729201825,0.013793294996427563,2.7586589992855128e-06,0.0060828491139208974,0.019095619045757743,1.0937416553954082,0.7969671464939485
2020-01-13,-0.005913064387262195,-1.8112713321664564,-0.2601596770771244,0.001586086134126,0,Bear,0.9186527164246773,0.837305679440737,0.28205101705527824,0.46249291151117705,0.3243292951450456,0.6,0.3247620193031695,-0.0019203387306769293,0.006070713284883955,1.214142656976791e-06,-0.001921552873333906,-0.005913064387262195,1.091639972974798,0.7922546284421971
2020-01-14,0.0805965063783667,-0.8180012245118077,3.4259604693389862,0.0227383576326829,1,Bull,0.9975647269183057,0.9951294538366132,0.01708703940267222,0.5592861113167086,0.2681990433248199,0.2681990433248199,0.6,0.048357903827020016,0.2752379806968305,5.50475961393661e-05,0.048302856230880646,0.0805965063783667,1.1443693016452823,0.8561075836567291
2020-01-15,-0.0023537488141357047,-0.7396708406576491,2.1451609353757486,0.0151002044583905,1,Bull,0.9994866871578914,0.9989992607787582,0.004503883017251327,0.558072202704221,0.26878242505746197,0.26878242505746197,0.2681990433248199,-0.0006312731801781254,0.33180095667518006,6.636019133503601e-05,-0.0006976333715131614,-0.0023537488141357047,1.1435709514311192,0.8540925214469245
2020-01-16,-0.009494746324859216,-0.5731560390201508,0.787268142616257,0.0163861131795734,1,Bull,0.9954564899044082,0.9921259905001448,0.031677391582120705,0.5640828607497633,0.26591837908463334,0.26591837908463334,0.26878242505746197,-0.002552020942501085,0.0005833817326420521,1.1667634652841042e-07,-0.0025521376188476132,-0.009494746324859216,1.1406524009861505,0.8459831296178265
2020-01-17,0.023255338715640103,-0.4476548617270467,1.3514169705880044,0.0172180571135499,1,Bull,0.9975289837590217,0.9951402642044698,0.01766267060262645,0.5667736100803289,0.26465593551319455,0.26465593551319455,0.26591837908463334,0.006184021976327135,0.0028640459728286327,5.728091945657266e-07,0.00618344916713257,0.023255338715640103,1.1477055671250163,0.8656567538448062
2020-01-18,0.0015410282758632793,-0.5249538246968849,0.7207586249871761,0.018708875646175,1,Bull,0.9968133976559846,0.9951479941895941,0.02370617980418463,0.5675288515114834,0.2643037435022189,0.2643037435022189,0.26465593551319455,0.0004078422800008814,0.0012624435714387872,2.524887142877574e-07,0.0004075897912865937,0.0015410282758632793,1.1481733601975792,0.8669907553796731
2020-01-19,-0.026809102516198058,0.5723016750667097,0.8898256366121504,-0.0027722461327379,1,Bull,0.6415978304328115,0.38448783320149493,0.8658903574077259,0.5771806888353828,0.25988395471557674,0.25988395471557674,0.2643037435022189,-0.007085746154965903,0.00035219201097563824,7.043840219512765e-08,-0.007085816593368099,-0.026809102516198058,1.140037614349828,0.8437475113381034
2020-01-20,-0.005598131806099833,0.6005480834240261,-0.2094838917638435,-0.0034211227311307,0,Bear,0.869601235754342,0.7626099767996614,0.44851559997303436,0.5720962062591631,0.26219366316169745,0.6,0.25988395471557674,-0.0014548646327882787,0.004419788786642176,8.839577573284352e-07,-0.0014557485905456072,-0.005598131806099833,1.1383780061995694,0.839024101558564
2020-01-21,0.010141927934056931,0.7653234048470055,-0.5933314193029653,0.0005062121206524,0,Bear,0.98373088996925,0.968128587111693,0.08592324582605367,0.5708660646184683,0.26275865618365446,0.6,0.6,0.006085156760434159,0.34011604528442324,6.802320905688465e-05,0.006017133551377274,0.010141927934056931,1.1452277786948228,0.8475334235315077
2020-01-22,-0.007461951294768086,0.5325888083823006,-0.8332168932893724,-0.0056372458814291,0,Bear,0.9943727542011171,0.9901959543426005,0.03797271618518408,0.548023850227626,0.27371071521375634,0.6,0.6,-0.004477170776860852,0.0,0.0,-0.004477170776860852,-0.007461951294768086,1.1401003983512012,0.8412091704044276
2020-01-23,-0.03211536772319544,0.0898489725944384,-0.3513128811245365,-0.0123685250812408,0,Bear,0.46764226181662344,0.05550462045649329,0.9754282142664281,0.5473864065229723,0.274029457459143,0.6,0.6,-0.019269220633917263,0.0,0.0,-0.019269220633917263,-0.03211536772319544,1.118131552230555,0.8141934285647652
2020-01-24,0.00461893300829455,0.5043537819075297,-0.6241218206507402,-0.0060829179763423,0,Bear,0.9695324528736663,0.949009857130969,0.15560721698548183,0.5473676771037685,0.27403883399487505,0.6,0.6,0.00277135980497673,0.0,0.0,0.00277135980497673,0.00461893300829455,1.121230297071083,0.8179541334670996
2020-01-25,-0.009229306182408406,0.5329753198967578,-1.348868092590842,-0.006809152851604,0,Bear,0.9884398851356125,0.979867639513056,0.06965935399241124,0.5509119578356542,0.2722758108016007,0.6,0.6,-0.005537583709445043,0.0,0.0,-0.005537583709445043,-0.009229306182408406,1.115021390443486,0.8104049843261651
2020-01-26,0.02699683810277081,0.5008623766335125,-0.9465692070287,-0.0034381708178613,0,Bear,0.9666245857376324,0.9438928373153112,0.16718086611585864,0.5282885122626259,0.2839357595673614,0.6,0.6,0.016198102861662487,0.0,0.0,0.016198102861662487,0.02699683810277081,1.1330826216188434,0.8322833564856971
2020-01-27,0.03576042498236325,0.4861766517736808,0.0353259520408075,0.0052063044375649,0,Bear,0.6065175413163603,0.3176388865772708,0.8981375126113919,0.5089484488811836,0.2947253308851683,0.6,0.6,0.02145625498941795,0.0,0.0,0.02145625498941795,0.03576042498236325,1.1573943312723756,0.8620461630193734
2020-01-28,0.04914065669354804,-0.9552263334328848,0.8737423575538501,0.0214575093209136,1,Bull,0.9903863733102048,0.9807736402632459,0.05422765468320972,0.5385026189042813,0.2785501773514354,0.2785501773514354,0.6,0.029484394016128825,0.0,0.0,0.029484394016128825,0.04914065669354804,1.1915194017676443,0.9044076775702987
2020-01-29,-0.004493658672814258,-1.2193850323257405,0.2718272970504405,0.0196349909846918,1,Bull,0.9985235995697952,0.9971050871546029,0.011342935691700464,0.5215005884101076,0.287631506720449,0.287631506720449,0.2785501773514354,-0.0012517094202692273,0.3214498226485646,6.428996452971292e-05,-0.0013159993847989403,-0.004493658672814258,1.189951362967942,0.9003435781662251
2020-01-30,0.020437036918080173,-1.899842824652584,0.4968753347494438,0.0255682596047896,1,Bull,0.9999951469830912,0.9999919183872008,6.732775398207084e-05,0.5099459691868852,0.29414880999878623,0.29414880999878623,0.287631506720449,0.0058783357216488415,0.009081329369013624,1.816265873802725e-06,0.0058765194557750386,0.020437036918080173,1.196944135303849,0.9187439331121647
2020-01-31,-0.01680504867594127,-1.4425778306010997,0.0258788354108506,0.0168078822490471,1,Bull,0.9954121570425593,0.9908387317374822,0.029377313133881252,0.5107400768900968,0.293691462227425,0.293691462227425,0.29414880999878623,-0.004943185069999803,0.0065173032783372165,1.3034606556674433e-06,-0.0049444885306554704,-0.01680504867594127,1.1910258587550038,0.9033043965954891
2020-02-01,0.004518472151643944,-1.401965805083873,-0.5371752314095156,0.0105594916829033,1,Bull,0.7497691147774678,0.4995499937577595,0.5627176509616345,0.5082083887243416,0.2951545140301921,0.2951545140301921,0.293691462227425,0.001327036693250209,0.0004573477713612495,9.14695542722499e-08,0.0013269452236959367,0.004518472151643944,1.192606284829577,0.9073859523559634
2020-02-02,-0.005177910236525379,-1.199651242046926,0.1598469551695056,-0.0003042217031113,0,Bear,0.767149500561267,0.5343118562453828,0.5428366495707359,0.5078636714948492,0.29535485292438624,0.6,0.2951545140301921,-0.0015282835795536053,0.0014630518027671235,2.926103605534247e-07,-0.0015285761899141586,-0.005177910236525379,1.1907832952586446,0.9026875893447802
2020-02-03,-0.00545597007771587,-1.8706334370354545,0.3444823785173972,-0.0004966839840916,0,Bear,0.9302738978709325,0.8605480738034741,0.25293361632080485,0.38642206139289653,0.3881765949369199,0.6,0.6,-0.003273582046629522,0.3048454859698079,6.096909719396158e-05,-0.0033345511438234838,-0.00545597007771587,1.186812567459394,0.8977625528677896
2020-02-04,-0.0121854536490776,-1.7624425260313432,0.2788534968744233,-0.0070211820975232,0,Bear,0.8985963728898674,0.7971940154059977,0.32817175853020064,0.3910835131788491,0.38354979165639863,0.6,0.6,-0.00731127218944656,0.0,0.0,-0.00731127218944656,-0.0121854536490776,1.1781354577408423,0.8868229088919416
2020-02-05,0.04602834799275258,-1.1686467466300434,1.3472494554149324,0.0055454972362155,1,Bull,0.9991466756088273,0.9985508383540747,0.007405388300084121,0.4295549807606232,0.3491986048779866,0.3491986048779866,0.6,0.027617008795651547,0.0,0.0,0.027617008795651547,0.04602834799275258,1.21067203503974,0.927641902350365
2020-02-06,0.012033084493942919,-1.0104150116823412,1.798048554369655,0.0070484197046753,1,Bull,0.9983722383141515,0.9968564159855207,0.012485221572339385,0.42294483337300043,0.3546561824712328,0.3546561824712328,0.3491986048779866,0.0042019363176638005,0.2508013951220134,5.016027902440268e-05,0.0041517760386393975,0.012033084493942919,1.2156984741854686,0.938804295741469
2020-02-07,0.0067748353927720014,-1.0620428658588894,1.1130171344285151,0.0094389688305348,1,Bull,0.9816881888700703,0.9634651691679115,0.09195593527159165,0.42288131921887173,0.35470944963252,0.35470944963252,0.3546561824712328,0.0024027372572715134,0.005457577593246221,1.0915155186492442e-06,0.002401645741752864,0.0067748353927720014,1.2186181512492515,0.9451645403111446
2020-02-08,0.0070368594474600355,-2.055497900909934,1.2200542928530784,0.0119375347355699,1,Bull,0.9933037344390944,0.9866080292665098,0.04020249694845699,0.3986826668480684,0.3762390805346012,0.3762390805346012,0.35470944963252,0.002496040541749948,5.326716128717379e-05,1.065343225743476e-08,0.0024960298883176905,0.0070368594474600355,1.221659858577216,0.9518155303360374
2020-02-09,0.025179720219250152,-1.8881105211193447,1.210378733937311,0.0194105695092355,1,Bull,0.9999808605072489,0.9999632527401936,0.00023240298910679881,0.4027742892871855,0.372417018637074,0.372417018637074,0.3762390805346012,0.009473594783409185,0.02152963090208121,4.305926180416242e-06,0.009469288857228768,0.025179720219250152,1.233228108663365,0.9757819790902359
2020-02-10,-0.026042505869956382,-1.532341455040823,1.6620832891139037,0.0049963987366937,1,Bull,0.9993876154299771,0.9987834555258684,0.005186329314985746,0.4276076965583377,0.35078882164024794,0.35078882164024794,0.372417018637074,-0.009698672393927655,0.003822061897527207,7.644123795054414e-07,-0.00969943680630716,-0.026042505869956382,1.221266490555623,0.9503701711719807
2020-02-11,0.03505244674627077,-0.9828773505085514,1.224869516147503,0.0096002711871593,1,Bull,0.9996183131224746,0.9993848525096555,0.0036408047195198635,0.44031970563517503,0.34066156494999533,0.34066156494999533,0.35078882164024794,0.012296006489731866,0.021628196996826055,4.325639399365211e-06,0.012291680850332502,0.03505244674627077,1.2362779084907385,0.9836829709862308
2020-02-12,0.011475404940052,-1.2923045355886962,1.9476949303889344,0.0105403850966153,1,Bull,0.9997238975121747,0.9994744436522434,0.0026262765537926067,0.40149767271799064,0.37360116930331255,0.37360116930331255,0.34066156494999533,0.003909229405313021,0.010127256690252606,2.0254513380505215e-06,0.003907203953974971,0.011475404940052,1.2411082984230053,0.9949711314109313
2020-02-13,-0.010873762642183454,-1.1098959894062923,2.3758443170511354,0.0069582606786866,1,Bull,0.9998644820678527,0.9997925729132596,0.0014361660699239468,0.4110382209537391,0.3649295670167908,0.3649295670167908,0.37360116930331255,-0.004062450437846416,0.03293960435331722,6.587920870663444e-06,-0.004069038358717079,-0.010873762642183454,1.2360581811494,0.9841520514921441
2020-02-14,0.009523015160699344,-1.0827935022249555,1.4074360758540174,0.0038269196669764,1,Bull,0.9827030418734113,0.9654827121781316,0.0878158723990694,0.40233035789099764,0.37282794364883376,0.37282794364883376,0.3649295670167908,0.003475229799288346,0.008671602286521751,1.7343204573043504e-06,0.0034734954788310413,0.009523015160699344,1.2403516236531946,0.9935241463989372
2020-02-15,-0.04185355039924229,-0.6551374875288298,1.3947613853219898,0.0006647107611192,1,Bull,0.9990388184606682,0.9981999784507495,0.008004772151185995,0.4523272584354342,0.33161830776866874,0.33161830776866874,0.37282794364883376,-0.015604173129752328,0.007898376632042958,1.5796753264085917e-06,-0.015605752805078737,-0.04185355039924229,1.220995002823085,0.951941633464765
2020-02-16,0.004540878520857384,-0.500927019650479,1.1865916450061995,-0.0054376028839634,1,Bull,0.9380216841575916,0.8775349331596745,0.23940905524348013,0.4334674844462499,0.3460467171871574,0.3460467171871574,0.33161830776866874,0.0015058384508698213,0.04120963588016502,8.241927176033005e-06,0.0014975965236937883,0.004540878520857384,1.2228235606947604,0.956264284781275
2020-02-17,-0.02489772344158013,0.2935509102845583,1.4364627193863608,-0.0127122285602898,1,Bull,0.9007910077912823,0.8033331893755224,0.3321464817795928,0.4045120112362429,0.37081717188466146,0.37081717188466146,0.3460467171871574,-0.008615775462392538,0.014428409418488664,2.885681883697733e-06,-0.008618661144276236,-0.02489772344158013,1.212284458785895,0.9324554810817304
2020-02-18,0.04557569247775114,1.0997900748895335,1.4507661380614751,-0.0014223375363029,2,Chop,0.9561085653278597,0.9122678514280818,0.18051372731167198,0.44428417498850375,0.3376217485213858,0.3376217485213858,0.37081717188466146,0.016900249391284716,0.024770454697504052,4.954090939500811e-06,0.016895295300345215,0.04557569247775114,1.2327663627051018,0.9749527853367047
2020-02-19,-0.05144998404328957,1.524632653247418,1.262325162720539,-0.0136169373771006,2,Chop,0.999961953475463,0.9999239279318047,0.0004254122915572145,0.4969663199346088,0.30183131931302126,0.30183131931302126,0.3376217485213858,-0.017370633574092825,0.033195423363275633,6.639084672655127e-06,-0.01737727265876548,-0.05144998404328957,1.2113442454958208,0.9247914800881705
2020-02-20,-0.0025892656683303506,1.147096269325357,0.8725501410426177,-0.0057640804309183,2,Chop,0.982364037535342,0.9648028745826771,0.08917354449043913,0.49104992849296764,0.30546791944426105,0.30546791944426105,0.30183131931302126,-0.0007815214727240615,0.03579042920836456,7.1580858416729125e-06,-0.0007886795585657344,-0.0025892656683303506,1.2103888830510119,0.9223969492584138
2020-02-21,0.008081532009711982,1.1260022310235671,0.1854060310467333,-0.0050559497331473,2,Chop,0.8938771865449396,0.787844308876117,0.3390576000250218,0.49172555414256264,0.30504820979165853,0.30504820979165853,0.30546791944426105,0.0024686487689289166,0.0036366001312397866,7.273200262479574e-07,0.0024679214489026686,0.008081532009711982,1.213376027737007,0.9298513297295063
2020-02-22,-0.002404158134973382,0.8242205811916377,-0.7503496050344409,-0.000557236671826,0,Bear,0.690094146827038,0.3804701875237422,0.6212810405355293,0.49114013201520873,0.3054118167548871,0.6,0.30504820979165853,-0.0007333841351296827,0.0004197096526025179,8.394193052050358e-08,-0.0007334680770602032,-0.002404158134973382,1.2124860551551917,0.9276158200908213
2020-02-23,0.02668506547579107,0.273207662888313,0.1138905386535388,-0.004335362072218,0,Bear,0.7536350498746687,0.5359186233487094,0.6468638820769482,0.5012610976911608,0.2992452450248167,0.6,0.6,0.01601103928547464,0.29495179020834145,5.899035804166829e-05,0.015952048927432974,0.02668506547579107,1.2318276920308575,0.9523693089863245
2020-02-24,-0.028031992193656916,0.7948323345543751,0.8001862498568342,0.0003482362977084,2,Chop,0.7821220604542148,0.57790911376956,0.5752759073301172,0.5150381036610023,0.29124058770364275,0.29124058770364275,0.6,-0.01681919531619415,0.0,0.0,-0.01681919531619415,-0.028031992193656916,1.211109341482694,0.9256724999513415
2020-02-25,-0.03248723753845248,0.0897274575445575,0.1805302322881807,-0.0056313580763159,2,Chop,0.7992163070930516,0.6541358667051708,0.6200514809666292,0.4964237896289246,0.3021611839193375,0.3021611839193375,0.29124058770364275,-0.009461602153566744,0.3087594122963572,6.175188245927145e-05,-0.009523354036026015,-0.03248723753845248,1.199575518447416,0.8955999575626091
2020-02-26,-0.057407687925487366,1.3682999382803769,1.7051986214899082,-0.0187292020633558,2,Chop,0.9998673544729115,0.9997347090456272,0.0013168749785232947,0.5463602843817624,0.2745441136332475,0.2745441136332475,0.3021611839193375,-0.01734637494963712,0.010920596215694744,2.184119243138949e-06,-0.01734855906888026,-0.057407687925487366,1.1787646117080484,0.8441856346927752
2020-02-27,-0.004092966388449268,1.9565755730492236,0.584125959169703,-0.0190669637140509,2,Chop,0.9999501288581747,0.9999013946882879,0.0005493197094789622,0.5438638150730937,0.2758043389590838,0.2758043389590838,0.2745441136332475,-0.0011236998292474785,0.027617070286090006,5.523414057218002e-06,-0.0011292232433046966,-0.004092966388449268,1.1774335233101225,0.840730411264366
2020-02-28,-0.012836217768337236,2.212145007892348,0.3070464585149797,-0.0269712203628766,2,Chop,0.9999996423455926,0.999999382252851,5.876156700277545e-06,0.5417213042336119,0.2768951466884049,0.2768951466884049,0.2758043389590838,-0.0035402845563310974,0.001260225325836306,2.5204506516726124e-07,-0.0035405366013962648,-0.012836217768337236,1.173264776825132,0.8299386126209128
2020-02-29,-0.008446835964171201,1.9214680707870069,-1.8870356873132763,-0.0230541891169795,2,Chop,0.9999923709835884,0.9999861663540932,0.00010119859576217091,0.5227264803305526,0.28695695673413296,0.28695695673413296,0.2768951466884049,-0.002338887883352079,0.0010908077293211305,2.181615458642261e-07,-0.002339106044897943,-0.008446835964171201,1.1705203860933946,0.8229282572997721
2020-03-01,-0.004318240904803676,1.6887679730505352,-1.8113761624346607,-0.0174203897902497,2,Bear,1.0,1.0,5.134452959236523e-230,0.516623572572654,0.2903467978687812,0.6,0.28695695673413296,-0.0012391492684873115,0.010061810045728037,2.0123620091456076e-06,-0.001241161630496457,-0.004318240904803676,1.1690675811024616,0.8193746548373815
2020-03-02,0.035250739590151826,1.3358323863568569,-0.1390446149960064,0.001111295712878,0,Bull,0.5426552237756116,0.101340398666944,0.7589655260209337,0.5169345246339169,0.2901721453142003,0.2901721453142003,0.6,0.021150443754091097,0.313043043265867,6.26086086531734e-05,0.021087835145437925,0.035250739590151826,1.1937206855266262,0.8482582174218245
2020-03-03,-0.009274764811755473,1.2458697752388297,-0.2401466908892416,7.493602821685152e-05,1,Chop,0.9676378560979942,0.935304311580266,0.14308936790058788,0.5102230766839272,0.2939890546991506,0.2939890546991506,0.2901721453142003,-0.002691278402711741,0.30982785468579965,6.196557093715993e-05,-0.002753243973648901,-0.009274764811755473,1.19043408124298,0.8403908219555981
2020-03-04,-0.0037097436703969933,0.859441160423948,-1.8366664690935053,0.0019002308478048,1,Chop,0.9964931234805358,0.9932381257213518,0.02423113634846218,0.5103834137146801,0.29389669799076695,0.29389669799076695,0.2939890546991506,-0.0010906240348361694,0.0038169093849502733,7.633818769900548e-07,-0.0010913874167131595,-0.0037097436703969933,1.189134856466285,0.8372731874231886
2020-03-05,0.03628484201142127,1.108322380347435,-0.6364743307314542,0.0108465664429233,1,Chop,0.9939562275642039,0.9879449562939043,0.037103703386859546,0.5397019324296801,0.2779311893969253,0.2779311893969253,0.29389669799076695,0.01066399525427337,9.235670838364518e-05,1.8471341676729036e-08,0.010663976782931694,0.03628484201142127,1.2018157629674162,0.8676535127492381
2020-03-06,0.004811004368074786,0.7747777165836724,-0.3417563349495436,0.012672415497499,1,Chop,0.9972522531690418,0.9946520756035012,0.019522421529519305,0.5171062474735711,0.29007578371535025,0.29007578371535025,0.2779311893969253,0.0013371281662128282,0.01596550859384166,3.1931017187683322e-06,0.00133393506449406,0.004811004368074786,1.2034189071547001,0.87182779758905
2020-03-07,-0.02357983053034934,0.3806307831386801,-1.2619814369129465,0.0009063014733988,1,Chop,0.9953360898424656,0.9923961689280398,0.032760852284759674,0.5220765912570497,0.28731416522397946,0.28731416522397946,0.29007578371535025,-0.006839937820966228,0.012144594318424962,2.4289188636849922e-06,-0.006842366739829913,-0.02357983053034934,1.1951846736503022,0.8512702458702526
2020-03-08,-0.09430352876922735,0.7941762409181881,-0.3765579278337322,-0.0160994513180955,0,Bull,0.9631266132539636,0.9262754857605348,0.15806425466346746,0.6421518747685391,0.23358960067517806,0.23358960067517806,0.28731416522397946,-0.027094739646006085,0.0027616184913707986,5.523236982741598e-07,-0.02709529196970436,-0.09430352876922735,1.1628007959600315,0.77099245774844
2020-03-09,-0.02301429329184435,1.5539472687585738,1.1929536592560284,-0.0199603612423849,0,Bull,0.9961656718868741,0.992333362972991,0.02517751480410952,0.5955047185092885,0.2518871729102182,0.2518871729102182,0.23358960067517806,-0.005375899579863351,0.053724564548801396,1.074491290976028e-05,-0.005386644492773111,-0.02301429329184435,1.1565372014562811,0.7532486112000175
2020-03-10,-0.0017576850801850666,1.585540999511206,0.1912391397948541,-0.0275688666607062,0,Bull,0.9876821216603843,0.9753656027036623,0.06641350494959847,0.5701090032311319,0.2631075796906639,0.2631075796906639,0.2518871729102182,-0.0004427383257142867,0.018297572235040166,3.6595144470080335e-06,-0.0004463978401612947,-0.0017576850801850666,1.156020925747485,0.7519246373544411
2020-03-11,0.00021498848832731012,2.0959821929685223,-0.5694645171540004,-0.0284880698366557,0,Bull,0.996617915644698,0.9932358983523211,0.022618719571550275,0.570921045855155,0.2627333518163133,0.2627333518163133,0.2631075796906639,5.656510082515311e-05,0.011220406780445669,2.2440813560891337e-06,5.432101946906397e-05,0.00021498848832731012,1.1560837219826992,0.752086292495562
2020-03-12,-0.46473017533977296,4.179477332538599,2.3954454141526003,-0.1167181387985404,0,Bull,1.0,1.0,7.277341344197505e-17,2.0205026362937897,0.07423895287518414,0.07423895287518414,0.2627333518163133,-0.12210011665720154,0.0003742278743505967,7.484557487011934e-08,-0.12210019150277641,-0.46473017533977296,1.014925678135369,0.4025690979134597
2020-03-13,0.11268622219754491,3.701574314491977,3.505035924073147,-0.075320188605186,0,Bull,1.0,1.0,2.6519411573301353e-17,2.1121171306277144,0.07101878860071575,0.07101878860071575,0.07423895287518414,0.008365707139406067,0.18849439894112915,3.769887978822583e-05,0.00832800825961784,0.11268622219754491,1.0233779875657785,0.447933088730801
2020-03-14,-0.06753557004657186,2.723107527773213,-0.8191612230200267,-0.0842244439561315,0,Bull,0.9999999992012505,0.9999999984026291,1.75318147333774e-08,2.1039315878230185,0.07129509384628238,0.07129509384628238,0.07101878860071575,-0.004796294372166318,0.00322016427446839,6.44032854893678e-07,-0.004796938405021212,-0.06753557004657186,1.0184689063943708,0.41768167224064473
2020-03-15,0.03624573263084445,2.2966032863914263,-0.9745537149094724,-0.0766237604139256,0,Bull,0.9999996499362753,0.9999992999223475,5.554304640340837e-06,2.1242657779178673,0.07061263310800256,0.07061263310800256,0.07129509384628238,0.0025841429094433147,0.00027630524556662706,5.526104911332541e-08,0.0025840876483942013,0.03624573263084445,1.021100719315658,0.4328208504574832
2020-03-16,-0.07264505770911892,2.066513669728841,0.2611551864477409,-0.0911957696534148,0,Bull,0.9999999925300784,0.9999999850645522,1.4728701133721197e-07,2.132407573397976,0.07034302535372076,0.07034302535372076,0.07061263310800256,-0.005129658807123687,0.000682460738279822,1.364921476559644e-07,-0.005129795299271343,-0.07264505770911892,1.01586268164563,0.40137855479828943
2020-03-17,0.04124552567019178,1.7898880938990258,-0.4211383326666728,0.009999370548578,0,Bull,0.8651584774148133,0.7303190298758557,0.39551275862863267,2.1506031529291683,0.06974787505342245,0.06974787505342245,0.07034302535372076,0.002901335057945841,0.00026960775428179484,5.392155085635897e-08,0.0029012811363949846,0.04124552567019178,1.0188099848810561,0.41793362428368674
2020-03-18,0.002448204386069575,1.572744062156699,-0.4605045273600717,-0.0120482330137169,1,Chop,0.7004578841202858,0.4009260000371656,0.6105912991262631,2.1520744604706623,0.06970019056273487,0.06970019056273487,0.06974787505342245,0.00017075705362482152,0.0005951503002983166,1.1903006005966333e-07,0.00017063802356476185,0.002448204386069575,1.018983832603264,0.418956811215744
2020-03-19,0.1671043242496126,1.4695310471139906,0.940589907906876,0.0348797458455199,0,Bull,0.999999886828568,0.9999997737857833,1.924276872531926e-06,2.3048411117245657,0.06508040803201595,0.06508040803201595,0.06970019056273487,0.011647203244055037,4.768449068758007e-05,9.536898137516014e-09,0.0116471937071569,0.1671043242496126,1.0308521346860555,0.48896630604372343
2020-03-20,0.0012244500086869695,1.4052198071601496,1.182012309318964,0.0278754893210884,0,Bull,0.9985003603114061,0.9970027974280267,0.011265712550313904,2.305888645658367,0.06505084288542158,0.06505084288542158,0.06508040803201595,7.968770618015345e-05,0.004619782530718916,9.239565061437833e-07,7.876374967400967e-05,0.0012244500086869695,1.0309333284655429,0.48956502084140624
2020-03-21,-0.0022144850761294074,1.275832391304725,-0.1227486263399182,0.0419616038476863,0,Bull,0.9996311128062468,0.9992625124556588,0.003287219999501312,2.3061173326747446,0.06504439209345123,0.06504439209345123,0.06505084288542158,-0.00014405412075940493,2.9565146594370817e-05,5.913029318874164e-09,-0.0001440600337887238,-0.0022144850761294074,1.0307848121754102,0.488480886408958
2020-03-22,-0.05907702386252891,1.1632924988890727,-0.3650110933246107,0.0218970939411421,0,Bull,0.9842242819841591,0.9684531194659363,0.08115022764646164,2.3008407144548366,0.06519356123074392,0.06519356123074392,0.06504439209345123,-0.0038426291038285046,6.450791970355474e-06,1.2901583940710948e-09,-0.0038426303939868988,-0.05907702386252891,1.0268238871264848,0.45962288942618673
2020-03-23,0.09578323765146265,1.0751728439360662,0.2996901407497496,0.0405641005942207,0,Bull,0.9999998826819831,0.9999997661283024,1.994132676689109e-06,2.354259840825629,0.0637142924492972,0.0637142924492972,0.06519356123074392,0.006244450368709527,0.00014916913729269565,2.983382745853913e-08,0.006244420534882068,0.09578323765146265,1.0332358072929648,0.5036470578741471
2020-03-24,0.04844470857364082,0.9829500761643872,0.4219230418479033,0.0168321774590264,0,Bull,0.9501699846370107,0.9003822731978575,0.19835586733315558,2.3698648468128707,0.0632947487287001,0.0632947487287001,0.0637142924492972,0.0030866203296819267,0.0014792687814467187,2.9585375628934377e-07,0.0030863244759256375,0.04844470857364082,1.0364247082544158,0.5280460928168318
2020-03-25,-0.00801155993972081,0.8965930406858731,-0.0030320563318159,0.0149849754693448,1,Chop,0.6568149500537559,0.3138839899296986,0.6452110942283684,2.3596587113479224,0.06356851492066604,0.06356851492066604,0.0632947487287001,-0.0005070896733095484,0.0004195437205971042,8.390874411942084e-08,-0.0005071735820536678,-0.00801155993972081,1.0358990610226015,0.5238156198932944
2020-03-26,0.005281211361417012,0.8149892974920039,-0.9744930887347028,0.0164841147568541,1,Chop,0.9717602366209835,0.9436988393194651,0.1296502975814997,2.359736677738343,0.06356641459832943,0.06356641459832943,0.06356851492066604,0.0003357187632274283,0.0002737661919659379,5.4753238393187576e-08,0.0003356640099890351,0.005281211361417012,1.036246775055368,0.5265820008963625
2020-03-27,-0.03741337669931112,0.7427472364382057,-1.035789863076395,0.0208168441894977,1,Chop,0.9550039325786562,0.9103541322131856,0.18553937699364678,2.3614074819275626,0.06352143844211015,0.06352143844211015,0.06356641459832943,-0.0023782342147918886,2.1003223366067303e-06,4.200644673213461e-10,-0.0023782346348563558,-0.03741337669931112,1.0337823370846733,0.50688079013375
2020-03-28,-0.03581324079079013,0.6733404765571601,-0.9569846025656534,-0.0055024514989528,1,Chop,0.9925950046189984,0.985488566554226,0.044954567342675895,2.337245188381702,0.06417811907182032,0.06417811907182032,0.06352143844211015,-0.0022749085703046438,4.4976156219275754e-05,8.99523124385515e-09,-0.0022749175655358876,-0.03581324079079013,1.0314305674870985,0.48872774634446403
2020-03-29,-0.052650213305665085,0.5944825206256513,-1.4535094856836717,-0.025721435874814,0,Bull,0.5216073415941064,0.04447253859980044,0.700942284322002,2.343087536438755,0.06401809478615729,0.06401809478615729,0.06417811907182032,-0.0033789916586877125,0.0006566806297101657,1.3133612594203315e-07,-0.0033791229948136547,-0.052650213305665085,1.027945236738949,0.46299612625103104
2020-03-30,0.08226844860278629,0.57659850757379,-0.5606628801679345,-0.0076654341663126,0,Bull,0.9167805800711423,0.8336605729602741,0.28733114287389216,2.37912528160834,0.06304838217624116,0.06304838217624116,0.06401809478615729,0.005266669340563281,0.00016002428566302962,3.2004857132605925e-08,0.005266637335706149,0.08226844860278629,1.0333590515018196,0.5010860992668031
2020-03-31,0.001368107409615196,0.6169780610567216,-0.9355177781968947,-0.0084480549566729,1,Chop,0.8926271388523481,0.786172733485932,0.34627479446158227,2.379228816701007,0.06304563854769846,0.06304563854769846,0.06304838217624116,8.625695881956619e-05,0.0009697126099161291,1.9394252198322583e-07,8.606301629758297e-05,0.001368107409615196,1.0334479854987102,0.5017716388720652
2020-04-01,0.025777803165675912,-1.291706411909877,-0.1490024514265675,0.0041901810163244,2,Bear,0.9580467209401056,0.9169550351608066,0.17830328199527357,1.2196395423781081,0.12298715709686096,0.6,0.06304563854769846,0.0016251780609369206,2.7436285427034912e-06,5.487257085406982e-10,0.001625177512211212,0.025777803165675912,1.0351275219247826,0.5147062094130279
2020-04-02,0.02788875596596145,-3.369671986643425,1.0496339898223748,0.0169305803676747,2,Bear,0.9939901970676599,0.9879803941353236,0.036728023464033165,1.1392825164284137,0.1316618115673727,0.6,0.6,0.01673325357957687,0.5369543614523016,0.00010739087229046032,0.016625862707286408,0.02788875596596145,1.0523374099888376,0.5290607252815129
2020-04-03,-0.008906283829348233,-2.690903086908689,-0.2502787697751915,0.0256793662629381,2,Bear,0.9974435584218903,0.9948871168437788,0.017812926208401643,1.089069363000932,0.13773227408277725,0.6,0.6,-0.0053437702976089395,0.0,0.0,-0.0053437702976089395,-0.008906283829348233,1.0467139605942766,0.524348760299195
2020-04-04,0.019725803844387817,-2.429038173300551,-1.0966962535473512,0.0131708373112584,2,Bear,0.9996756054921093,0.9993512109847512,0.0029303814499941857,1.0845487044426645,0.1383063751637443,0.6,0.6,0.01183548230663269,0.0,0.0,0.01183548230663269,0.019725803844387817,1.0591023251549956,0.5346919610909048
2020-04-05,-0.011186860819705755,-2.363931811350229,-1.450277714861805,0.0106598436653942,2,Bear,0.9998035076954656,0.9996070153917715,0.0018735126883045266,1.0222968052077845,0.14672842489174373,0.6,0.6,-0.006712116491823452,0.0,0.0,-0.006712116491823452,-0.011186860819705755,1.051993506971794,0.5287104365407653
2020-04-06,0.06838401551364988,-2.0194132409760224,0.9141198828796832,0.019181086134989,2,Bear,0.9250883968294903,0.8501767936660742,0.26616232724910815,1.0419819459800876,0.14395642897527372,0.6,0.6,0.04103040930818993,0.0,0.0,0.04103040930818993,0.06838401551364988,1.095157231152405,0.5648657792353976
2020-04-07,-0.013201383140758695,-1.7510026437301256,0.5038060587776857,0.010963058313645,2,Bear,0.9979528574703536,0.9959057175633235,0.014719578631561111,1.0481687639806905,0.14310672589625398,0.6,0.6,-0.007920829884455216,0.0,0.0,-0.007920829884455216,-0.013201383140758695,1.0864826770277158,0.5574087696606079
2020-04-08,0.021734626116209514,-1.7088746153237004,-0.3367416332400317,0.0170912403027565,2,Bear,0.9987463594933668,0.9974927223245075,0.009629354782961026,0.7993171616976036,0.18766017694581635,0.6,0.6,0.013040775669725708,0.0,0.0,0.013040775669725708,0.021734626116209514,1.1006512538878774,0.5695238408630776
2020-04-09,-0.004373997983961782,-1.7783050515889012,-0.6737944261497719,0.0122712799370866,2,Bear,0.9995897334098511,0.9991794687697575,0.0036097557178451658,0.800648802863096,0.1873480600528028,0.6,0.6,-0.002624398790377069,0.0,0.0,-0.002624398790377069,-0.004373997983961782,1.097762706068547,0.5670327447313244
2020-04-10,-0.06165264619598333,-1.590477868877369,0.7620489232559783,0.0021781228618311,2,Bear,0.9822203400663981,0.9644406825127256,0.08926739542181977,0.8539761509805278,0.17564893331947423,0.6,0.6,-0.03699158771759,0.0,0.0,-0.03699158771759,-0.06165264619598333,1.0571547206339134,0.5320736755388668
2020-04-11,-0.0009341136128114594,-1.4842408770403144,-1.1502146194875047,-0.0116855029634611,2,Bear,0.9993285267416608,0.9986571006351621,0.005577553917901261,0.8045748163259142,0.18643387408640757,0.6,0.6,-0.0005604681676868756,0.0,0.0,-0.0005604681676868756,-0.0009341136128114594,1.0565622190646782,0.5315766582755272
2020-04-12,0.016198094339308036,-1.3687991870182146,-0.3655439269469294,-0.0058056074674478,2,Bear,0.999304043164611,0.9986082631054864,0.005757116071399752,0.7034897670092777,0.2132227177058878,0.6,0.6,0.00971885660358482,0.0,0.0,0.00971885660358482,0.016198094339308036,1.066830795764533,0.5401871871348484
2020-04-13,-0.018247903368068016,-1.2263594827781774,0.199577485136299,-0.0138021133643033,2,Bear,0.9972455732434757,0.9944914958221845,0.01899020865666802,0.6801191767919937,0.22054958177701214,0.6,0.6,-0.01094874202084081,0.0,0.0,-0.01094874202084081,-0.018247903368068016,1.0551503406018188,0.5303299035433432
2020-04-14,-0.0003813508563592871,-1.1384218617166897,-0.5332365296572834,-0.0130035839387828,2,Bear,0.9985058178650856,0.9970132194543222,0.011226908356102797,0.6789977611787164,0.22091383591546052,0.6,0.6,-0.00022881051381557226,0.0,0.0,-0.00022881051381557226,-0.0003813508563592871,1.054908911110233,0.530127661780474
2020-04-15,-0.029712937076683203,-1.0241171809933245,-0.8296887187709789,-0.0066156421149227,2,Bear,0.9979207607434345,0.9958462707565325,0.014951572409597245,0.69129621370417,0.2169836851792599,0.6,0.6,-0.01782776224600992,0.0,0.0,-0.01782776224600992,-0.029712937076683203,1.0361022458517626,0.5143760119233816
2020-04-16,0.06902911272643515,-0.9023168005198196,1.5912430752951925,0.0073770031529265,2,Bear,0.7477080858265502,0.49541632621411835,0.564841456059933,0.7307062775813641,0.20528084211415237,0.6,0.6,0.04141746763586109,0.0,0.0,0.04141746763586109,0.06902911272643515,1.079014977086771,0.5498829316342148
2020-04-17,-0.0029015210954838368,-0.8624114951004221,-0.8075406600651257,0.0035570800659681,2,Bear,0.992172854915966,0.9845499291205403,0.04670546637284431,0.7087930192392534,0.21162736642213942,0.6,0.6,-0.001740912657290302,0.0,0.0,-0.001740912657290302,-0.0029015210954838368,1.0771365062557547,0.5482874347080317
2020-04-18,0.022500902000608027,-0.8149664406000232,-0.8915763822971191,0.0117068411397033,2,Bear,0.9966592118109567,0.9933567631065842,0.022592267060827648,0.659488156104708,0.22744911885299157,0.6,0.6,0.013500541200364816,0.0,0.0,0.013500541200364816,0.022500902000608027,1.0916784320368775,0.5606243965445618
2020-04-19,-0.009446987957285106,-0.8626834196203532,-1.0105642434501785,0.0098937137195182,2,Bear,0.9982657776639247,0.9965539377613739,0.012877111130749897,0.5782505147218483,0.2594031413394477,0.6,0.6,-0.005668192774371064,0.0,0.0,-0.005668192774371064,-0.009446987957285106,1.0854905882364694,0.555328184621845
2020-04-20,-0.04370789261905666,-0.8270231333150111,0.046120986593006,0.0070947226110435,2,Bear,0.9881346433023787,0.9762898446564483,0.0645584958795835,0.6154304064100075,0.2437318638105575,0.6,0.6,-0.026224735571433993,0.0,0.0,-0.026224735571433993,-0.04370789261905666,1.0570238845946875,0.5310559599600577
2020-04-21,-0.00023764284804566149,-1.0195454274459628,-0.773302835606751,-0.0067586285038526,2,Bear,0.9988067906278472,0.9976206218867151,0.009267276435720912,0.6071803803275035,0.24704355552314183,0.6,0.6,-0.00014258570882739687,0.0,0.0,-0.00014258570882739687,-0.00023764284804566149,1.056873168094855,0.5309297583092613
2020-04-22,0.033849812461733006,-1.18569894739511,-0.5874692157342906,0.0005916382075907,2,Bear,0.9985108051679229,0.997022773428965,0.011191512969619276,0.6125677855016619,0.24487085927503943,0.6,0.6,0.020309887477039802,0.0,0.0,0.020309887477039802,0.033849812461733006,1.0783381432163641,0.548901631058383
2020-04-23,0.04297334717626114,-1.1977593966334488,1.249011079102094,0.0046861272427213,2,Bear,0.9893822308629535,0.9787645175468315,0.05882209846705471,0.6340102840080754,0.236589222262662,0.6,0.6,0.025784008305756684,0.0,0.0,0.025784008305756684,0.04297334717626114,1.1061420228574692,0.5724897714154709
2020-04-24,0.016178084496425684,-1.1987264637921429,-0.3708018625561501,0.0098111417334635,2,Bear,0.998687916854128,0.9973770027643202,0.010027767428247517,0.6325983524120673,0.23711727896232604,0.6,0.6,0.00970685069785541,0.0,0.0,0.00970685069785541,0.016178084496425684,1.1168791783239704,0.5817515593107697
2020-04-25,0.0025177397803475064,-1.1595159997950204,-0.7357307989179951,0.0190562682133443,2,Bear,0.9976664838971459,0.995334018318516,0.01648192899587986,0.628665614497862,0.23860061142330877,0.6,0.6,0.0015106438682085039,0.0,0.0,0.0015106438682085039,0.0025177397803475064,1.1185663850062353,0.5832162583539257
2020-04-26,0.014417636083330129,-1.2237712903975162,-0.6418954357123084,0.0219873239996194,2,Bear,0.9960503134973157,0.992101106829918,0.025804717453911597,0.563769571706729,0.2660661510089968,0.6,0.6,0.008650581649998077,0.0,0.0,0.008650581649998077,0.014417636083330129,1.1282426348506749,0.591624858124754
2020-04-27,0.01495735604802822,-1.4250801947516716,0.0940339278131409,0.0182088327168785,2,Bear,0.9975590939993692,0.9951182411025352,0.017121539544335592,0.5613116689944294,0.26723121624875507,0.6,0.6,0.008974413628816931,0.0,0.0,0.008974413628816931,0.01495735604802822,1.1383679509294913,0.6004740017745901
2020-04-28,0.0014686626299017075,-1.50724570480109,-0.5294380888627963,0.0099078958076066,2,Bear,0.9994809148002951,0.9989618731378915,0.004445473711492737,0.555756054620496,0.2699025926086025,0.6,0.6,0.0008811975779410245,0.0,0.0,0.0008811975779410245,0.0014686626299017075,1.139371078010656,0.6013558955012239
2020-04-29,0.11984140644428902,-0.6749243785069212,3.314142353831412,0.0306405601971793,0,Bull,0.999980925781886,0.999961851563784,0.00022635686364752577,0.7447584726363512,0.20140757777352822,0.20140757777352822,0.6,0.0719048438665734,0.0,0.0,0.0719048438665734,0.11984140644428902,1.2212973774811018,0.6734232317916554
2020-04-30,-0.01632197818592355,0.5760801873155008,2.9930403959561613,0.0268726166039251,0,Bull,0.9999850398534499,0.9999701511628214,0.00018162222003116055,0.6844924967036572,0.21914045913192923,0.21914045913192923,0.20140757777352822,-0.003287370090899228,0.39859242222647173,7.971848444529436e-05,-0.0033670885753445227,-0.01632197818592355,1.217185161034287,0.662431632492458
2020-05-01,0.02353691044657035,0.7813207655137262,0.5662330486899145,0.0286964714765731,0,Bull,0.9886145896858974,0.9772856894266201,0.0626310643448298,0.6838656058640212,0.2193413423833246,0.2193413423833246,0.21914045913192923,0.005157889361808528,0.01773288135840101,3.546576271680202e-06,0.005154342785536848,0.02353691044657035,1.2234589505877267,0.6780232265034083
2020-05-02,0.013872127279034094,0.633476114662522,0.1358921262295933,0.0284794257227743,0,Bull,0.9548132015669663,0.9098432441976925,0.1854655298440602,0.6837174195620012,0.2193888815880866,0.2193888815880866,0.2193413423833246,0.003042731019095674,0.00020088325139536178,4.017665027907236e-08,0.003042690842445395,0.013872127279034094,1.2271815579327878,0.6874288509996049
2020-05-03,-0.010189912204170495,0.5668784465646377,0.8010455008116355,0.0261477107559598,2,Chop,1.0,1.0,1.983725129728799e-208,0.6775472529613318,0.2213867731651192,0.2213867731651192,0.2193888815880866,-0.002235553441953759,4.7539204761998244e-05,9.507840952399649e-09,-0.0022355629497947116,-0.010189912204170495,1.224438116309202,0.6804240113613051
2020-05-04,0.0017052718293899742,0.7268981615030012,0.5993018262695446,0.00252048383298,2,Chop,0.4232172511133129,0.10457517582861664,1.0779255687678115,0.6768071835388728,0.22162885331045643,0.22162885331045643,0.2213867731651192,0.00037752462767802605,0.0019978915770326178,3.995783154065236e-07,0.00037712504936261953,0.0017052718293899742,1.2248998825942568,0.6815843192599201
2020-05-05,0.010093566989645255,0.6011206984900905,0.2864837896366449,0.0078035928680938,0,Bear,0.908854970496767,0.8314577494489973,0.34383853670507386,0.6490990417188852,0.23108954159412037,0.6,0.22162885331045643,0.0022370256777273535,0.0002420801453372201,4.8416029067444027e-08,0.002236977261698286,0.010093566989645255,1.227639955779477,0.688463936245462
2020-05-06,0.029084126239824877,0.4441731631937909,0.9057128335793364,0.0089130360267447,0,Bear,0.8584797815313198,0.7242619850389034,0.43647035305298143,0.6065036423359963,0.24731920722233958,0.6,0.6,0.017450475743894925,0.3783711466895435,7.567422933790871e-05,0.017374801514557017,0.029084126239824877,1.248969956342485,0.7084873082787918
2020-05-07,0.07107536685466279,0.9724150406513667,1.8064687510437047,0.0203536839418704,1,Bull,0.9993943801131691,0.9988036685785728,0.005162579265489983,0.6495608036345495,0.23092526390245638,0.23092526390245638,0.6,0.04264522011279767,0.0,0.0,0.04264522011279767,0.07107536685466279,1.3022325550449814,0.7588433036265796
2020-05-08,-0.010998547172291293,1.0558742142315565,0.8387573438604955,0.0201919569482463,1,Bull,0.9439167510058935,0.8879190841047918,0.21669210416972803,0.6597056919195967,0.22737411824283854,0.22737411824283854,0.23092526390245638,-0.0025398424083049823,0.3690747360975436,7.381494721950873e-05,-0.002613657355524491,-0.010998547172291293,1.2988289653488845,0.7504971297552653
2020-05-09,-0.025599497514193534,1.0911796903774014,0.2831652094569685,0.0147310030795296,1,Bull,0.6091267837704537,0.21835643889391282,0.670087876324449,0.6747515576110998,0.222304044070772,0.222304044070772,0.22737411824283854,-0.005820663174749492,0.003551145659617838,7.102291319235677e-07,-0.005821373403881416,-0.025599497514193534,1.2912679969538117,0.731284780347686
2020-05-10,-0.09133874992634657,2.1758097147970026,1.6649398552491823,-0.0055554603036687,1,Bull,0.999999013503622,0.9999980275871894,1.4633753083074644e-05,0.7765820462954695,0.19315409197977887,0.19315409197977887,0.222304044070772,-0.02030497348899577,0.0050700741720665354,1.0140148344133072e-06,-0.020305987503830183,-0.09133874992634657,1.2650475251435718,0.6644901426705654
2020-05-11,-0.017817356616017375,2.1939458183984484,0.9992939505614328,-0.0149357568748371,1,Bull,0.9989125976284364,0.9978253069276523,0.008508342328449997,0.7855032435911915,0.19096038268947776,0.19096038268947776,0.19315409197977887,-0.003441495338646742,0.029149952090993136,5.829990418198627e-06,-0.0034473253290649404,-0.017817356616017375,1.2606864947676735,0.6526506848307757
2020-05-12,0.0232893964825246,1.922734124161708,-0.4224380663336965,-0.0244929509492648,1,Bull,0.9867820436021176,0.9735644646641801,0.0703177847349895,0.7809267253044255,0.19207948087770474,0.19207948087770474,0.19096038268947776,0.004447352064909875,0.0021937092903011046,4.3874185806022096e-07,0.004446913323051815,0.0232893964825246,1.2662926583374474,0.6678505253943909
2020-05-13,0.05152160673099469,1.6461372577056257,-0.1096162532496878,-0.0119889201686076,1,Bull,0.9410863556546677,0.8821749096957607,0.2239924677320857,0.7885431973868133,0.19022420140975324,0.19022420140975324,0.19207948087770474,0.009896243474874718,0.0011190981882269746,2.2381963764539494e-07,0.009896019655237074,0.05152160673099469,1.2788239153736372,0.702259257518849
2020-05-14,0.048814308336527425,1.5305472989508038,0.8313859773021,0.0028938410015365,1,Bull,0.9632154616427242,0.9264364994091299,0.15764162331651213,0.8047674727439839,0.18638924295554704,0.18638924295554704,0.19022420140975324,0.00928566282068539,0.0018552794679514983,3.7105589359029966e-07,0.009285291764791799,0.048814308336527425,1.290698168543675,0.7365395574475548
2020-05-15,-0.04255454133663077,1.46279389307343,-0.0417138017961539,0.0126506827194797,1,Bull,0.807420764202126,0.6148517175831734,0.4900518653186656,0.8380647422061067,0.17898378543541,0.17898378543541,0.18638924295554704,-0.007931708744055143,0.0038349584542062,7.6699169084124e-07,-0.007932475735745985,-0.04255454133663077,1.2804597366395305,0.7051964544040892
2020-05-16,0.005219563387115276,1.388561113858306,-1.3180853529906122,0.0172580667201062,0,Bear,0.7203917851725737,0.440817844860766,0.5929258847449673,0.8381478747057254,0.17896603275724485,0.6,0.17898378543541,0.0009342172133459623,0.007405457520137049,1.4810915040274098e-06,0.0009327361218419349,0.005219563387115276,1.2816540676884582,0.7088772719982203
2020-05-17,0.03084341466898477,1.3942486533977363,-0.9506364333173506,0.0187688703573982,0,Bear,0.8868747669901257,0.7737687905041846,0.3531862859189763,0.8426943255800767,0.17800048659013581,0.6,0.6,0.01850604880139086,0.42101621456459,8.4203242912918e-05,0.018421845558477944,0.03084341466898477,1.30526450098281,0.7307414676478802
2020-05-18,0.005757095071523827,1.3935110379134157,-0.8641865823470525,0.0096159680255041,0,Bear,0.9924286916724019,0.9848700092698539,0.04460959562653602,0.8419831441603566,0.1781508347766073,0.6,0.6,0.0034542570429142963,0.0,0.0,0.0034542570429142963,0.005757095071523827,1.309773220078196,0.7349484157498338
2020-05-19,0.0002531804680276828,0.8922722555266107,-1.0533835186950111,-9.625754819584252e-05,0,Bear,0.9988130373384134,0.9977175134660483,0.009504287366832002,0.6854215452846143,0.21884342713171356,0.6,0.6,0.00015190828081660965,0.0,0.0,0.00015190828081660965,0.0002531804680276828,1.3099721854763176,0.7351344903337096
2020-05-20,-0.021407053865041548,-0.1617727131417737,-1.3182648474148482,0.004133239946122,0,Bear,0.9078992123022436,0.8298759352167694,0.3467555920827315,0.6887980540263896,0.21777065008121105,0.6,0.6,-0.012844232319024929,0.0,0.0,-0.012844232319024929,-0.021407053865041548,1.293146598394599,0.7193974267010861
2020-05-21,-0.04743978112005262,0.031458549197805,-0.9111039940755514,-0.0063986289553115,0,Bear,0.920265164054984,0.8772106016178592,0.3331341838500784,0.717753843030899,0.2089852969182118,0.6,0.6,-0.028463868672031573,0.0,0.0,-0.028463868672031573,-0.04743978112005262,1.2563386434442108,0.6852693702400574
2020-05-22,0.011039704675422358,-0.0128644745071954,-1.8719760661232197,-0.010359370954024,0,Bear,0.8761704320114866,0.7843005436255424,0.4451996890913912,0.716895355662655,0.2092355583212685,0.6,0.6,0.006623822805253415,0.0,0.0,0.006623822805253415,0.011039704675422358,1.2646604080017776,0.6928345417106202
2020-05-23,0.0029045429371388543,-0.1846333010303029,-1.8105972848735783,-0.010929881380901,0,Bear,0.5994818533979225,0.23878084696552737,0.8029064303381205,0.7151255263855226,0.20975338519679035,0.6,0.6,0.0017427257622833125,0.0,0.0,0.0017427257622833125,0.0029045429371388543,1.2668643642753419,0.6948469093853515
2020-05-24,-0.04655584805354227,-0.2619095469748031,-1.191471926404368,-0.020291687085215,2,Chop,0.49576443947821897,0.1449630213879376,1.0029418692553846,0.7442733259648274,0.20153886316636402,0.20153886316636402,0.6,-0.02793350883212536,0.0,0.0,-0.02793350883212536,-0.04655584805354227,1.2314763973667517,0.6624977222515337
2020-05-25,0.013173543308948167,-0.3391906505045858,-1.204441354462289,-0.0133755676504171,2,Chop,0.837538551346956,0.7339859327021011,0.5501251690705009,0.7452463237481647,0.20127573289538067,0.20127573289538067,0.20153886316636402,0.0026549809423582747,0.39846113683363593,7.96922273667272e-05,0.0025752887149915475,0.013173543308948167,1.2346478046356686,0.6712251646876938
2020-05-26,-0.008103063993220552,-0.6267194025469424,-1.228602665500385,-0.0055082242250506,2,Chop,0.9918640389071895,0.9854261253405,0.05141620992623932,0.7336949547198559,0.20444463879034572,0.20444463879034572,0.20127573289538067,-0.0016309501439336364,0.0002631302709833472,5.262605419666944e-08,-0.0016310027699878331,-0.008103063993220552,1.2326340906463484,0.6657861842243694
2020-05-27,0.038410971222694656,-1.2411030811618895,-0.858870567819752,-3.397091559622922e-05,2,Chop,0.998646866107459,0.9972941598328746,0.010293990584744735,0.6823295293889685,0.21983512883331632,0.21983512883331632,0.20444463879034572,0.007852917137210173,0.003168905894965046,6.337811789930092e-07,0.00785228335603118,0.038410971222694656,1.2423130828004074,0.6913596781870793
2020-05-28,0.03686071480897355,-1.268485865379802,-0.6231049848208887,0.0067572634587707,2,Chop,0.9986554790523501,0.9973111863071243,0.01023541863572776,0.7032498867746622,0.21329544848979626,0.21329544848979626,0.21983512883331632,0.008103279988918832,0.015390490042970606,3.0780980085941214e-06,0.008100201890910238,0.03686071480897355,1.2523760695828097,0.7168436901151569
2020-05-29,-0.00913557886418624,-1.4181344661586843,-0.700374738420537,0.0142413172966419,2,Chop,0.999312090049696,0.9986242205708021,0.005697366851093407,0.6959519608548779,0.21553211778546663,0.21553211778546663,0.21329544848979626,-0.0019485773910505075,0.006539680343520066,1.307936068704013e-06,-0.0019498853271192114,-0.00913557886418624,1.2499340798606948,0.7102949080508156
2020-05-30,0.02730538972956484,-2.7056820313833088,-0.6702681170165264,0.0170676865807652,2,Chop,0.9995038471168883,0.9990076942337793,0.004271071726967142,0.5732271520936214,0.2616763693976267,0.2616763693976267,0.21553211778546663,0.00588518847537064,0.0022366692956703738,4.4733385913407477e-07,0.005884741141511506,0.02730538972956484,1.2572896183646283,0.7296897873380686
2020-05-31,-0.024984292562996217,-2.611276060340149,-1.2286378436409318,0.0136914408668101,2,Chop,0.9997162086057692,0.9994324172115437,0.002601552379132937,0.579519253082518,0.25883523144767967,0.25883523144767967,0.2616763693976267,-0.006537798969852975,0.04614425161216004,9.22885032243201e-06,-0.006547027820175407,-0.024984292562996217,1.2490581082551775,0.7114590042109837
2020-06-01,0.07198931640233779,-2.1015687880383163,-0.1784398213890435,0.0204071099027387,2,Chop,0.9664644745170352,0.9329289490379036,0.14682495374615998,0.6432689308923717,0.23318396520707635,0.23318396520707635,0.25883523144767967,0.018633371372759343,0.0028411379499470035,5.682275899894007e-07,0.018632803145169356,0.07198931640233779,1.2723315621031739,0.7626764515724204
2020-06-02,-0.06474947480283666,-1.67948640391618,0.422758722635805,8.507198037670527e-05,2,Chop,0.9815304414187775,0.9630608839529791,0.09202162575102255,0.6800739702027063,0.22056424237982558,0.22056424237982558,0.23318396520707635,-0.01509853927960113,0.02565126624060332,5.1302532481206646e-06,-0.015103669532849251,-0.06474947480283666,1.2531146866529537,0.7132935518886151
2020-06-03,0.013229694990896244,-1.5861199321026551,-1.7132044518815477,0.0045581267513932,2,Chop,0.9997129039588043,0.9994258112993328,0.0026285639783323106,0.6486607038266621,0.23124570228333677,0.23124570228333677,0.22056424237982558,0.0029179976525832035,0.012619722827250768,2.523944565450154e-06,0.0029154737080177534,0.013229694990896244,1.2567681095750212,0.7227302080190745
2020-06-04,0.014793539385652563,-1.4409555937125538,-1.5332085617962012,0.0020557566826107,2,Chop,0.9997204270679735,0.9994408720885926,0.00256725998747855,0.6228104147790628,0.24084375668831956,0.24084375668831956,0.23124570228333677,0.0034209424044914292,0.010681459903511187,2.1362919807022377e-06,0.003418806112510727,0.014793539385652563,1.2610647560700448,0.7334219458166056
2020-06-05,-0.013881075272663914,-1.3659121001093073,-1.7412716058973172,0.0042764001406772,2,Chop,0.9996675336613646,0.9993350951782486,0.0029954139840608143,0.6265248856358281,0.23941586908838053,0.23941586908838053,0.24084375668831956,-0.003343170315541717,0.009598054404982792,1.9196108809965587e-06,-0.003345089926422713,-0.013881075272663914,1.2568463810579482,0.7232412605801016
2020-06-06,-0.0012271221586050945,-1.383905547720378,-1.9853503203287428,-0.0103668875715113,2,Chop,0.9995774172903428,0.9991548535958186,0.003705800793830646,0.6125081366695162,0.24489470591463133,0.24489470591463133,0.23941586908838053,-0.00029379251808004823,0.0014278875999390317,2.855775199878064e-07,-0.00029407809560003605,-0.0012271221586050945,1.2564767700677448,0.7223537552032263
2020-06-07,0.010835668358634767,-1.2721259214268266,-1.1046285152464652,0.0047501410607829,2,Chop,0.999587392220717,0.9991749822505865,0.003629690082653887,0.6138220373156602,0.24437050298157012,0.24437050298157012,0.24489470591463133,0.0026535978160763373,0.005478836826250805,1.095767365250161e-06,0.002652502048711087,0.010835668358634767,1.2598095772745075,0.730180940932223
2020-06-08,0.0012940603543832425,-1.2506207538881788,-1.5777072801468777,0.0023630141334803,2,Chop,0.9996563281435824,0.9993127940981741,0.003085894461702028,0.6138409945988124,0.2443629560747004,0.2443629560747004,0.24437050298157012,0.00031623017968914185,0.000524202933061213,1.0484058661224261e-07,0.0003161253391025296,0.0012940603543832425,1.2602078350043282,0.7311258391394095
2020-06-09,0.002474647666023554,-1.1996932565738434,-1.0617837876293978,-0.0001007642104454,2,Chop,0.9995716528493089,0.9991437625759167,0.0037539177021918496,0.6061083959614755,0.24748048533802866,0.24748048533802866,0.2443629560747004,0.0006047122189128736,7.546906869715375e-06,1.5093813739430752e-09,0.0006047107095314997,0.002474647666023554,1.2609698961783908,0.7329351179908054
2020-06-10,0.00756591700730524,-1.513129098664662,-0.6249605440552379,0.0041886342455483,2,Chop,0.9996960844281898,0.9993921860474991,0.002765394171292066,0.5651047024689498,0.265437536344412,0.265437536344412,0.24748048533802866,0.001872416812995146,0.003117529263328256,6.235058526656512e-07,0.0018717933071424804,0.00756591700730524,1.2633301711905656,0.7384804442652633
2020-06-11,-0.05715571914128428,-1.1261883551981209,0.2793194085323214,-0.0069970851509874,2,Chop,0.9829089984472157,0.9658183943596081,0.0864955069969435,0.6214472456835496,0.2413720569877339,0.2413720569877339,0.265437536344412,-0.015171273276855649,0.017957051006383312,3.5914102012766627e-06,-0.015174864687056925,-0.05715571914128428,1.2441593067876722,0.696272063401507
2020-06-12,0.01691958379014404,-1.0153014973226513,-1.153253846359971,-0.0057803020646856,2,Chop,0.9988523555804533,0.9977082531914458,0.00894060078498298,0.6252521872106234,0.2399031991702106,0.2399031991702106,0.2413720569877339,0.004083914742803386,0.024065479356678077,4.813095871335615e-06,0.00407910164693205,0.01691958379014404,1.2492343590650357,0.7080526969189654
2020-06-13,-0.0005872938226618028,-1.1154007963519548,-1.8197710194585544,-0.0061565729000946,2,Chop,0.9994576903658766,0.9989157627388431,0.004623308447588214,0.5871227491069849,0.25548320215517173,0.25548320215517173,0.2399031991702106,-0.00014089366690946885,0.0014688578175232891,2.9377156350465786e-07,-0.0001411874384729735,-0.0005872938226618028,1.2490579828658268,0.7076368619439459
2020-06-14,-0.009382843818570023,-1.0863449059808536,-1.3921972853595952,-0.0085280711970133,2,Chop,0.99923510853811,0.9984711298418436,0.0062603451778675615,0.5880756798358352,0.25506921157132934,0.25506921157132934,0.25548320215517173,-0.0023971589840901283,0.015580002984961122,3.1160005969922245e-06,-0.0024002749846871205,-0.009382843818570023,1.2460599002351302,0.7009972157880628
2020-06-15,0.006785862337686215,-0.5118030004122034,-0.0658290146868101,-0.0086840821309371,2,Chop,0.9941085852601701,0.9885050046711408,0.0372716944996591,0.5862955472661757,0.2558436622952905,0.2558436622952905,0.25506921157132934,0.0017308645563052006,0.00041399058384239407,8.279811676847882e-08,0.0017307817581884322,0.006785862337686215,1.2482165579800673,0.7057540863935019
2020-06-16,0.00919733936802677,-0.4912395195442231,-0.847128760699511,0.004586529570925,2,Chop,0.9961459769426272,0.9928223955388851,0.026813794941628086,0.5656720892324838,0.26517129420955393,0.26517129420955393,0.2558436622952905,0.002353080987288621,0.0007744507239611509,1.5489014479223018e-07,0.002352926097143829,0.00919733936802677,1.2511535192942256,0.7122451462364345
2020-06-17,-0.006075177257296805,-0.4569173405601708,-0.986771635117072,-1.2422638563125768e-05,2,Chop,0.9961204298579412,0.9929092699235162,0.02719418453618674,0.544029581564729,0.275720301033213,0.275720301033213,0.26517129420955393,-0.001610962615869842,0.009327631914263446,1.8655263828526892e-06,-0.0016128281422526946,-0.006075177257296805,1.2491356236880293,0.707918130722399
2020-06-18,-0.00724264397501192,-0.4383625469877248,-1.272252842685806,-0.0013434926690331,2,Chop,0.9961701776588096,0.9929468713891214,0.02680864507547124,0.5434947757417498,0.2759916133421582,0.2759916133421582,0.275720301033213,-0.001996943977066673,0.010549006823659057,2.1098013647318115e-06,-0.0019990537784314046,-0.00724264397501192,1.2466385343997224,0.7027909317381207
2020-06-19,-0.013243316204145586,-0.5785260378580945,-0.8596154947452637,-0.0021155871461482,2,Chop,0.9970384302190258,0.9943241193877295,0.021050136206191953,0.5316276661448651,0.2821523587885021,0.2821523587885021,0.2759916133421582,-0.003655044205182487,0.0002713123089452263,5.426246178904526e-08,-0.003655098467644276,-0.013243316204145586,1.2420819478029317,0.6934836492037066
2020-06-20,0.004760633072752032,-0.5504416441687033,-1.1784704912193071,-0.002520632999135,2,Chop,0.9974739109740542,0.9951840378210063,0.018416210530048258,0.5222111100326369,0.28724015463904123,0.28724015463904123,0.2821523587885021,0.0013432238508035404,0.006160745446343874,1.2321490892687749e-06,0.0013419917017142716,0.004760633072752032,1.2437488114697324,0.6967850703995186
2020-06-21,-0.003081241183796443,-1.3456490239964645,-1.4076897812855411,-0.0049763491094997,2,Chop,0.999648963005662,0.999297992670607,0.003143978758530633,0.40735779502741715,0.3682266592932247,0.3682266592932247,0.28724015463904123,-0.0008850561941138728,0.005087795850539145,1.0175591701078291e-06,-0.0008860737532839807,-0.003081241183796443,1.242646758292211,0.6946381075443491
2020-06-22,0.03642039931563134,-1.9759933441860984,-0.2324570663679762,0.0035227662050858,2,Chop,0.9994930173347566,0.9989860347195663,0.004353349575192289,0.3439523656350039,0.43610690021878584,0.43610690021878584,0.3682266592932247,0.013410961970120174,0.08098650465418344,1.619730093083669e-05,0.013394764669189338,0.03642039931563134,1.2592917191864663,0.7199371048009687
2020-06-23,-0.0019773010491619188,-1.841524266607327,-1.185618961869638,0.0045758347902558,2,Chop,0.9998439214833782,0.9996878432184391,0.0015241217674423426,0.3393466774378742,0.4420258395706886,0.4420258395706886,0.43610690021878584,-0.0008623146313493574,0.06788024092556116,1.3576048185112233e-05,-0.0008758906795344696,-0.0019773010491619188,1.258188717306816,0.7185135724083151
2020-06-24,-0.033370923273779836,-1.7673699591165195,-0.6042489614175235,0.000550313376329,2,Chop,0.9995027787586865,0.9990055582816109,0.004279209779339251,0.3603571614786852,0.4162536950410305,0.4162536950410305,0.4420258395706886,-0.014750810377341564,0.005918939351902741,1.1837878703805482e-06,-0.014751994165211944,-0.033370923273779836,1.2396279246903705,0.6945361111123077
2020-06-25,-0.005253081495321345,-1.4008092586474366,-0.63056623516043,-0.0014524295372856,2,Chop,0.9996387904051602,0.9992776425647732,0.003224707855323419,0.35701422131183247,0.4201513302434616,0.4201513302434616,0.4162536950410305,-0.0021866145827791716,0.025772144529658092,5.154428905931619e-06,-0.002191769011685103,-0.005253081495321345,1.2369109466190147,0.6908876563191912
2020-06-26,-0.011059043986902698,-1.2527740386942483,-0.6676820101806664,-0.0030479900979068,2,Chop,0.9994712110064696,0.9989427246049076,0.0045208820307449885,0.3590085224845652,0.41781737926973284,0.41781737926973284,0.4201513302434616,-0.004646472042318123,0.0038976352024310823,7.795270404862164e-07,-0.0046472515693586096,-0.011059043986902698,1.2311627102811826,0.6832470993379491
2020-06-27,-0.012909378740095026,-1.5300251192840786,-0.8576451530680781,-0.0129139457090521,2,Chop,0.9993934827090583,0.9987869757754981,0.005099402412784527,0.356246427914786,0.4210568534763805,0.4210568534763805,0.41781737926973284,-0.005393762793186909,0.002333950973728738,4.667901947457476e-07,-0.005394229583381655,-0.012909378740095026,1.2245215359674275,0.6744268037595242
2020-06-28,0.010796911071170564,-1.2397503187220087,-1.406071495454292,-0.0103591032849856,2,Chop,0.9993711056944136,0.9987423824977384,0.0052661964526404806,0.36113430925879086,0.41535793236557084,0.41535793236557084,0.4210568534763805,0.004546113402891374,0.0032394742066476634,6.478948413295327e-07,0.004545465508050044,0.010796911071170564,1.230087556373032,0.6817085299837295
2020-06-29,0.0051566968672220465,-1.0778624056959505,-0.8393370832932363,-0.0026535792567852,2,Chop,0.9993614867622944,0.9987248210991354,0.005348092258714259,0.36214151445588516,0.414202719136948,0.414202719136948,0.41535793236557084,0.002141874948605366,0.005698921110809663,1.1397842221619326e-06,0.002140735164383204,0.0051566968672220465,1.2327208480602299,0.6852238942246552
2020-06-30,-0.005768117633966839,-1.0663316925524138,-0.9340927565232188,-0.0027565864845143,2,Chop,0.9993488588405927,0.9986996899092578,0.005441618527676259,0.3590022262096631,0.41782470706016617,0.41782470706016617,0.414202719136948,-0.0023891700082908436,0.0011552132286228312,2.3104264572456625e-07,-0.002389401050936568,-0.005768117633966839,1.2297753835703633,0.6812714421971626
2020-07-01,0.00983678469207803,-1.8055356512672045,-0.9097087457596568,0.0014225792512817,2,Chop,0.9998216370178451,0.9996432745318602,0.0017179278621074969,0.2712794916506827,0.5529352738287708,0.5529352738287708,0.41782470706016617,0.00411005168238143,0.0036219879232181618,7.243975846436324e-07,0.004109327284796786,0.00983678469207803,1.2348289331082405,0.6879729626909176
2020-07-02,-0.011433924918011266,-1.5702379968396378,-0.7023369926755647,0.0017176700156985,2,Chop,0.9997172821521654,0.9994345730755749,0.0025928825289567485,0.26321774357703903,0.5698703968871982,0.5698703968871982,0.5529352738287708,-0.006322220405478166,0.13511056676860467,2.7022113353720934e-05,-0.006349242518831887,-0.011433924918011266,1.226988704742666,0.6801067314898878
2020-07-03,-0.003965412107265914,-1.3616483435688038,-1.66880594826013,-0.0012347946199887,2,Chop,0.9997169447703586,0.9994339241773973,0.002595885834834882,0.26328440551196775,0.5697261093315368,0.5697261093315368,0.5698703968871982,-0.002259770971388927,0.01693512305842737,3.387024611685474e-06,-0.0022631579960006127,-0.003965412107265914,1.224211835444525,0.6774098280226047
2020-07-04,0.004959953765059784,-1.210461905161477,-1.6781091573289604,-0.0012741432404212,2,Chop,0.9996249607711896,0.9992500966746368,0.003334976544367765,0.26278198737773323,0.5708153800678281,0.5708153800678281,0.5697261093315368,0.0028258151610318183,0.00014428755566142648,2.8857511132285297e-08,0.002825786303520686,0.004959953765059784,1.227671196481732,0.6807697494495939
2020-07-05,-0.006431364974036432,-2.386243740629071,-1.5699956480793105,-0.0014067927084351,2,Bear,1.0,1.0,3.512863558607245e-148,0.26095823462067086,0.574804624265029,0.6,0.5708153800678281,-0.0036711220420095232,0.0010892707362912812,2.1785414725825626e-07,-0.0036713398961567816,-0.006431364974036432,1.2231639982387261,0.6763914707276002
2020-07-06,0.032690364054528694,-1.9967596770554428,0.4419320320545606,0.0031639231640549,2,Bear,0.9993416892884753,0.9986833786046083,0.005480769159939156,0.29716929085110966,0.5047627888143876,0.6,0.6,0.019614218432717215,0.029184619932171918,5.836923986434384e-06,0.01960838150873078,0.032690364054528694,1.2471482645639353,0.6985029541490635
2020-07-07,-0.013227475028494522,-1.9129642690267088,-1.13548145059885,0.0028052131419583,2,Bear,0.9998473402124618,0.9996946805767788,0.001494117541195959,0.3011252993663218,0.4981315097590773,0.6,0.6,-0.007936485017096713,0.0,0.0,-0.007936485017096713,-0.013227475028494522,1.2372502910481253,0.6892635237657271
2020-07-08,0.01884958505462196,-1.7409111541223825,1.265404659096914,0.0073682125743359,2,Bear,0.9987111424518602,0.9974222849909462,0.009864085073979276,0.3115454180309649,0.4814707304894187,0.6,0.6,0.011309751032773175,0.0,0.0,0.011309751032773175,0.01884958505462196,1.2512432838051057,0.7022558551819976
2020-07-09,-0.016076772716190905,-1.555355971847478,0.6233419481264337,0.0031608672780857,2,Bear,0.9992272099347725,0.9984544238442834,0.006309973396109238,0.3140992236728981,0.47755609913958114,0.6,0.6,-0.009646063629714543,0.0,0.0,-0.009646063629714543,-0.016076772716190905,1.2391737114732688,0.6909658474096224
2020-07-10,9.051613040455209e-05,-1.3241908403822038,0.1469240272052283,0.0044652434989739,2,Bear,0.9993673953286597,0.998734898798779,0.005293004703118574,0.31335672460991176,0.4786876687798241,0.6,0.6,5.4309678242731256e-05,0.0,0.0,5.4309678242731256e-05,9.051613040455209e-05,1.2392410105988259,0.6910283909643716
2020-07-11,-0.004153644618958577,-1.228246551615559,-1.2840014758397926,-0.0029035582357234,2,Bear,0.9996341750985045,0.9992686426722959,0.003263038721858968,0.3135738024517867,0.4783562875060749,0.6,0.6,-0.002492186771375146,0.0,0.0,-0.002492186771375146,-0.004153644618958577,1.2361525905456658,0.6881581046066948
2020-07-12,0.0039049160883403893,-1.2466062426152422,-0.7279185279247158,0.0005229199876434,2,Bear,0.999591050781525,0.9991824705512343,0.0036024101415011137,0.26776461529401274,0.560193511137743,0.6,0.6,0.0023429496530042336,0.0,0.0,0.0023429496530042336,0.0039049160883403893,1.239048833828745,0.6908453042606953
2020-07-13,-0.003551357868856212,-1.1709367627527114,0.6312143819161214,-0.0039572685970521,2,Bear,0.9986804931055259,0.9973612207850312,0.010069882799768073,0.26785019549223565,0.5600145250009652,0.6,0.6,-0.002130814721313727,0.0,0.0,-0.002130814721313727,-0.003551357868856212,1.2364086503331961,0.6883918653532468
2020-07-14,-4.331631390260929e-05,-1.3677992799744083,0.9233052877543106,-0.0007505773165944,2,Bear,0.9989055435120502,0.9978111032465005,0.008555508214744208,0.22782276302314494,0.6584065525742097,0.6,0.6,-2.5989788341565575e-05,0.0,0.0,-2.5989788341565575e-05,-4.331631390260929e-05,1.2363765163340703,0.6883620467551191
2020-07-15,-0.005465061808117076,-1.5355436252756174,-0.0356362385957958,-0.0018616929042988,2,Bear,0.9996062613787731,0.9992125357186599,0.0034806490386133687,0.22791166161476983,0.65814973633749,0.6,0.6,-0.0032790370848702457,0.0,0.0,-0.0032790370848702457,-0.005465061808117076,1.2323223918861483,0.6846001056232404
2020-07-16,-0.006614939463274875,-1.4951500968734517,-0.0367091709778721,-0.002353951873162,2,Bear,0.9995759044703119,0.9991518288450587,0.0037175596887128928,0.22468299393152927,0.6676072691363173,0.6,0.6,-0.003968963677964925,0.0,0.0,-0.003968963677964925,-0.006614939463274875,1.2274313490732094,0.6800715173679911
2020-07-17,0.002096417007004295,-1.469256605368733,-0.8220474891273987,-0.0027156516894292,2,Bear,0.9997260453280303,0.9994521227988103,0.0025213665109532998,0.2173610672121429,0.6900959860194329,0.6,0.6,0.001257850204202577,0.0,0.0,0.001257850204202577,0.002096417007004295,1.2289752738462858,0.6814972308629806
2020-07-18,0.0008353119275824921,-1.4693746872618227,-1.5028024267016038,-0.0018383177301415,2,Bear,0.9997892649028618,0.9995785462938327,0.0019947386375816297,0.2124792807140815,0.7059511849620975,0.6,0.6,0.0005011871565494952,0.0,0.0,0.0005011871565494952,0.0008353119275824921,1.2295912204692545,0.682066493628535
2020-07-19,0.0029193317943758054,-1.4971420805568427,-1.0743883867923183,-0.0012457881084858,2,Bear,0.9997718393207706,0.9995436989607257,0.002141576818978786,0.21166667480241427,0.7086613900842982,0.6,0.6,0.0017515990766254833,0.0,0.0,0.0017515990766254833,0.0029193317943758054,1.2317449713156552,0.6840576720292633
2020-07-20,-0.0023526855605594836,-1.4708610539782765,-0.6557309255879745,-0.0006233128589743,2,Bear,0.9997146650077283,0.9994293634447791,0.0026144907621751014,0.2103861907805483,0.7129745514355715,0.6,0.6,-0.00141161133633569,0.0,0.0,-0.00141161133633569,-0.0023526855605594836,1.2300062261506715,0.68244829942169
2020-07-21,0.022726572419009328,-1.365416091966708,1.1706522738877057,0.0052449895174824,2,Bear,0.9978775314902926,0.995755070980315,0.015184488504140146,0.22824348537427522,0.6571929085030794,0.6,0.6,0.013635943451405596,0.0,0.0,0.013635943451405596,0.022726572419009328,1.2467785214953386,0.6979580101207269
2020-07-22,0.015923467431184803,-1.4070871115958057,0.5069861917180339,0.0080103996023185,2,Bear,0.9989786522264056,0.9979573297748728,0.008054766323246147,0.2300164643003996,0.652127231223332,0.6,0.6,0.009554080458710881,0.0,0.0,0.009554080458710881,0.015923467431184803,1.2586903438038977,0.7090719217632189
2020-07-23,0.005831453188377249,-1.4042348220062315,1.0813244245458802,0.0090096278544775,2,Bear,0.998437469795074,0.9968749464192542,0.011657608911322736,0.22881248337178473,0.6555586381896538,0.6,0.6,0.003498871913026349,0.0,0.0,0.003498871913026349,0.005831453188377249,1.2630943400950307,0.7132068414821737
2020-07-24,-0.004621806400934839,-1.3725028975088291,0.3319321544484601,0.0075014002154154,2,Bear,0.9992165913967,0.9984332323053986,0.006386455551379952,0.23060499717498134,0.6504629207413971,0.6,0.6,-0.0027730838405609034,0.0,0.0,-0.0027730838405609034,-0.004621806400934839,1.2595916735914094,0.7099105375370209
2020-07-25,0.014595935230040647,-1.4124944163370576,0.287787619834707,0.0108911243735354,2,Bear,0.9990238872787487,0.9980478061720701,0.007742342086194826,0.23302732867756254,0.6437013240088822,0.6,0.6,0.008757561138024388,0.0,0.0,0.008757561138024388,0.014595935230040647,1.2706226246818326,0.7202723457620347
2020-07-26,0.023292897324558883,-0.8309799590309433,1.886698343080173,0.0110043893546453,2,Bear,0.9784740062835927,0.9569481386991519,0.10392167377822259,0.21277234524339309,0.7049788346714561,0.6,0.6,0.01397573839473533,0.0,0.0,0.01397573839473533,0.023292897324558883,1.288380514082818,0.737049575557589
2020-07-27,0.10400866598506177,3.0581417681772947,3.7565035870903256,0.0286214290654207,1,Bull,0.9999999999997442,0.9999999999994815,7.51763986139412e-12,0.4734416755555351,0.31682888884674215,0.31682888884674215,0.6,0.06240519959103706,0.0,0.0,0.06240519959103706,0.10400866598506177,1.3687821572133592,0.8137091186761899
2020-07-28,-0.007126663372121388,2.7924550433770348,2.0332706893994104,0.026029805753321,1,Bull,0.9999999631462095,0.9999999263984386,6.683807437703436e-07,0.4756488227534382,0.3153587117732769,0.3153587117732769,0.31682888884674215,-0.002257932837373996,0.2831711111532578,5.6634222230651565e-05,-0.0023145670596046476,-0.007126663372121388,1.3656140191204986,0.8079100877045591
2020-07-29,0.01704870717725163,2.40035436454489,1.166712977822571,0.0303639084689583,1,Bull,0.9999893781588249,0.9999787581519441,0.00013228719030987095,0.4652972609497133,0.3223745604988875,0.3223745604988875,0.3153587117732769,0.005376458332817894,0.0014701770734652508,2.940354146930502e-07,0.0053761642974032,0.01704870717725163,1.3729557844541276,0.8216839102153818
2020-07-30,0.0009676074745081875,2.04706490103223,0.7909404285371685,0.0276382429178518,1,Bull,0.9991855373017942,0.998371141625859,0.006608086768099534,0.46499080207758975,0.3225870260869602,0.3225870260869602,0.3223745604988875,0.00031193203433001546,0.007015848725610618,1.4031697451221237e-06,0.00031052886458489334,0.0009676074745081875,1.3733821268549993,0.8224789777085894
2020-07-31,0.01892242337372686,1.875645469427385,0.7616028712145626,0.0267641481276854,1,Bull,0.9980858177718562,0.9961718324984792,0.0138941964224832,0.4628852091221697,0.3240544243884241,0.3240544243884241,0.3225870260869602,0.006104128282488932,0.00021246558807269667,4.2493117614539334e-08,0.006104085789371317,0.01892242337372686,1.3817653691789114,0.8380422731407813
2020-08-01,0.03779203373214687,1.733362676118211,1.1429048049870885,0.0135208216771024,1,Bull,0.9953582257796213,0.9907175521976403,0.029579940207589923,0.4765181051744533,0.31478342243698165,0.31478342243698165,0.3240544243884241,0.01224667573753876,0.0014673983014638625,2.9347966029277253e-07,0.012246382257878467,0.03779203373214687,1.3986869960805748,0.8697135949962828
2020-08-02,-0.061911857122825646,1.983287100419848,1.2339111444048572,0.0025637829269615,1,Bull,0.9997354084929885,0.9994708676587334,0.002444566767580762,0.5690191773069354,0.26361150200582484,0.26361150200582484,0.31478342243698165,-0.019488826274552475,0.009271001951442426,1.8542003902884853e-06,-0.019490680474942765,-0.061911857122825646,1.3714256347555107,0.8158680111650939
2020-08-03,0.017286053356239672,1.794714874200453,0.0495177513955215,0.0026112521627591,1,Bull,0.6986411861900613,0.3972881919892419,0.6120802201237281,0.5685784088699876,0.2638158566346464,0.2638158566346464,0.26361150200582484,0.004556802488991169,0.051171920431156814,1.0234384086231364e-05,0.004546568104904938,0.017286053356239672,1.377660914804739,0.829971149137743
2020-08-04,-0.0036037470015529804,1.6042849492375075,0.167528251732644,0.0016969812675469,0,Chop,0.8007785011401258,0.6015683996055458,0.4994440311208919,0.5676728135140998,0.26423671599040616,0.26423671599040616,0.2638158566346464,-0.000950725602309238,0.00020435462882156807,4.087092576431362e-08,-0.0009507664732350023,-0.0036037470015529804,1.3763510809954564,0.8269801430976623
2020-08-05,0.04716003790353572,1.4767896541046668,0.6225902653433124,0.0073445041735087,0,Chop,0.6213781100069669,0.2427780768070606,0.6636206165188292,0.5838697525939605,0.2569066120202227,0.2569066120202227,0.26423671599040616,0.012461413541613358,0.00042085935575975064,8.417187115195013e-08,0.012461329369742206,0.04716003790353572,1.3935022451441414,0.8659805579916194
2020-08-06,0.002784144331385825,1.350589085916789,0.3876252482752519,0.0003429262933565,0,Chop,0.9366212849205322,0.8732725620255485,0.2364243065904609,0.5836396649976097,0.25700789201949514,0.25700789201949514,0.2569066120202227,0.0007152650875516405,0.007330103970183466,1.4660207940366933e-06,0.0007137990667576038,0.002784144331385825,1.39449692574625,0.8683915728532422
2020-08-07,-0.015251902049187646,1.3001594282570084,0.2651856463512161,0.0096749173080841,0,Chop,0.982441618501886,0.9649125413557099,0.08859492898522092,0.5938389579283128,0.2525937343742068,0.2525937343742068,0.25700789201949514,-0.003919859194949535,0.00010127999927245224,2.025599985449045e-08,-0.00391987945094939,-0.015251902049187646,1.3890306659026053,0.8551469496437445
2020-08-08,0.013065469924046941,1.1786141434391322,-0.8479079447785486,0.0088308006216455,0,Chop,0.9976370200266156,0.9953007488215274,0.016797375553265742,0.5924980289219847,0.25316539917089037,0.25316539917089037,0.2525937343742068,0.003300255839468901,0.004414157645288352,8.828315290576705e-07,0.003299373007939843,0.013065469924046941,1.393613596188885,0.8663198463949553
2020-08-09,-0.006684391826167338,1.094042838665615,-0.9466679150387928,0.0082146716567227,0,Chop,0.9984008254533606,0.9968407729060544,0.01207761295610971,0.5948440518738517,0.2521669327069449,0.2521669327069449,0.25316539917089037,-0.001692256724886291,0.0005716647966835797,1.1433295933671594e-07,-0.0016923710578456278,-0.006684391826167338,1.3912550848728746,0.8605290250948663
2020-08-10,0.01718420090459035,1.0310455790118631,0.7409871590531514,0.0022195042569336,0,Chop,0.9845558904101409,0.9692968758033543,0.08073717859715303,0.5934133205365449,0.252774912205164,0.252774912205164,0.2521669327069449,0.004333287233130457,0.0009984664639454688,1.9969329278909376e-07,0.004333087539837668,0.01718420090459035,1.397283514945873,0.8753165287463278
2020-08-11,-0.04016111286278769,1.126030211826774,0.843064022144024,-0.006369547181901,0,Chop,0.8867635898590961,0.7737004851759345,0.35452535997494106,0.6330327159801807,0.2369545778810842,0.2369545778810842,0.252774912205164,-0.010151721777952842,0.0006079794982191133,1.2159589964382268e-07,-0.010151843373852486,-0.04016111286278769,1.3830985115532766,0.840162842844683
2020-08-12,0.015169300755772669,1.1309846196569802,0.3637040143749772,-0.000285306620909,0,Chop,0.9842357760763184,0.9685337990952463,0.08146765493879862,0.6333834423510087,0.23682336791632283,0.23682336791632283,0.2369545778810842,0.0035944352573353245,0.01582033432407981,3.164066864815962e-06,0.0035912711904705083,0.015169300755772669,1.3880655933914003,0.852907525691619
2020-08-13,0.017048853955416797,1.249284943855084,0.8130930102980695,0.0005113701853649,0,Chop,0.9701196422564058,0.9403282632884256,0.13493243005927966,0.6308650018468965,0.237768777093143,0.237768777093143,0.23682336791632283,0.004037567012835328,0.00013120996476137514,2.624199295227503e-08,0.004037540770842376,0.017048853955416797,1.3936699648173216,0.8674486215346113
2020-08-14,-0.001296361228177031,1.3745390131149022,-0.0184752475859826,0.001588976304963,0,Chop,0.9950805027450488,0.990175827012819,0.031153121898834093,0.6325720757087577,0.23712712868637825,0.23712712868637825,0.237768777093143,-0.0003082342238946176,0.0009454091768201778,1.8908183536403555e-07,-0.00030842330572998164,-0.001296361228177031,1.3932401245196762,0.8663240947742182
2020-08-15,0.008193734253123777,1.4133348331090916,-0.2769003481159549,-0.0002091170253302,0,Chop,0.9970496006634091,0.9941100028930365,0.02020590120005131,0.6296599953255746,0.23822380509093702,0.23822380509093702,0.23712712868637825,0.0019429566766624672,0.0006416484067647554,1.283296813529511e-07,0.0019428283469811142,0.008193734253123777,1.3959469509277445,0.8734225241838762
2020-08-16,0.0022817499658520377,0.2859352757573393,-1.0033444815705992,0.0082794555403976,0,Chop,0.9947669323957199,0.9919215663937629,0.03631463462280219,0.46271868357540613,0.3241710467382835,0.3241710467382835,0.23822380509093702,0.000543567159131388,0.0010966764045587662,2.1933528091175326e-07,0.0005433478238504762,0.0022817499658520377,1.3967054356657418,0.8754154559986073
2020-08-17,0.029951760409884235,0.0236932688946876,1.473895159673086,0.0112359474712199,1,Bull,0.6105671928167222,0.3595684567089978,0.9219252106815834,0.472682249631177,0.31733791594044736,0.31733791594044736,0.3241710467382835,0.009709493523726452,0.08594724164734649,1.7189448329469297e-05,0.009692304075396983,0.029951760409884235,1.410242729451974,0.9016356899957871
2020-08-18,-0.02170941475499902,-0.1838550575059767,0.7320102124684731,0.0034842937291368,1,Bull,0.5666670943548336,0.27379942011175606,0.957213507692072,0.4838272235312668,0.3100280279914973,0.3100280279914973,0.31733791594044736,-0.006889220434638187,0.006833130797836151,1.3666261595672303e-06,-0.006890587060797754,-0.02170941475499902,1.4005253291478281,0.882061706843759
2020-08-19,-0.01961788699136637,-0.3337953685886018,0.2117933023659706,-0.000180011423501,2,Bear,0.674185611126587,0.43642818080782664,0.8212954129199401,0.4940745272426426,0.30359792243718364,0.6,0.3100280279914973,-0.006082094817293364,0.007309887948950045,1.461977589790009e-06,-0.006083556794883154,-0.01961788699136637,1.3920051537652849,0.8647575199594864
2020-08-20,0.01016132774175868,-0.6712474570244208,-1.0932313354279528,0.0002135072742259,2,Bear,0.9869775205718369,0.9767199658644968,0.07620171608281055,0.48999349287266636,0.3061265142943035,0.6,0.6,0.006096796645055208,0.28997197200850267,5.7994394401700535e-05,0.006038802250653508,0.01016132774175868,1.4004111976207638,0.8735446045369452
2020-08-21,-0.024361862793125022,-1.0639207475146142,0.0580838412122872,-0.0051152152775694,2,Bear,0.9978943187944311,0.9957914700580632,0.015102577471493057,0.47545729440235734,0.31548574764963433,0.6,0.6,-0.014617117675875013,0.0,0.0,-0.014617117675875013,-0.024361862793125022,1.379941222350528,0.8522634307375414
2020-08-22,0.007676821280393403,-2.067116811559221,-0.960057678959814,-0.0095702031034676,2,Bear,0.9998072103674545,0.9996144207582539,0.0018418767914308923,0.38835315521368435,0.3862463790656347,0.6,0.6,0.004606092768236042,0.0,0.0,0.004606092768236042,0.007676821280393403,1.3862973596353878,0.8588061047791286
2020-08-23,-0.0014543864269716935,-2.048049888825515,-1.4379312965000826,-0.0055191974378621,2,Bear,0.9998796935996727,0.9997593872181364,0.0012061211310578949,0.383107367367355,0.3915351485688543,0.6,0.6,-0.0008726318561830161,0.0,0.0,-0.0008726318561830161,-0.0014543864269716935,1.3850876323972277,0.8575570688369374
2020-08-24,0.009364458635234827,-1.8751955078839877,-0.7440546282410907,0.000277271687458,2,Bear,0.9998357018888325,0.999671404082955,0.0015959544337739815,0.3835813435079211,0.3910513442291607,0.6,0.6,0.005618675181140897,0.0,0.0,0.005618675181140897,0.009364458635234827,1.3928699899010832,0.8655876265354141
2020-08-25,-0.035306004408532356,-1.573942111102722,0.9358582010674282,-0.0088161947426001,2,Bear,0.9969553223182016,0.9939106458838203,0.020682016821795234,0.3600912164305849,0.416561118837831,0.6,0.6,-0.021183602645119412,0.0,0.0,-0.021183602645119412,-0.035306004408532356,1.3633639854987072,0.8350271859769837
2020-08-26,0.010696334763965401,-1.4584541738533632,-0.2053554162427839,-0.001804555231182,2,Bear,0.9995723042153581,0.9991446446365193,0.003745658300094973,0.3635320558237422,0.4126183581255547,0.6,0.6,0.0064178008583792405,0.0,0.0,0.0064178008583792405,0.010696334763965401,1.3721137840551243,0.8439589162952056
2020-08-27,-0.014463477673961746,-1.3955665017377656,0.0259145392902743,-0.0062326150220531,2,Bear,0.9992977745898038,0.9985956012833129,0.005801564885307902,0.3629639483420006,0.41326418418466015,0.6,0.6,-0.008678086604377048,0.0,0.0,-0.008678086604377048,-0.014463477673961746,1.3602064618060343,0.831752335351629
2020-08-28,0.01916471859560327,-1.2757141731254529,-1.0952119573244568,-0.0021087940175381,2,Bear,0.999559949386808,0.9991201129999809,0.0038427863120671915,0.3684667741950065,0.4070923364194958,0.6,0.6,0.011498831157361961,0.0,0.0,0.011498831157361961,0.01916471859560327,1.3758472462494948,0.8476926347998787
2020-08-29,-0.0030920412474540297,-1.204184209903943,-1.829995104972727,-0.0046000939940758,2,Bear,0.9996439872029138,0.9992881294057534,0.0031842392113052547,0.36770371551090963,0.40793713436259676,0.6,0.6,-0.0018552247484724177,0.0,0.0,-0.0018552247484724177,-0.0030920412474540297,1.373294740388135,0.8450715342079145
2020-08-30,0.017627931208674324,-1.2002693889904588,-1.003613533585717,0.0059866931293654,2,Bear,0.9994581731505384,0.998916849928917,0.004620542723970677,0.36812362239609364,0.4074718134730376,0.6,0.6,0.010576758725204595,0.0,0.0,0.010576758725204595,0.017627931208674324,1.3878197475158127,0.8599683970793404
2020-08-31,-0.0026235581917250007,-1.4835990723249268,-0.1401755673757851,0.0033227145382273,2,Bear,0.9996150341154921,0.9992300935056962,0.0034118992431388475,0.32299760461824445,0.4643997288378877,0.6,0.6,-0.0015741349150350003,0.0,0.0,-0.0015741349150350003,-0.0026235581917250007,1.385635131995473,0.8577122199465582
2020-09-01,0.02449528784504093,-1.416404985976112,1.420717174534402,0.0111144676420279,2,Bear,0.9962149165055113,0.9924298349437191,0.02488616812173576,0.3330625505867068,0.4503658539087246,0.6,0.6,0.014697172707024558,0.0,0.0,0.014697172707024558,0.02449528784504093,1.4060000508393313,0.8787221276623581
2020-09-02,-0.04759982836281475,-1.4970053897457332,1.6206792287848255,-0.0022384417496557,2,Bear,0.9878046617646049,0.9756093239189796,0.0658618935059547,0.3859071978954435,0.38869448618224667,0.6,0.6,-0.028559897017688848,0.0,0.0,-0.028559897017688848,-0.04759982836281475,1.3658448341804947,0.8368951052070225
2020-09-03,-0.108024907829682,-0.8673702478056408,2.2966126660947035,-0.0232250150661012,1,Bull,0.9994203645726114,0.9988407291475384,0.00489955476381846,0.5963078069103415,0.25154793927182884,0.25154793927182884,0.6,-0.0648149446978092,0.0,0.0,-0.0648149446978092,-0.108024907829682,1.2773176767872976,0.7464895886039219
2020-09-04,0.02568095890557451,-0.5855703036088016,1.5711645243736003,-0.0216144095267212,1,Bull,0.9876724285031795,0.9753648981890002,0.06659097862321828,0.6093656719218568,0.2461576142399363,0.2461576142399363,0.25154793927182884,0.006459992291221789,0.34845206072817114,6.969041214563424e-05,0.006390301879076155,0.02568095890557451,1.2854801223374486,0.7656601570522984
2020-09-05,-0.03310004713411871,0.0575181750679991,3.2422102902946865,-0.0277097073151999,1,Bull,0.9999634683107523,0.9999269376662779,0.00040979933899107195,0.6187379214436757,0.24242897485580192,0.24242897485580192,0.2461576142399363,-0.008147828633764101,0.0053903250318925455,1.0780650063785092e-06,-0.00814890669877048,-0.03310004713411871,1.2750048647573966,0.7403167697651506
2020-09-06,0.010834787536525494,-0.0251049386047144,1.7529149544351426,-0.030441807376903,2,Bear,1.0,1.0,1.0158695430674005e-187,0.6014633669008292,0.2493917472861358,0.6,0.24242897485580192,0.002626666435260295,0.003728639384134369,7.457278768268738e-07,0.002625920707383468,0.010834787536525494,1.2783529264337778,0.7483379446752829
2020-09-07,0.008640468391535637,0.7056933371062777,1.1534280588144892,-0.019193748026033,0,Bull,0.8873875649502376,0.7899134340941159,0.39639290741756217,0.6029053315469198,0.24879527871338217,0.24879527871338217,0.6,0.005184281034921382,0.35757102514419803,7.151420502883962e-05,0.005112766829892543,0.008640468391535637,1.2848888468729445,0.7548039350324364
2020-09-08,-0.02322390559011147,1.1657816155812242,1.0209717159814304,-0.0022335475781189,0,Bull,0.8357343214522193,0.6717123094556341,0.4485067272732443,0.6045193130451529,0.24813103032954076,0.24813103032954076,0.24879527871338217,-0.0057779980641050575,0.35120472128661784,7.024094425732357e-05,-0.005848239008362381,-0.02322390559011147,1.2773745097972524,0.7372744397061984
2020-09-09,0.010879835709758444,1.4806723506095236,-0.298273293330005,-0.0051937722172821,1,Chop,0.8482848872283074,0.6965783072239198,0.4257646573664749,0.6049289779524306,0.24796299312312897,0.24796299312312897,0.24813103032954076,0.002699624844478493,0.0006642483838414093,1.3284967676828185e-07,0.002699491994801725,0.010879835709758444,1.280822772060814,0.7452958644832061
2020-09-10,0.011724294913524443,1.6702387132406191,2.8142669240530007,0.0037710961922465,0,Bull,0.9993376928931214,0.9986792140223669,0.00553357614045602,0.6051449363464835,0.24787450243839695,0.24787450243839695,0.24796299312312897,0.0029071912590157975,0.00016803720641178632,3.3607441282357264e-08,0.0029071576515745153,0.011724294913524443,1.2845463257829215,0.7540339329962372
2020-09-11,0.003638635248421432,1.6528757679906274,1.6104204428518654,0.0023318657346257,0,Bull,0.9880946924259246,0.9761921612474244,0.06460984428582546,0.6036864133172534,0.24847337407471348,0.24847337407471348,0.24787450243839695,0.0009019249017572754,8.849068473201771e-05,1.769813694640354e-08,0.000901907203620329,0.003638635248421432,1.285704867367529,0.7567775874433432
2020-09-12,0.003958714499077175,1.5836298827971529,0.6902496458995904,0.001395514956134,0,Bull,0.7195386212574173,0.43908607738588196,0.5934889566352095,0.6048779126776663,0.24798392676628211,0.24798392676628211,0.24847337407471348,0.000983635148584195,0.0005988716363165281,1.197743272633056e-07,0.0009835153742569316,0.003958714499077175,1.286969377871342,0.7597734538513318
2020-09-13,-0.011404867595945653,1.5503724875230422,0.5942894483005492,0.0037593225549671,1,Chop,0.6471047507626995,0.29421828357845664,0.6493223945003289,0.6015472942155462,0.24935695238328517,0.24935695238328517,0.24798392676628211,-0.002828223850692131,0.0004894473084313677,9.788946168627355e-08,-0.002828321740153817,-0.011404867595945653,1.2833294144009963,0.751108338207243
2020-09-14,0.03400365092776386,1.3978848850005778,0.4389137013255599,0.0083840855985682,1,Chop,0.8297771844357913,0.6595663127058011,0.4563655215837268,0.6107530965788726,0.24559842731903206,0.24559842731903206,0.24935695238328517,0.008479046765252265,0.0013730256170030597,2.7460512340061195e-07,0.008478772160128864,0.03400365092776386,1.2942104721120942,0.776648763948575
2020-09-15,0.010812510742824319,1.3209126554986514,0.0858325008313277,0.0082017287644282,1,Chop,0.9828430296738628,0.9656973624924083,0.0868521386032137,0.6108037445883372,0.24557806223191272,0.24557806223191272,0.24559842731903206,0.002655535633807792,0.0037585250642531154,7.517050128506231e-07,0.0026547839287949415,0.010812510742824319,1.2976463212739355,0.7850462870521702
2020-09-16,0.016347532426243053,1.2162459055412005,-0.1401805929183375,0.0107435081999925,1,Chop,0.9953235660825022,0.9906621410102607,0.02985673678511713,0.613969445086041,0.24431183212868054,0.24431183212868054,0.24557806223191272,0.004014595335510128,2.0365087119333936e-05,4.073017423866787e-09,0.0040145912624927034,0.016347532426243053,1.3028558408571276,0.7978798566858571
2020-09-17,-0.002364091830582051,1.1728650727942167,0.5796809212065208,0.0094789469340607,1,Chop,0.9896004498912151,0.979238927900962,0.05808089815049652,0.6068542186059032,0.24717633230693814,0.24717633230693814,0.24431183212868054,-0.0005775756064499471,0.0012662301032321799,2.53246020646436e-07,-0.0005778288524705935,-0.002364091830582051,1.3021030131616704,0.7959935954348801
2020-09-18,-0.0004023369137903027,1.0987729270941753,-0.8547050724660757,0.0116794530704917,1,Chop,0.9977798609745004,0.9955846682956773,0.015919913665796905,0.6069244592353925,0.24714772607611002,0.24714772607611002,0.24717633230693814,-9.944816270237978e-05,0.002864500178257595,5.729000356515191e-07,-0.0001000210627380313,-0.0004023369137903027,1.3019727754344996,0.795673337828296
2020-09-19,0.013590771382837723,1.00886482935279,-1.3424563237944116,0.0075968771615065,1,Chop,0.9981670957724081,0.9963870371142641,0.013621399144404554,0.6045923421553764,0.24810105841772462,0.24810105841772462,0.24714772607611002,0.0033589282428886126,2.860623082812097e-05,5.721246165624195e-09,0.003358922521642447,0.013590771382837723,1.306346001112472,0.8064871522581398
2020-09-20,-0.0141678855300922,0.9884850001101864,-1.1401255674821564,0.0026007979069232,1,Chop,0.9986033739530082,0.9972545205476665,0.010784841303413006,0.6065700135537685,0.2472921454214015,0.2472921454214015,0.24810105841772462,-0.00351506739555704,0.0009533323416145989,1.906664683229198e-07,-0.003515258062025363,-0.0141678855300922,1.3017538578002668,0.7950609346034565
2020-09-21,-0.04449331082805089,1.018371071507452,-0.6247357545966794,-0.0095673707439355,1,Chop,0.9879304398520751,0.9759040269712081,0.06559465848324891,0.6173770955504212,0.24296333809771128,0.24296333809771128,0.2472921454214015,-0.011002846291569978,0.0008089129963231301,1.6178259926462602e-07,-0.011003008074169244,-0.04449331082805089,1.2874306495923096,0.7596860413129043
2020-09-22,0.0072569445920738825,0.7148343299932284,-1.2321250125760523,-0.0076431634594043,1,Chop,0.9977469031519395,0.9957333359853997,0.016747393462490042,0.5915584090458921,0.2535675221689956,0.2535675221689956,0.24296333809771128,0.0017631714824804042,0.004328807323690204,8.657614647380408e-07,0.001762305721015666,0.0072569445920738825,1.289699495991497,0.7651990408220839
2020-09-23,-0.028125828810467837,-0.8003966956297418,-1.1211096024569236,-0.0131878618387398,2,Bear,0.8677290146354272,0.7974542706391975,0.48210509369868204,0.3835122796989319,0.3911217656909298,0.6,0.2535675221689956,-0.007131796720419678,0.0106041840712843,2.1208368142568602e-06,-0.007133917557233935,-0.028125828810467837,1.2804988861134874,0.7436771835939877
2020-09-24,0.04893613643511954,-1.1987307666504528,1.4796940110567658,-0.0061187888282834,2,Bear,0.9505572364837683,0.9011156359777983,0.19688477224925127,0.42413805338237637,0.3536584345681649,0.6,0.6,0.029361681861071725,0.3464324778310044,6.928649556620088e-05,0.029292395365505524,0.04893613643511954,1.318007765750613,0.7800698717140285
2020-09-25,-0.00627888978372976,-2.1624796727024496,0.6530402858859518,-0.004540989679011,2,Bear,0.9991752957676824,0.9983505915761508,0.006680165440378554,0.39712652453529335,0.37771337529147897,0.6,0.6,-0.003767333870237856,0.0,0.0,-0.003767333870237856,-0.00627888978372976,1.3130423904534643,0.7751718989659279
2020-09-26,0.005410230472935921,-2.2835498725112706,1.393496545535055,0.0054397185811863,2,Bear,0.9991231196829087,0.9982462393667523,0.007048979118851386,0.3956148189888373,0.3791566766467168,0.6,0.6,0.0032461382837615524,0.0,0.0,0.0032461382837615524,0.005410230472935921,1.3173047076253173,0.779365757595477
2020-09-27,0.0022805831897412406,-2.6197207742150006,1.841699481842883,0.0044444463007198,2,Bear,0.9985505494893196,0.9971010989786407,0.01092283536484603,0.39456879849584564,0.3801618388778385,0.6,0.6,0.0013683499138447443,0.0,0.0,0.0013683499138447443,0.0022805831897412406,1.3191072414085037,0.7811431660409092
2020-09-28,-0.006108227146350323,-2.396609745628056,1.133812996120248,0.0088479666335433,2,Bear,0.9992029561494498,0.9984059122993693,0.006483315879149222,0.38012736916090684,0.39460457775274116,0.6,0.6,-0.003664936287810194,0.0,0.0,-0.003664936287810194,-0.006108227146350323,1.3142727974119524,0.7763717661489121
2020-09-29,0.01252558330751577,-2.126118891874275,0.9245537788787735,0.0015658560080225,2,Bear,0.999436241544618,0.998872483107065,0.004781011825104279,0.3808657822409075,0.39383952823864105,0.6,0.6,0.007515349984509461,0.0,0.0,0.007515349984509461,0.01252558330751577,1.3241500174596235,0.7860962753834134
2020-09-30,-0.0055619032310387645,-1.875309400522016,0.791981601517064,0.0017092533185607,2,Bear,0.9994496358223277,0.9988992720188365,0.00468066321237261,0.3802930857826921,0.39443262475119867,0.6,0.6,-0.0033371419386232586,0.0,0.0,-0.0033371419386232586,-0.0055619032310387645,1.3197311409033303,0.7817240839694508
2020-10-01,-0.015421675401221661,-1.5477561760559209,0.3949625486142702,-0.0024571278562707,2,Bear,0.9992913936786316,0.998582808477261,0.005847558573243949,0.3873598126388259,0.38723686635985627,0.6,0.6,-0.009253005240732996,0.0,0.0,-0.009253005240732996,-0.015421675401221661,1.3075196617401932,0.7696685888931566
2020-10-02,-0.004102545378274992,-1.3926284378693494,1.1963441790630596,-0.0037337535698739,2,Bear,0.9983207311878851,0.9966414848778108,0.012407647824401784,0.38772347360899045,0.3868736617976122,0.6,0.6,-0.0024615272269649952,0.0,0.0,-0.0024615272269649952,-0.004102545378274992,1.3043011664930275,0.7665109885809895
2020-10-03,-0.0025226166977002406,-1.405864036161158,0.7369836007095997,-0.0030166314801439,2,Bear,0.9989918791448156,0.9979838123009014,0.007963896127862061,0.38426549588993614,0.3903551102151622,0.6,0.6,-0.0015135700186201444,0.0,0.0,-0.0015135700186201444,-0.0025226166977002406,1.3023270153521724,0.7645773751622243
2020-10-04,0.011334718114116692,-1.5312076738056497,2.5674197912667065,-0.0032548045188237,2,Bear,0.9914114929378058,0.9828229859295042,0.04940988623993099,0.35827866896016436,0.4186685197735786,0.6,0.6,0.006800830868470015,0.0,0.0,0.006800830868470015,0.011334718114116692,1.3111839211190217,0.7732436441861195
2020-10-05,0.011532279024733388,-1.455694864149367,0.6128355486582477,0.0001640319323306,2,Bear,0.9990577838045341,0.998115616572286,0.007506984250204212,0.3587109268872384,0.41816401106496776,0.6,0.6,0.006919367414840033,0.0,0.0,0.006919367414840033,0.011532279024733388,1.3202564844176747,0.7821609056449754
2020-10-06,-0.017659664062251813,-1.416983670358449,0.1769575305517254,-0.0002835657998753,2,Bear,0.9992477214950145,0.9984955468825679,0.006163713594181535,0.3583267310766212,0.41861236405476376,0.6,0.6,-0.010595798437351088,0.0,0.0,-0.010595798437351088,-0.017659664062251813,1.3062673128231794,0.7683482068086585
2020-10-07,0.006069812450621233,-1.3712006092703628,-0.2108732495458334,0.0017509057659038,2,Bear,0.9995248153070723,0.9990498564240464,0.004113046936114853,0.3598423640280897,0.4168491956335936,0.6,0.6,0.00364188747037274,0.0,0.0,0.00364188747037274,0.006069812450621233,1.3110245913827077,0.7730119363207583
2020-10-08,0.022861384647314218,-1.142000880354152,1.62800709207071,0.0068277060349067,2,Bear,0.9931865456371517,0.9863731690555394,0.04078249579956249,0.3743817133825793,0.4006605948905297,0.6,0.6,0.01371683078838853,0.0,0.0,0.01371683078838853,0.022861384647314218,1.3290076938621205,0.7906840595339523
2020-10-09,0.013537193923190284,-1.0168429143094104,-1.5055070532953776,0.0072682011967214,2,Bear,0.999192065461813,0.9983882015407695,0.006586530471908935,0.3743440542102874,0.4007009015180929,0.6,0.6,0.00812231635391417,0.0,0.0,0.00812231635391417,0.013537193923190284,1.3398023147884546,0.8013877029798387
2020-10-10,0.02074267777372715,-0.8737930949360084,-1.476834547408824,0.0091102809465202,2,Bear,0.9985857822222075,0.9971844324720207,0.010765436581486017,0.37888406978678246,0.3958994636127423,0.6,0.6,0.012445606664236289,0.0,0.0,0.012445606664236289,0.02074267777372715,1.356476967406145,0.818010629874577
2020-10-11,0.007744148940002064,-1.2450159482634462,-1.5905327105103706,0.0141910435469709,2,Bear,0.9992762335213582,0.9985528061710927,0.00596002888316333,0.3175238412500197,0.4724054716946099,0.6,0.6,0.004646489364001238,0.0,0.0,0.004646489364001238,0.007744148940002064,1.3627798232077104,0.8243454260268306
2020-10-12,0.014924866101628098,-0.9392843755625576,-1.1610543256540629,0.0159620542771723,2,Bear,0.9978309102880251,0.9956706535251562,0.015528161539230468,0.32060631137706835,0.4678635281873271,0.6,0.6,0.008954919660976859,0.0,0.0,0.008954919660976859,0.014924866101628098,1.3749834070401357,0.8366486711317707
2020-10-13,-0.011267025530866026,-0.9489985030480556,-1.3080487866072692,0.0091363722415363,2,Bear,0.9989632315196192,0.9979347727107625,0.008208919932483788,0.2945742347380689,0.509209504128485,0.6,0.6,-0.006760215318519616,0.0,0.0,-0.006760215318519616,-0.011267025530866026,1.3656882231491525,0.8272221291937639
2020-10-14,0.000315673400463534,-1.094860392000667,-1.188637991012839,0.0064920681369909,2,Bear,0.9994274932692008,0.9988575094284292,0.004862586879974638,0.22063468691037413,0.6798568352986707,0.6,0.6,0.0001894040402781204,0.0,0.0,0.0001894040402781204,0.000315673400463534,1.3659468900163771,0.8274832612162252
2020-10-15,0.005744241377636975,-1.0082148650156608,-1.0724544559648366,0.0034923808577729,2,Bear,0.9993387298495586,0.9986836252222853,0.005537402103536293,0.21684848823784048,0.6917272110999422,0.6,0.6,0.0034465448265821852,0.0,0.0,0.0034465448265821852,0.005744241377636975,1.370654687203549,0.8322365248046054
2020-10-16,-0.01518396829079633,-0.7166709637859842,-0.9041658961025304,-0.0010932425883867,2,Bear,0.9981629170345614,0.9964106050986636,0.013751777227235758,0.2309678603344803,0.6494410078647945,0.6,0.6,-0.009110380974477798,0.0,0.0,-0.009110380974477798,-0.01518396829079633,1.3581675008186709,0.8195998718015297
2020-10-17,0.0031726798498982116,-0.7953257094440948,-1.2126609862325566,-0.0034436798387327,2,Bear,0.9988541975670135,0.9977444728971453,0.009064386132203867,0.23097639697160816,0.6494170052294916,0.6,0.6,0.0019036079099389268,0.0,0.0,0.0019036079099389268,0.0031726798498982116,1.360752919216251,0.8222001997997735
2020-10-18,0.010967693217915127,-1.086298311836311,-1.1434538572337871,0.0010032639110235,2,Bear,0.9994387137860765,0.9988803200125038,0.004780635636302507,0.23007842607038842,0.6519516086836848,0.6,0.6,0.0065806159307490765,0.0,0.0,0.0065806159307490765,0.010967693217915127,1.369707511554259,0.8312178393548859
2020-10-19,0.02227634146506345,-0.6982764696947119,-0.7033588720902294,0.0053953975239434,2,Bear,0.9973647468897234,0.994838206325412,0.018734973074753584,0.24095051955136795,0.6225344534607724,0.6,0.6,0.01336580487903807,0.0,0.0,0.01336580487903807,0.02227634146506345,1.388014754895046,0.8497343317762077
2020-10-20,0.014734826605249336,-0.5178562157009509,-0.198909395152025,0.0071935145694659,2,Bear,0.9943597736325503,0.9892013792694401,0.03647441549386289,0.24111847728918512,0.6221008098856634,0.6,0.6,0.008840895963149601,0.0,0.0,0.008840895963149601,0.014734826605249336,1.40028604893839,0.8622550198154576
2020-10-21,0.07338405430586939,2.633272441596523,0.6145375049463099,0.0249071190887991,0,Bull,0.9999985650513344,0.9999971339137904,2.076770380916126e-05,0.3638969104044875,0.41220465387647387,0.41220465387647387,0.6,0.044030432583521635,0.0,0.0,0.044030432583521635,0.07338405430586939,1.4619412494138178,0.9255307890151037
2020-10-22,0.011027987566796663,2.563050766265065,0.0905882606783632,0.0264781806321788,0,Bull,0.9995178120418455,0.9990356250964738,0.00416464051416554,0.35879228553441683,0.418069189465924,0.418069189465924,0.41220465387647387,0.004545787797925476,0.1877953461235261,3.755906922470522e-05,0.00450822872870077,0.011027987566796663,1.468532014954098,0.9357375310490498
2020-10-23,-0.0026529704553783216,2.3745348077815382,-0.2491079476869168,0.0237540478975201,0,Bull,0.9950302172843823,0.9900604449496019,0.031319170849363615,0.3588814115085962,0.4179653645739383,0.4179653645739383,0.418069189465924,-0.0011091252079570581,0.005864535589450104,1.1729071178900208e-06,-0.001110298115074948,-0.0026529704553783216,1.4669015066259672,0.933255047025188
2020-10-24,0.01355828284978525,2.046989945338796,-0.499490919171436,0.0220104361744644,0,Bull,0.9575423601645361,0.9150848842269875,0.17567971828136872,0.35914442742218794,0.4176592717215386,0.4176592717215386,0.4179653645739383,0.005666892634307068,0.00010382489198568212,2.0764978397136424e-08,0.00566687186932867,0.01355828284978525,1.4752142495089418,0.9459083829237452
2020-10-25,-0.0058830252475124915,2.007713935236268,-0.4366139476727423,0.0178868658039121,0,Bull,0.8585828004782304,0.7171660271577855,0.4075336400242224,0.365635895373219,0.41024418526219664,0.41024418526219664,0.4176592717215386,-0.0024571000403954915,0.0003060928523996864,6.121857047993729e-08,-0.0024571612589659713,-0.0058830252475124915,1.4715894102063738,0.9403435800251712
2020-10-26,0.0033765071930938885,1.80859516100215,0.0976253186252575,0.003885356381357,1,Chop,0.5937754518864293,0.18755322749666797,0.6754852969080037,0.34623452404684235,0.433232360097361,0.433232360097361,0.41024418526219664,0.0013851924424627487,0.0074150864593419685,1.4830172918683938e-06,0.0013837094251708802,0.0033765071930938885,1.4736256623432582,0.9435186568871057
2020-10-27,0.04332755896265355,1.808025040416441,0.5416272575619531,0.0103452706605283,0,Bull,0.6844471292561414,0.3688955633813653,0.6234892609998016,0.37270555203156,0.4024624779061469,0.4024624779061469,0.433232360097361,0.018770900626647963,0.022988174835164354,4.597634967032871e-06,0.01876630299168093,0.04332755896265355,1.5012801680191084,0.9843990171257455
2020-10-28,-0.02844584941845549,2.160000734850648,1.4323748229798128,0.0051866948679129,0,Bull,0.9928036242886803,0.98560733934309,0.042679731074632035,0.40767853427043926,0.36793695863441117,0.36793695863441117,0.4024624779061469,-0.011448387043096725,0.03076988219121407,6.153976438242815e-06,-0.011454541019534968,-0.02844584941845549,1.4840836927527192,0.9563969509169109
2020-10-29,0.012475103458646658,2.0675642132180223,3.091021731202733,0.0049700589896852,0,Bull,0.9999993516950211,0.9999987192056293,9.960290537929425e-06,0.40751521606934654,0.3680844152196629,0.3680844152196629,0.36793695863441117,0.004590051625224075,0.03452551927173575,6.9051038543471505e-06,0.004583146521369728,0.012475103458646658,1.4908854657665804,0.9683281018271335
2020-10-30,0.008052075583308513,1.8565877034935685,0.1822737537030218,0.0077570791558494,0,Bull,0.7432254265739816,0.4864526146491969,0.5696788188698747,0.40451435689956466,0.37081502162169966,0.37081502162169966,0.3680844152196629,0.0029638435323866403,0.00014745658525172622,2.9491317050345247e-08,0.00296381404106959,0.008052075583308513,1.4953041730436458,0.9761251528924871
2020-10-31,0.01716060814063042,1.7908228282646363,0.096456649562671,0.0105138993453567,1,Chop,0.5770576809859878,0.15411735124981285,0.6812503366144781,0.40591365962824116,0.3695367141312232,0.3695367141312232,0.37081502162169966,0.006363411278709385,0.0027306064020367615,5.461212804073523e-07,0.0063628651574289775,0.01716060814063042,1.5048185918660635,0.992876054137488
2020-11-01,-0.003189593193523672,1.4588959289906671,-0.5640983531925277,0.0012104689141212,1,Chop,0.9767433011939014,0.9534920971314141,0.11050773220371275,0.40867571722564494,0.3670391796662082,0.3670391796662082,0.3695367141312232,-0.0011786717881500524,0.0012783074904764713,2.5566149809529426e-07,-0.0011789274496481477,-0.003189593193523672,1.5030445199213718,0.9897091834331985
2020-11-02,-0.01367823012311885,1.4728680276667157,0.1227574192293877,0.0041639927731886,1,Chop,0.9922541343954244,0.9845142060052683,0.0454138389600177,0.4110557786472896,0.3649139795421997,0.3649139795421997,0.3670391796662082,-0.005020446363675161,0.0024975344650149944,4.995068930029989e-07,-0.005020945870568164,-0.01367823012311885,1.4954978147457925,0.9761717134672351
2020-11-03,0.02907841515337467,1.466281233373179,-0.0148685345714213,0.0074846551121342,1,Chop,0.9905253406507527,0.9810562368777874,0.0536202405844086,0.41831889549621315,0.35857811257143624,0.35857811257143624,0.3649139795421997,0.010611120192398153,0.0021252001240085194,4.250400248017039e-07,0.010610695152373352,0.02907841515337467,1.5113660861591007,1.0045572398124165
2020-11-04,0.013061444695718672,1.503280514061749,0.5381515217328666,0.0084865289346162,1,Chop,0.9811800553477162,0.9623688323202674,0.09348599518923596,0.4180684035405686,0.3587929600268016,0.3587929600268016,0.35857811257143624,0.0046835481864469985,0.006335866970763437,1.2671733941526876e-06,0.004682281013052846,0.013061444695718672,1.5184427268880956,1.0176782086439102
2020-11-05,0.09741581080424415,1.6848474263047255,1.0943527494329195,0.0245375694673389,0,Bull,0.999837136320195,0.9996742783747218,0.00158350920089295,0.5438609719192999,0.275805780787406,0.275805780787406,0.3587929600268016,0.03495210711186564,0.00021484745536537453,4.296949107307491e-08,0.03495206414237456,0.09741581080424415,1.5715154344748106,1.1168161564767676
2020-11-06,-0.0008969303080480761,1.669889109318759,0.8893805293474049,0.0249961020444341,0,Bull,0.9919335171520169,0.9838675332994203,0.04691994711517098,0.5459730499807538,0.27473883556209905,0.27473883556209905,0.275805780787406,-0.00024737856392308816,0.08298717923939564,1.6597435847879127e-05,-0.0002639759997709673,-0.0008969303080480761,1.5711005921168395,1.1158144502175058
2020-11-07,-0.04817614127429782,2.025525031790941,0.2392502323981276,0.0180965198141983,0,Bull,0.9941774314781892,0.9883548995808302,0.035769077525767946,0.6105810057275671,0.24566764867056468,0.24566764867056468,0.27473883556209905,-0.013235856955575762,0.0010669452253069256,2.1338904506138512e-07,-0.013236070344620822,-0.04817614127429782,1.5503053941611056,1.0620588156279243
2020-11-08,0.04261566759184631,1.9007505132005176,-0.8734084708544837,0.0208039703018926,2,Bear,1.0,1.0,5.840682573813263e-193,0.6227070696557115,0.24088372737270106,0.6,0.24566764867056468,0.01046929085381527,0.029071186891534373,5.814237378306875e-06,0.010463476616436963,0.04261566759184631,1.5665269784012463,1.1073191610777138
2020-11-09,-0.009558200327301026,1.948700123873074,0.0901735384910109,0.0162800412972887,0,Bull,0.9355870927815684,0.8714783432695885,0.24087333707218328,0.6306171173507701,0.23786223981700935,0.23786223981700935,0.6,-0.005734920196380615,0.3543323513294353,7.086647026588706e-05,-0.005805786666646502,-0.009558200327301026,1.5574320569571023,1.0967351827098741
2020-11-10,-0.002704687109614758,1.2703238760835036,-0.9412946523875666,-0.003744058285483,1,Chop,0.8847749895233536,0.7695815042587192,0.35759208781774404,0.5706551165129958,0.26285578742652693,0.26285578742652693,0.23786223981700935,-0.0006433429338971595,0.3621377601829906,7.242755203659812e-05,-0.0007157704859337575,-0.002704687109614758,1.5563172930568854,1.0937688571985378
2020-11-11,0.026488015591815354,1.1618015415869454,-0.3428229130032531,0.0017329308944896,1,Chop,0.9927376939646105,0.9854934240776608,0.04312934477656989,0.5756159459004474,0.260590418087449,0.260590418087449,0.26285578742652693,0.006962528195752747,0.02499354760951758,4.998709521903516e-06,0.006957529486230843,0.026488015591815354,1.5671454165132594,1.122740623741855
2020-11-12,0.03596670089126322,1.1193501558008334,0.2151226391727066,0.0185614993276018,1,Chop,0.9558800012195557,0.9117997665984122,0.1811421843238706,0.5834508482107534,0.25709106509999824,0.25709106509999824,0.260590418087449,0.009372577622480506,0.0022653693390779495,4.5307386781558994e-07,0.00937212454861269,0.03596670089126322,1.5818328985426093,1.1631218999344484
2020-11-13,0.0025443132057155655,1.0847494515441336,-0.1863877679525829,0.0105472284503756,1,Chop,0.9958559799056798,0.9917393645415084,0.027034734700701352,0.5846012963468733,0.25658513064773886,0.25658513064773886,0.25709106509999824,0.0006541201920054057,0.0034993529874507434,6.998705974901487e-07,0.0006534203214079156,0.0025443132057155655,1.5828665003035887,1.1660812463443084
2020-11-14,-0.015418716403050705,1.0405662812641812,-0.8003919679634424,0.0093751252352257,1,Chop,0.9979363044132457,0.9959055669366714,0.014990966495385583,0.5912578254245734,0.2536964308122049,0.2536964308122049,0.25658513064773886,-0.003956213362697199,0.0005059344522593823,1.0118689045187646e-07,-0.00395631454958765,-0.015418716403050705,1.5766041825383827,1.1481017703040097
2020-11-15,-0.007029240926094911,0.9221366955182618,-1.2563142700351533,0.0085102144719297,1,Chop,0.9982436608513412,0.9965675098330821,0.013223769837734638,0.5953148513313749,0.2519675087301061,0.2519675087301061,0.2536964308122049,-0.0017832933342693566,0.00288869983553397,5.77739967106794e-07,-0.0017838710742364634,-0.007029240926094911,1.5737917239416321,1.1400314863528667
2020-11-16,0.04656389869041283,0.8835269631502022,-0.1594347365321917,0.0125253910916492,1,Chop,0.9820246448281912,0.964136262089955,0.09060177141465653,0.5989496289736754,0.2504384221040943,0.2504384221040943,0.2519675087301061,0.01173258954978437,0.0017289220820987938,3.4578441641975877e-07,0.011732243765367951,0.04656389869041283,1.592255832082834,1.1931157969872823
2020-11-17,0.054102475844138374,0.5971897274517558,0.8343140160100893,0.0161525460822242,1,Chop,0.6165515347334396,0.23416087956717835,0.6730171376569264,0.6006638508561056,0.24972370117863782,0.24972370117863782,0.2504384221040943,0.01354933868233089,0.0015290866260118108,3.0581732520236216e-07,0.013549032865005688,0.054102475844138374,1.6138293586812211,1.2576663155730468
2020-11-18,0.008947999876361636,0.6845478209104393,2.663501742562973,0.0174332834163534,0,Bull,0.9991684715043074,0.9985882036159012,0.007238055156173061,0.6010522134833626,0.2495623452256899,0.2495623452256899,0.24972370117863782,0.002234527647271021,0.0007147209254564635,1.429441850912927e-07,0.0022343847030859296,0.008947999876361636,1.6174352743136493,1.2689199136092988
2020-11-19,0.0007346200168832048,0.6331776233209219,0.6663240251603857,0.0206639507003402,0,Bull,0.8813435660790935,0.7631702918884788,0.3673807667794364,0.6032678545660267,0.24864576964390986,0.24864576964390986,0.2495623452256899,0.00018333349426310848,0.00016135595294791694,3.227119058958339e-08,0.0001833012230725189,0.0007346200168832048,1.6177317521776717,1.2698520875776578
2020-11-20,0.04414876269819295,0.5400575981747959,0.6106943336412165,0.0308995514251978,0,Bull,0.9959075461328782,0.991844847812244,0.026763038205894703,0.6170993195698825,0.24307270360393496,0.24307270360393496,0.24864576964390986,0.010977403079918525,0.0009165755817800436,1.8331511635600874e-07,0.01097721976480217,0.04414876269819295,1.6354899491418244,1.3259144860539287
2020-11-21,0.0011227042351799794,0.530839448875342,0.938130987918034,0.0218113125341512,0,Bull,0.9565160236633531,0.9135793103719825,0.18180077906534764,0.6149217992385253,0.24393345655618187,0.24393345655618187,0.24307270360393496,0.0002728987537927856,0.0055730660399749,1.11461320799498e-06,0.0002717841405847906,0.0011227042351799794,1.635934449372087,1.327403095862908
2020-11-22,-0.014710561659748133,0.8933465329246846,1.0884418492541623,0.0080487050333739,0,Bull,0.7879296729217234,0.576147445546657,0.5188765680785726,0.6158703664131947,0.2435577488061233,0.2435577488061233,0.24393345655618187,-0.003588398153545206,0.0008607529522469126,1.7215059044938254e-07,-0.0035885703041356556,-0.014710561659748133,1.630063783587558,1.3078762507738761
2020-11-23,-0.00032018509970887474,0.8507474481399521,1.1866323387495932,0.0061950680381598,0,Bull,0.6066395904620265,0.21375741312468693,0.6739155501518899,0.6159627373492044,0.24352122442588814,0.24352122442588814,0.2435577488061233,-7.798356208635766e-05,0.0003757077500585737,7.514155001171475e-08,-7.805870363636938e-05,-0.00032018509970887474,1.6299365429217665,1.3074574882861152
2020-11-24,0.03968026776556164,1.040193398858854,2.09499992987894,0.0139841975878955,0,Bull,0.9968412716336188,0.9937056943630033,0.021477257866032717,0.6258133689217575,0.23968807227375447,0.23968807227375447,0.24352122442588814,0.00966298739181667,3.6524380235158915e-05,7.304876047031783e-09,0.009662980086940623,0.03968026776556164,1.6456865872789963,1.3593377515133969
2020-11-25,-0.019839332374638075,-0.0134808512342827,1.01621428134765,0.0011865785733293,0,Bull,0.9183049795472976,0.8592448410072605,0.3311029812439929,0.5211624925632725,0.2878181030684763,0.2878181030684763,0.23968807227375447,-0.004755251332075288,0.003833152152133673,7.666304304267346e-07,-0.004756017962505714,-0.019839332374638075,1.6378596723092427,1.3323693980517295
2020-11-26,-0.08820525362378571,3.762715603375158,2.5726826065045203,-0.0166790129984638,0,Bull,0.9999999999847091,0.9999999999694549,3.9604918763150294e-10,0.6668127059879416,0.22495072252374348,0.22495072252374348,0.2878181030684763,-0.02538706877867185,0.04813003079472186,9.626006158944373e-06,-0.025396694784830795,-0.08820525362378571,1.5962634501112218,1.214847417376006
2020-11-27,-0.0024647942560283285,2.3316891520145115,0.1693588719592102,-0.0142298595177198,0,Bull,0.9851929777811663,0.9703859958911771,0.07707426771616632,0.6242183318969989,0.2403005364231296,0.2403005364231296,0.22495072252374348,-0.0005544572487659453,0.06286738054473284,1.2573476108946569e-05,-0.0005670307248748918,-0.0024647942560283285,1.595358319690014,1.2118530684397069
2020-11-28,0.034978293300267825,1.953469639593388,-0.5431787513694429,-0.0071701638377245,0,Bull,0.8219003088396964,0.6438012909998296,0.4685087716609363,0.6166856685051232,0.2432357482274681,0.2432357482274681,0.2403005364231296,0.008405302643219918,0.015349813899386111,3.0699627798772225e-06,0.00840223268044004,0.034978293300267825,1.6087628915007255,1.2542416205044205
2020-11-29,0.025635704702410122,1.3478496411159384,-0.6803969670448082,-0.0099790764503548,1,Chop,0.8060623085806621,0.6121400738923075,0.4920438708863427,0.6171323182579959,0.24305970626106732,0.24305970626106732,0.2432357482274681,0.006235519814629148,0.0029352118043385056,5.870423608677012e-07,0.00623493277226828,0.025635704702410122,1.6187934199757525,1.286394988313144
2020-11-30,0.07666315234015364,1.5099582707646484,1.010377803018952,0.0093214204926035,0,Bull,0.9758247389660998,0.951650286714774,0.1138804058982428,0.6794206809373748,0.22077632343049938,0.22077632343049938,0.24305970626106732,0.0186337232888452,0.00017604196640078063,3.5208393280156124e-08,0.01863368808045192,0.07666315234015364,1.6489575116302686,1.385014083271805
2020-12-01,-0.04283053060242915,1.928968857122176,1.1015006681595232,0.0183963650968748,0,Bull,0.9984209057527756,0.9968418629245321,0.011765014689179275,0.715538891307755,0.20963221122174422,0.20963221122174422,0.22077632343049938,-0.009455967076981799,0.022283382830567938,4.456676566113588e-06,-0.009460423753547912,-0.04283053060242915,1.6333576748186502,1.3256931951934365
2020-12-02,0.020950814137308933,1.8079609733758133,-0.2538267335865053,0.0230794867755422,0,Bull,0.9415636098376372,0.8831277379920013,0.22264988960282933,0.7075032568922663,0.21201315829821113,0.21201315829821113,0.20963221122174422,0.004391965494499851,0.011144112208755164,2.228822441751033e-06,0.0043897366720581,0.020950814137308933,1.640527684902389,1.3534675469290294
2020-12-03,0.012643316046180679,1.5955894802571124,-0.8570391360561372,0.0186124913247248,0,Bull,0.5578772169843155,0.11575950762124343,0.6864953818541532,0.7072505566377512,0.21208891048894424,0.21208891048894424,0.21201315829821113,0.002680549366313217,0.0023809470764669105,4.761894152933821e-07,0.0026800731768979237,0.012643316046180679,1.6449244191466543,1.370579864883102
2020-12-04,-0.039099467524232566,1.3577198611067791,-0.7053365467991113,0.0056654568793963,1,Chop,0.8850322307919177,0.770074499334351,0.3568810920124327,0.7296871073122602,0.20556756244811852,0.20556756244811852,0.21208891048894424,-0.008292563467912344,7.575219073310824e-05,1.515043814662165e-08,-0.00829257861835049,-0.039099467524232566,1.631283754079636,1.3169909219667382
2020-12-05,0.024012613075875922,1.2143241428512903,-1.5420827999241034,-0.0048646509734592,1,Chop,0.9893945558356881,0.9788201838350826,0.05897773327302368,0.7297949813408044,0.20553717665256457,0.20553717665256457,0.20556756244811852,0.004936214338017631,0.006521348040825714,1.3042696081651429e-06,0.004934910068409465,0.024012613075875922,1.6393339927020765,1.3486153154003666
2020-12-06,0.009916644389898553,0.9961261859023816,-1.6498976451780942,0.0056847840250063,1,Chop,0.9974431679824507,0.9949765846924804,0.018205680321044283,0.7102189855770914,0.21120246437528964,0.21120246437528964,0.20553717665256457,0.0020382390897672425,3.0385795553949935e-05,6.077159110789987e-09,0.002038233012608132,0.009916644389898553,1.6426753373646925,1.361989053901963
2020-12-07,-0.007965956561317785,0.6638533474433587,-1.3304177889085147,-9.85701147190366e-05,1,Chop,0.9981582681721846,0.9966644587598359,0.014330085809725173,0.6805258952652915,0.22041776961554863,0.22041776961554863,0.21120246437528964,-0.0016824296568568244,0.005665287722725065,1.1330575445450131e-06,-0.0016835627144013694,-0.007965956561317785,1.6399097904148385,1.3511395082615896
2020-12-08,-0.04641845955624486,0.3297402133377186,-0.734417872168537,-0.0119109252352041,1,Chop,0.9639590117443083,0.9305080247017297,0.1644654122543719,0.7134140534718036,0.21025658139201273,0.21025658139201273,0.22041776961554863,-0.01023145332437704,0.009215305240258986,1.8430610480517973e-06,-0.010233296385425092,-0.04641845955624486,1.623128107484163,1.2884216936425044
2020-12-09,0.012625041029578565,0.232662911098172,-0.4211092438175559,-0.0015660235244419,1,Chop,0.9924723588696917,0.9882343770245197,0.049461050961833466,0.7149974944939306,0.20979094494053965,0.20979094494053965,0.21025658139201273,0.0026544979668130858,0.0101611882235359,2.03223764470718e-06,0.0026524657291683786,0.012625041029578565,1.6274333991633148,1.30468807038814
2020-12-10,-0.01569464022080565,0.062597242320731,-1.2634492653338354,-0.0095074741837782,1,Chop,0.971975588570106,0.9537061179444073,0.14591719383515875,0.6926244434680661,0.21656758061977904,0.21656758061977904,0.20979094494053965,-0.0032925934024246174,0.00046563645147307264,9.312729029461453e-08,-0.003292686529714912,-0.01569464022080565,1.6220747711318815,1.284211460523021
2020-12-11,-0.011347356530151446,0.1480279273081542,-0.9340968379673752,-0.0137602743677882,1,Chop,0.9774426792730956,0.9657303689833491,0.12345032961744448,0.693949420784615,0.2161540819940483,0.2161540819940483,0.21656758061977904,-0.0024574695501649495,0.00677663567923939,1.3553271358478781e-06,-0.002458824877300797,-0.011347356530151446,1.6180863733317805,1.2696390552203598
2020-12-12,0.04041245632345914,-0.5155265730294544,-1.3868056155186352,-0.0040845917908328,2,Bear,0.5949595662810765,0.26825814615982085,0.8739302002884858,0.7136038572734145,0.21020065750923778,0.6,0.2161540819940483,0.008735317397721883,0.0004134986257307294,8.269972514614587e-08,0.008735234697996737,0.04041245632345914,1.632220737564464,1.3209482880860106
2020-12-13,0.01785353982728499,-0.7453149244937922,-0.9349353411578732,0.0087698080858731,2,Bear,0.9869972668132471,0.9797873416129094,0.0783188732587824,0.7170913391369094,0.20917837353961058,0.6,0.6,0.010712123896370994,0.3838459180059517,7.676918360119035e-05,0.010635354712769803,0.01785353982728499,1.6495799840780008,1.3445318909571382
2020-12-14,0.005431863337978572,-1.5175948377282908,-1.1173674198404262,0.0073311725475531,2,Bear,0.9997043828901714,0.9994088305366298,0.0026985001373998493,0.6972399333263966,0.2151339773159278,0.6,0.6,0.003259118002787143,0.0,0.0,0.003259118002787143,0.005431863337978572,1.6549561599011469,1.3518352044423714
2020-12-15,0.008816158477203611,-2.1635037856499744,-0.6245359554589969,0.0122333322871549,2,Bear,0.9997454123365219,0.9994908246957348,0.002361488860989813,0.692016735407397,0.21675776368572,0.6,0.6,0.005289695086322166,0.0,0.0,0.005289695086322166,0.008816158477203611,1.6637103733682546,1.363753197839798
2020-12-16,0.0930515975767781,-3.39359035105973,1.5315784865685456,0.0331131231085408,0,Bull,0.9893447568256865,0.978689513651371,0.05899122529438356,0.6720863417429881,0.22318560977000385,0.22318560977000385,0.6,0.05583095854606686,0.0,0.0,0.05583095854606686,0.0930515975767781,1.756596918256439,1.4906526115992311
2020-12-17,0.06778242711074886,-1.9294728930778973,3.179374841267792,0.0385871172659988,0,Bull,0.9999832348398088,0.9999664696796088,0.00020111820203930734,0.7111952035376943,0.21091255854068736,0.21091255854068736,0.22318560977000385,0.015128062326403324,0.37681439022999613,7.536287804599923e-05,0.015052699448357324,0.06778242711074886,1.7830384437188638,1.5916926635924034
2020-12-18,0.014487680725324005,-1.7459424966532846,0.5223287615409883,0.0379139454456066,0,Bull,0.9884922599112942,0.9769845229079697,0.06282033512232706,0.7051507110366115,0.21272048322760886,0.21272048322760886,0.21091255854068736,0.0030556338090986872,0.01227305122931649,2.454610245863298e-06,0.003053179198852824,0.014487680725324005,1.7884823796059812,1.6147525987153706
2020-12-19,0.031140804146840156,-1.42865165515834,0.3315511070784344,0.0430557336073789,0,Bull,0.9988155558860573,0.9976311170370907,0.009165167538261224,0.7073824698910867,0.21204935997791266,0.21204935997791266,0.21272048322760886,0.0066242869062121635,0.0018079246869215082,3.6158493738430166e-07,0.0066239253212747795,0.031140804146840156,1.800329153326907,1.6650372931375672
2020-12-20,-0.016581622945616773,-1.3390224604067762,0.3294545528031914,0.0379761773228148,0,Bull,0.99322434431507,0.9864488440815504,0.040594929387849824,0.6581913410594906,0.22789725516374157,0.22789725516374157,0.21204935997791266,-0.0035161225330131076,0.0006711232496962038,1.3422464993924077e-07,-0.003516256757663047,-0.016581622945616773,1.7939987337755035,1.6374282725523697
2020-12-21,-0.029138076932326975,-1.114950447673947,1.061089656928888,0.0135382424209938,0,Bull,0.787264571699764,0.5745646491571953,0.5179027647999509,0.6398373790733672,0.23443456869811943,0.23443456869811943,0.22789725516374157,-0.006640487753627253,0.01584789518582891,3.169579037165782e-06,-0.0066436573326644184,-0.029138076932326975,1.7820800209330652,1.5897167615755714
2020-12-22,0.04207656794577848,-1.0463999213138386,0.8663123062504066,0.0083970705879997,2,Bear,0.6410489228209784,0.2821414560984163,0.6532490776993041,0.6532337020857814,0.22962685409685474,0.6,0.23443456869811943,0.009864202058665695,0.006537313534377864,1.3074627068755729e-06,0.00986289459595882,0.04207656794577848,1.7996564883410922,1.6566065869085487
2020-12-23,-0.023039436663009637,-0.7488834266060976,1.320779266188959,0.000891647110333,2,Bear,0.902178758273574,0.8044165925939926,0.3207661419453987,0.668795461349924,0.22428381869881997,0.6,0.6,-0.013823661997805782,0.3655654313018806,7.311308626037612e-05,-0.013896775084066159,-0.023039436663009637,1.7746470668940357,1.6184393043739445
2020-12-24,0.021057908650393337,-0.5881152436766446,0.4574518763382637,-0.0011249319889563,2,Bear,0.9820782555974177,0.9645294743413949,0.09165006450289698,0.6343134742604662,0.23647613693668115,0.6,0.6,0.012634745190236002,0.0,0.0,0.012634745190236002,0.021057908650393337,1.7970692803868415,1.652520251401657
2020-12-25,0.03838601817057906,-0.3562544002215699,0.4807862162275244,0.0098685962342828,2,Bear,0.9474846252002875,0.895811055407906,0.21017050713082397,0.6424949627174246,0.2334648654140055,0.6,0.6,0.023031610902347434,0.0,0.0,0.023031610902347434,0.03838601817057906,1.8384586808172727,1.715953923799211
2020-12-26,0.06938918605018134,0.1661073520830361,0.9033846594582782,0.0295740488307845,0,Bull,0.9963812250052105,0.9928072591778213,0.02419690522108158,0.6863823906685466,0.21853707501717487,0.21853707501717487,0.6,0.0416335116301088,0.0,0.0,0.0416335116301088,0.06938918605018134,1.915000171686553,1.8350225698712532
2020-12-27,-0.006250988870123867,1.6135461674995513,2.0144646829902357,0.019908537467604,0,Bull,0.9996513541681868,0.9993032792088768,0.0031285451356813363,0.6852887036016658,0.21888584944074857,0.21888584944074857,0.21853707501717487,-0.0013660728236417846,0.3814629249828251,7.629258499656502e-05,-0.0014423654086383496,-0.006250988870123867,1.9122380416813758,1.823551864210562
2020-12-28,0.030458043294241247,1.435668880801004,0.6528451511021964,0.0306080334590542,0,Bull,0.9970921866958611,0.9941847751259708,0.01989021231450424,0.6276895950318868,0.23897162098470018,0.23897162098470018,0.21888584944074857,0.006666834678763091,0.00034877442357370003,6.975488471474001e-08,0.006666764923878376,0.030458043294241247,1.9249864831837629,1.8790936858399814
2020-12-29,0.010198176486275929,1.6968717556099122,0.3323369497520523,0.0284360870262307,0,Bull,0.9881515041924127,0.9763033252605882,0.06433632400458233,0.628288970028187,0.2387436468815783,0.2387436468815783,0.23897162098470018,0.002437074766013413,0.020085771543951608,4.017154308790322e-06,0.0024330576117046225,0.010198176486275929,1.9296700861991016,1.8982570148824243
2020-12-30,0.05262518188935121,1.4994278707281743,0.7000404409928133,0.0312839197699851,0,Bull,0.9995934896779808,0.9991870311632328,0.003580936534177172,0.6226923313956756,0.24088942875496233,0.24088942875496233,0.2387436468815783,0.012563927842070095,0.0002279741031218918,4.559482062437837e-08,0.012563882247249471,0.05262518188935121,1.953914233938147,1.9981531355633488
2020-12-31,0.005558802229052879,1.3782769850911405,0.2927394119404994,0.0185178430057594,0,Bull,0.7600002015273294,0.5200134632501088,0.5512209913947852,0.6088966356065335,0.2463472307587677,0.2463472307587677,0.24088942875496233,0.0013390566935183592,0.002145781873384045,4.29156374676809e-07,0.0013386275371436824,0.005558802229052879,1.9565297973369136,2.0092604736673074
2021-01-01,0.012759952848226697,1.283005131101743,-0.2755865260395629,0.0223200313494295,1,Chop,0.5706947555166699,0.14140515442758417,0.6832936277694502,0.6057550249347456,0.2476248546450912,0.2476248546450912,0.2463472307587677,0.003143379048773097,0.0054578020038053565,1.0915604007610714e-06,0.003142287488372336,0.012759952848226697,1.9626777764397132,2.034898542571108
2021-01-02,0.08959001114880642,2.070045576787108,1.80537519467179,0.0341464249203426,0,Bull,0.9999999574012017,0.9999999148104843,7.656397350221037e-07,0.6697699470500976,0.2239574956455612,0.2239574956455612,0.2476248546450912,0.02218471348837529,0.00127762388632352,2.55524777264704e-07,0.022184457963598025,0.08959001114880642,2.006218719067228,2.2172051256867435
2021-01-03,0.020175172403393154,2.263478666890676,2.326730353152607,0.036141824103766,0,Bull,0.9999999630826444,0.9999999262349402,6.692496654316658e-07,0.6640558009706413,0.22588463165406739,0.22588463165406739,0.2239574956455612,0.004518381085681368,0.023667358999530014,4.733471799906003e-06,0.004513647613881462,0.020175172403393154,2.01527408340147,2.261937621351161
2021-01-04,-0.02502246735581663,2.9969063610081466,2.173155606023043,0.0206122942547325,0,Bull,0.9999999506577536,0.9999999013230061,8.795731686903611e-07,0.6964364304998146,0.2153821848353752,0.2153821848353752,0.22588463165406739,-0.005652190821744564,0.0019271360085061917,3.8542720170123834e-07,-0.005652576248946266,-0.02502246735581663,2.003882592982518,2.205338361060008
2021-01-05,0.06128001171320478,2.667541426832084,1.0603465214460703,0.0317565361515628,0,Bull,0.9999997783360431,0.9999995566753458,3.6180610884016143e-06,0.6483026982942469,0.2313734007195495,0.2313734007195495,0.2153821848353752,0.01319862280952743,0.010502446818692196,2.100489363738439e-06,0.013196522320163691,0.06128001171320478,2.0303268743477996,2.3404815216573454
2021-01-06,0.08002182823088061,2.0758007269528167,1.5684740559717432,0.0452089112280936,0,Bull,0.9999999994756763,0.9999999989516942,1.1730886751925776e-08,0.6662778985922412,0.22513128578470118,0.22513128578470118,0.2313734007195495,0.0185149225295745,0.01599121588417432,3.198243176834864e-06,0.018511724286397663,0.08002182823088061,2.0679117256569897,2.5277711319609595
2021-01-07,0.06687092425852742,1.8856326828489536,1.9004567688356653,0.0406650938500378,0,Bull,0.9999999909911708,0.9999999819997113,1.760240345091169e-07,0.6891609997726282,0.21765596145093644,0.21765596145093644,0.22513128578470118,0.015054737159933643,0.006242114934848331,1.248422986969666e-06,0.015053488736946674,0.06687092425852742,2.099041011528167,2.6968055238692132
2021-01-08,0.0355928898794487,1.963018671244677,1.825496088993075,0.0437486373452489,0,Bull,0.9999999609999585,0.9999999220494568,7.047095780325011e-07,0.6899892299206565,0.21739469762049599,0.21739469762049599,0.21765596145093644,0.007747004667528711,0.0074753243337647435,1.4950648667529487e-06,0.007745509602661958,0.0355928898794487,2.1152991538393398,2.792792625906579
2021-01-09,-0.01340052262051337,1.747460123080361,0.1937104453044575,0.0460730262923096,0,Bull,0.9999769192321505,0.9999538401337192,0.00026952015561044194,0.686270800805496,0.2185726098559645,0.2185726098559645,0.21739469762049599,-0.0029132025630431205,0.0002612638304404502,5.2252766088090046e-08,-0.0029132548158092085,-0.01340052262051337,2.1091367483925403,2.755367745148715
2021-01-10,-0.04830048595686678,1.7846468149540804,1.1843837261364594,0.0241569267582953,1,Bear,0.9999999999999964,0.999999999999993,9.834819408446208e-14,0.7203958771803559,0.20821884848522876,0.6,0.2185726098559645,-0.010557163272903734,0.001177912235468509,2.355824470937018e-07,-0.010557398855350827,-0.04830048595686678,2.086869750499283,2.622282144068156
2021-01-11,-0.07551390060372581,2.462249772472406,2.78754276671504,-0.0069502190086259,2,Chop,0.9999421701986668,0.9998843404108824,0.0006221319164719944,0.8358799874506756,0.17945159861702195,0.17945159861702195,0.6,-0.04530834036223549,0.3814273901440355,7.62854780288071e-05,-0.045384625840264294,-0.07551390060372581,1.9921579476955071,2.4242633908860682
2021-01-12,-0.0473164778588287,2.1507682517964164,0.4317239038245624,-0.0297876994320971,2,Chop,0.999999790416674,0.9999995808853074,3.433069266284859e-06,0.8658580007186544,0.1732385678431121,0.1732385678431121,0.17945159861702195,-0.008491017592693734,0.420548401382978,8.41096802765956e-05,-0.00857512727297033,-0.0473164778588287,1.9750749397461587,2.309555785827239
2021-01-13,0.09533972073625589,1.9663069522899552,0.1104178867116284,-0.0178383332607357,2,Chop,0.9999995131888729,0.9999990263777472,7.56280042893559e-06,0.9254974955045423,0.16207499288609778,0.16207499288609778,0.1732385678431121,0.016516516678911228,0.006213030773909861,1.2426061547819722e-06,0.016515274072756447,0.09533972073625589,2.0076938436902996,2.5297481894728118
2021-01-14,0.048921612778852486,1.747010338324945,-0.2385224308861684,-0.0053739061808625,2,Chop,0.9999764049467413,0.9999550556414354,0.0002824049520019239,0.9300281797121019,0.16128543550845284,0.16128543550845284,0.16207499288609778,0.007928970043108947,0.01116357495701431,2.232714991402862e-06,0.007926737328117545,0.048921612778852486,2.0236083054245113,2.653507550826204
2021-01-15,-0.06216649897230796,1.677645833233225,-0.0762921542888818,-0.0081471087839508,2,Chop,0.9999971589972672,0.9999945074099102,3.9820335803055374e-05,0.9731809088373088,0.15413372646120846,0.15413372646120846,0.16128543550845284,-0.010026550860784475,0.0007895573776449394,1.579114755289879e-07,-0.010026708772260005,-0.06216649897230796,2.003318174276893,2.4885482763947553
2021-01-16,-0.017731847143619858,1.434456403849463,-0.5847443043439466,0.0034093019080703,2,Chop,0.9808315711409173,0.9616743185822806,0.09487930810798212,0.9795680521517004,0.1531287179798411,0.1531287179798411,0.15413372646120846,-0.0027330756772866636,0.007151709047244381,1.4303418094488762e-06,-0.0027345060190961125,-0.017731847143619858,1.9978400886711682,2.4444217187482047
2021-01-17,-0.010750872199338055,1.3405788885318792,-0.8844093107072327,0.0107224230399685,2,Chop,0.9865082862374315,0.9730391474179992,0.07165816235248897,0.983691640454056,0.15248680971890993,0.15248680971890993,0.1531287179798411,-0.0016462672770497508,0.0010050084813673643,2.0100169627347287e-07,-0.0016464682787460244,-0.010750872199338055,1.994550708339164,2.4181420532486566
2021-01-18,0.02316538885922865,1.21209510735225,-1.0626641808062427,-0.0037124433354369,2,Chop,0.9742569409834013,0.9485529009692153,0.11991016927476283,0.9843045465097234,0.15239185934057678,0.15239185934057678,0.15248680971890993,0.003532416243041755,0.0006419082609311622,1.2838165218623245e-07,0.003532287861389569,0.02316538885922865,2.0015960355951563,2.4741592542290154
2021-01-19,-0.015413522880192659,1.1241367152490898,-0.6692081110097757,-0.0165794704672459,2,Chop,0.9972320012534386,0.9945259233600003,0.019363178371750632,0.9766769054857016,0.15358200768083582,0.15358200768083582,0.15239185934057678,-0.0023488954107010814,9.49503783331529e-05,1.899007566663058e-08,-0.002348914400776748,-0.015413522880192659,1.996894457842609,2.436023743954716
2021-01-20,-0.014579216975338103,1.0990553678218815,-0.2063213720818159,-0.007062014067852,2,Chop,0.9715488358596178,0.9431588254367942,0.1297530660073154,0.9826751471041583,0.15264454427491572,0.15264454427491572,0.15358200768083582,-0.0022391054134869486,0.0011901483402590451,2.3802966805180904e-07,-0.0022393434431550005,-0.014579216975338103,1.9924227253317666,2.400508425234525
2021-01-21,-0.14252813081835994,1.1442262336304987,0.2170218556635894,-0.0320212708028,2,Chop,0.9999789574322121,0.9999579148644232,0.0002476489831618157,1.1791190907999942,0.1272136132561723,0.1272136132561723,0.15264454427491572,-0.021756141575124125,0.0009374634059201026,1.8749268118402053e-07,-0.021756329067805308,-0.14252813081835994,1.949074920877275,2.0583684463721235
2021-01-22,0.06833341147530216,1.1667445131639502,0.285605715287527,-0.0162044140678719,2,Chop,0.9999663031170349,0.9999326085287468,0.0003807346725069803,1.152115159918422,0.13019531833139064,0.13019531833139064,0.1272136132561723,0.008692940179893974,0.025430931018743413,5.086186203748683e-06,0.008687853993690226,0.06833341147530216,1.9660081992126204,2.1990237843858482
2021-01-23,-0.028834641394269323,1.0394545402230313,-1.3555282649389502,-0.0266044201185715,2,Chop,0.9999456415203285,0.999892287480066,0.0005931563680511764,1.1557486834889308,0.12978600118079792,0.12978600118079792,0.13019531833139064,-0.003754135315298388,0.0029817050752183327,5.963410150436666e-07,-0.003754731656313432,-0.028834641394269323,1.958626365990465,2.1356157221456136
2021-01-24,0.006890847351743181,0.6302808770822569,-1.2026970719788137,-0.0221435460721844,2,Chop,0.9988715526269797,0.9982562368769519,0.009564031367322826,1.1510914600701645,0.13031110489765668,0.13031110489765668,0.12978600118079792,0.0008943355225300387,0.0004093171505927251,8.186343011854502e-08,0.0008942536590999202,0.006890847351743181,1.9603778747850615,2.150331924088902
2021-01-25,0.0023822686367903426,0.4800228432288276,-0.5277929656493957,-0.0187512489497587,2,Chop,0.9919135008639434,0.9851032392273529,0.05053696298324105,1.1183766650996512,0.13412297008775168,0.13412297008775168,0.13031110489765668,0.0003104360582231839,0.0005251037168587658,1.0502074337175316e-07,0.0003103310374798122,0.0023822686367903426,1.9609862408847962,2.1554545923903476
2021-01-26,0.006266383460683916,0.3843116421074627,-0.4630921080889033,0.01100765390605,2,Chop,0.8695871283042227,0.7417644796117019,0.3998861172122783,1.0565680071477317,0.14196909142170028,0.14196909142170028,0.13412297008775168,0.0008404659614556907,0.003811865190094993,7.623730380189987e-07,0.0008397035884176717,0.006266383460683916,1.9626328880681048,2.168961497398358
2021-01-27,-0.06787434522440919,0.3265329617255133,-0.2733875390663701,-0.0162338974338922,2,Chop,0.9930673537601812,0.9861349970293575,0.04137751416887979,1.0342696460051004,0.14502987743996915,0.14502987743996915,0.14196909142170028,-0.009636059122352193,0.007846121333948602,1.5692242667897207e-06,-0.009637628346618982,-0.06787434522440919,1.943717761712053,2.0217446559454904
2021-01-28,0.0950202595471698,0.0416358049422336,0.5940340994551645,0.0085370827543956,2,Chop,0.9825929367260846,0.9651858734538823,0.08776858447841203,1.1157206498227183,0.13444225489940886,0.13444225489940886,0.14502987743996915,0.013780776596440095,0.0030607860182688684,6.121572036537737e-07,0.013780164439236442,0.0950202595471698,1.9705025120919095,2.2138513578915346
2021-01-29,0.025090070847817985,0.7954368595167349,2.411918645418061,0.0121769274536105,2,Chop,0.9987671288992964,0.9975350315224931,0.009496865064231433,1.1254778390499571,0.13327672460136453,0.13327672460136453,0.13444225489940886,0.003373165700366573,0.010587622540560282,2.1175245081120565e-06,0.003371048175858461,0.025090070847817985,1.9771451709908214,2.269397045307571
2021-01-30,-0.0013665573129015413,0.2453964460220518,-0.1799983593039732,0.0114271622636722,2,Chop,0.8646212482025581,0.7342081670184908,0.41777269079042556,1.1109425700760365,0.1350204808424377,0.1350204808424377,0.13327672460136453,-0.00018213028264355946,0.0011655302980443372,2.3310605960886745e-07,-0.00018236338870316831,-0.0013665573129015413,1.9767846120974815,2.266295784179429
2021-01-31,-0.034289423389572346,-3.048808621745393,-0.801655049199739,0.0033160008936209,1,Bear,0.9247520734561064,0.849504195646955,0.2670076311571914,1.0744884672196604,0.13960131223012476,0.6,0.1350204808424377,-0.004629774433869988,0.0017437562410731744,3.487512482146349e-07,-0.004630123185118203,-0.034289423389572346,1.967631855833024,2.1885858085096976
2021-02-01,0.0126875420679964,-2.6803247485119703,-0.2037362927694073,0.019428378352102,0,Bull,0.7646136523255602,0.5292273233285382,0.5457035817585146,1.058010000735698,0.1417755974855587,0.1417755974855587,0.6,0.007612525240797839,0.4649795191575623,9.299590383151247e-05,0.007519529336966327,0.0126875420679964,1.9824275212973097,2.2163535830245844
2021-02-02,0.057167938879420434,-2.522345111963825,-0.0737741935880425,0.0118579142185521,0,Bull,0.9998787577902503,0.9997575445370611,0.0012148336366591434,1.0026529847381591,0.14960310524500378,0.14960310524500378,0.1417755974855587,0.008105018691647734,0.4582244025144413,9.164488050288826e-05,0.008013373811144846,0.057167938879420434,1.9983134540789662,2.3430579491941184
2021-02-03,0.053773897801538996,-2.1796717838685864,-0.1908698710368438,0.0175946796092963,0,Bull,0.9999906189903862,0.9999814341565834,0.00011893606178932633,1.0076336548877647,0.14886362645033702,0.14886362645033702,0.14960310524500378,0.008044742092237716,0.007827507759445074,1.5655015518890148e-06,0.008043176590685827,0.053773897801538996,2.014386242073667,2.469053307897166
2021-02-04,-0.01467867670382311,-2.1497752180310266,0.3048519058073553,0.014932255731112,0,Bull,0.9781749055272481,0.9563500025229185,0.10506192256126343,0.9732108168156457,0.15412898974016884,0.15412898974016884,0.14886362645033702,-0.002185121045623188,0.0007394787946667647,1.4789575893335295e-07,-0.0021852689413821213,-0.01467867670382311,2.009984266382916,2.432810872626039
2021-02-05,0.03245885330843299,-1.88510300573136,-0.3646238764044536,0.0282819110707131,0,Bull,0.9999971350913879,0.9999954153046473,4.135743407898763e-05,0.9791097773787449,0.15320039025815602,0.15320039025815602,0.15412898974016884,0.005002850268553113,0.00526536328983182,1.0530726579663642e-06,0.005001797195895147,0.03245885330843299,2.020037800050303,2.511777123867768
2021-02-06,0.02898274128113115,-1.6614249612147105,0.4074997204971872,0.03154095091334,0,Bull,0.9999960600247871,0.9999921665310709,5.322292178207206e-05,0.9833699466572543,0.1525366933470881,0.1525366933470881,0.15320039025815602,0.0044401672750204605,0.0009285994820128207,1.8571989640256415e-07,0.004439981555124058,0.02898274128113115,2.02900673062318,2.5845753104046914
2021-02-07,-0.009276588183404773,-1.4708249974173715,-0.0301397339273036,0.018252045500775,0,Bull,0.9907004807031915,0.9814105278169093,0.05283273958677937,0.9813888898285248,0.1528446078355432,0.1528446078355432,0.1525366933470881,-0.0014150200870392349,0.000663696911067907,1.327393822135814e-07,-0.0014151528264214485,-0.009276588183404773,2.0261353760135106,2.5605992696210715
2021-02-08,0.17182056188812328,-1.0313014996100225,2.0129965194610957,0.0418613783180919,0,Bull,0.9997892334729732,0.9995784669459473,0.0019948322854223383,1.2125875522153768,0.12370240790114705,0.12370240790114705,0.1528446078355432,0.026261846399872883,0.00030791448845510216,6.158289769102044e-08,0.026261784816975192,0.17182056188812328,2.0793453072684387,3.000562874897682
2021-02-09,0.0061426193854515,-1.031366746736451,1.2902338703998066,0.0460256375359468,0,Bull,0.999845856045471,0.9996917120909651,0.001507149690501745,1.2069579094337426,0.12427939601503926,0.12427939601503926,0.12370240790114705,0.0007598568088006146,0.029142199934396165,5.828439986879234e-06,0.0007540283688137354,0.0061426193854515,2.0809131926186786,3.0189941905802944
2021-02-10,-0.03420320342962812,-1.12860321221707,0.9739668028841538,0.0326932261883346,0,Bull,0.9999239287559825,0.9998478589955935,0.000797533448649804,1.0108890739918173,0.14838423310648444,0.14838423310648444,0.12427939601503926,-0.004250753464013702,0.0005769881138922156,1.1539762277844312e-07,-0.004250868861636481,-0.03420320342962812,2.072067503524407,2.915734918127011
2021-02-11,0.06446761605839371,-1.3785204341955757,0.6256299279290757,0.0397902011437871,0,Bull,0.9999739260308982,0.9999478520617844,0.0003012732420376792,1.0073807761014748,0.14890099509392493,0.14890099509392493,0.14838423310648444,0.009565977769028032,0.024104837091445175,4.820967418289035e-06,0.009561156801609743,0.06446761605839371,2.0918788658291243,3.103705397356875
2021-02-12,-0.008478464657924508,-1.2799559076027478,0.2881398407664671,0.0399498258488831,0,Bull,0.9999599370204907,0.9999198741574087,0.0004457037627921266,0.9926000617239719,0.1511182658395934,0.1511182658395934,0.14890099509392493,-0.001262451824433633,0.000516761987440495,1.03352397488099e-07,-0.0012625551768311212,-0.008478464657924508,2.089237753337768,3.0773907408367753
2021-02-13,-0.008441745251820123,-1.2056391265856023,-0.1493265921124413,0.0038973644208944,1,Bear,0.5482445014136526,0.09650702880732676,0.6886854787417703,0.9985294834153886,0.15022090232822893,0.6,0.1511182658395934,-0.0012757019031146785,0.002217270745668465,4.4345414913369296e-07,-0.001276145357263812,-0.008441745251820123,2.0865715822786255,3.051412192162321
2021-02-14,0.033643879906238475,-1.3113241767415824,-0.1250220636190277,0.0093976165250518,0,Bull,0.8724054892158841,0.7448382270195135,0.38204579433018926,0.9975359854733306,0.15037051513367214,0.15037051513367214,0.6,0.020186327943743084,0.44888173416040655,8.977634683208131e-05,0.020096551596911004,0.033643879906238475,2.128504475742536,3.154073537499862
2021-02-15,-0.015978235928812496,-1.2061760671943351,0.188769291149742,0.013042610025215,0,Bull,0.9256068889056892,0.8512526054729582,0.265189388172763,1.0080808772472893,0.14879758498107482,0.14879758498107482,0.15037051513367214,-0.0024026555675428834,0.4496294848663278,8.992589697326556e-05,-0.002492581464516149,-0.015978235928812496,2.1231990049391607,3.1036770063808645
2021-02-16,0.0258352607407487,-1.2720122269986105,0.143626112317726,0.005316138961686,0,Bull,0.8529808414758003,0.7059853073410036,0.4177334862693237,0.9287111823363678,0.16151415300356728,0.16151415300356728,0.14879758498107482,0.0038442244055797805,0.0015729301525973238,3.145860305194648e-07,0.003843909819549261,0.0258352607407487,2.1313603904431035,3.18386131109578
2021-02-17,0.058214152169521576,-1.3197509932021247,0.3712157488850156,0.0186546623271752,0,Bull,0.9999733342000185,0.999947442889684,0.0003110170808831835,0.8870301345823152,0.1691036123261269,0.1691036123261269,0.16151415300356728,0.009402409480481056,0.012716568022492464,2.543313604498493e-06,0.009399866166876557,0.058214152169521576,2.1513948928666506,3.3692070979465627
2021-02-18,-0.009038226589304248,-2.32135184943433,-1.543305182161242,0.0185353660596784,0,Bull,0.9809770091703154,0.961954100488346,0.09421311716032268,0.896806189183804,0.1672602194421931,0.1672602194421931,0.1691036123261269,-0.0015283967652733976,0.007589459322559611,1.5178918645119222e-06,-0.0015299146571379095,-0.009038226589304248,2.148103442286762,3.3387554407690296
2021-02-19,0.07828513543693166,-2.2133057103106637,-0.6374771796057712,0.027463617165817,0,Bull,0.9999997742619625,0.9999995485278513,3.680455341961447e-06,0.9236954674902655,0.16239118332750807,0.16239118332750807,0.1672602194421931,0.013093988932242997,0.0018433928839337865,3.686785767867573e-07,0.01309362025366621,0.07828513543693166,2.1762298930256585,3.6001303626404253
2021-02-20,0.0037751835203801024,-1.970912207517976,-0.3554426837294618,0.0314143010556555,0,Bull,0.9999972385002751,0.9999951912110782,3.9686495086936555e-05,0.8909229172163088,0.1683647340318458,0.1683647340318458,0.16239118332750807,0.0006130565191530325,0.0048690361146850325,9.738072229370065e-07,0.0006120827119300955,0.0037751835203801024,2.1775619257203647,3.6137215154566853
2021-02-21,0.02535215971053203,-1.8275976262786149,-1.5817921651010591,0.0313176808496122,0,Bull,0.9999979248409476,0.9999962122245757,3.0190953305839634e-05,0.8888300863599815,0.16876116403112967,0.16876116403112967,0.1683647340318458,0.004268409626796602,0.005973550704337721,1.1947101408675444e-06,0.004267214916655735,0.02535215971053203,2.1868540504517404,3.7053371604659286
2021-02-22,-0.05966344725525414,-0.6189300151004306,1.407111286111166,0.007742160964657,0,Bull,0.9990180004605125,0.9980369206551196,0.0077901000436745435,0.9506139756826499,0.15779275693089068,0.15779275693089068,0.16876116403112967,-0.010068872808906597,0.00039642999928388156,7.928599985677631e-08,-0.010068952094906455,-0.05966344725525414,2.1648347217791897,3.4842639722295363
2021-02-23,-0.10458524450100902,0.3823320578607279,2.058960730929529,-0.0113672426176838,0,Bull,0.7693084118640993,0.5386168237282025,0.5401106457886108,1.078349237371262,0.13910150329930349,0.13910150329930349,0.15779275693089068,-0.016502794064105486,0.010968407100238997,2.1936814200477996e-06,-0.016504987745525532,-0.10458524450100902,2.129104151225136,3.1198613727878532
2021-02-24,0.017881495738120444,0.4922191095195502,-0.7818541242126005,-0.0234479705574461,2,Chop,0.7920423149959878,0.5857782545796621,0.5210719833335933,1.0711065739683003,0.14004208698325035,0.14004208698325035,0.13910150329930349,0.0024873429384126423,0.01869125363158719,3.7382507263174383e-06,0.002483604687686325,0.017881495738120444,2.134392004275691,3.1756491606288857
2021-02-25,-0.053969759252051705,0.7753499173526777,-1.3581722144078037,-0.0349969591119324,2,Chop,0.996668639037545,0.993337278083985,0.022329136052832703,1.1068667570599486,0.13551766646098298,0.13551766646098298,0.14004208698325035,-0.007558037719640905,0.0009405836839468662,1.8811673678937326e-07,-0.0075582258363776945,-0.053969759252051705,2.1182597874840163,3.0042601399607647
2021-02-26,-0.016142075456887308,0.8329457025558759,4.124899941668902,-0.0432958061454163,2,Chop,0.999719753801233,0.9994395076024943,0.0025725765697097833,1.109205857371951,0.13523188595072516,0.13523188595072516,0.13551766646098298,-0.002187536397754474,0.0045244205222673695,9.04884104453474e-07,-0.0021884412818589274,-0.016142075456887308,2.1136241003193845,2.955765146089399
2021-02-27,-0.0032705424799890207,0.851079926537332,-0.6605886936711096,-0.0320172251903633,2,Chop,0.9998650111202103,0.9997302499584422,0.001339455103460927,1.1076751108148108,0.13541876903748368,0.13541876903748368,0.13523188595072516,-0.00044228162765087706,0.0002857805102578215,5.71561020515643e-08,-0.0004423387837529286,-0.0032705424799890207,2.1126891624055384,2.9460981906182426
2021-02-28,-0.02301047656676125,0.586376450344529,-0.5024246507618984,-0.0157022716035137,2,Chop,0.9948014664088433,0.9903156185642732,0.0346036602684046,0.8353204217610793,0.17957180992146676,0.17957180992146676,0.13541876903748368,-0.003116050411636672,0.00018688308675851584,3.737661735170317e-08,-0.0031160877882540237,-0.02301047656676125,2.10610583750619,2.878307067239644
2021-03-01,0.09490116032713884,0.6408512158784015,-0.4633566503744413,-0.00029833868571,2,Chop,0.9995184721619681,0.9990369443284396,0.004159584760783972,0.9308253149026204,0.16114731475227706,0.16114731475227706,0.17957180992146676,0.017041573123591617,0.044153040883983086,8.830608176796618e-06,0.017032742515414822,0.09490116032713884,2.1419785959466453,3.15146174769849
2021-03-02,-0.025554925208490772,0.6377163164994416,-0.5268221356555062,0.005384628123002,2,Chop,0.9590769522287511,0.9187862068454138,0.17413077443775773,0.9248493868868282,0.16218857051408217,0.16218857051408217,0.16114731475227706,-0.004118107576043562,0.018424495169189703,3.6848990338379407e-06,-0.0041217924750774,-0.025554925208490772,2.1331498046880957,3.0709263784386356
2021-03-03,0.043664727693901485,0.6772903636627318,-0.4160206572899775,0.0173459887531598,2,Chop,0.9991735605712134,0.9983822765480868,0.006837876896472039,0.9025981971787616,0.16618690406080233,0.16618690406080233,0.16218857051408217,0.007081919766560537,0.00104125576180511,2.0825115236102198e-07,0.007081711515408176,0.043664727693901485,2.148256156224046,3.2050175425211775
2021-03-04,-0.0399061221991278,0.7673100612616047,-0.4090644917306661,0.0100188728093321,2,Chop,0.9990400568689716,0.9984060803945753,0.008244860726399978,0.9198759618632368,0.1630654634089692,0.1630654634089692,0.16618690406080233,-0.006631874901345106,0.003998333546720162,7.996667093440325e-07,-0.00663267456805445,-0.0399061221991278,2.1340074722509925,3.077117720818979
2021-03-05,0.007511420176535919,0.8386219429135252,-0.4468407480131806,0.0161232521579915,2,Chop,0.9958075391401506,0.9918522736248694,0.028046768503997743,0.9192215269216144,0.16318155700980563,0.16318155700980563,0.1630654634089692,0.001224853211946311,0.0031214406518331184,6.242881303666237e-07,0.0012242289238159443,0.007511420176535919,2.1366199859221617,3.1002312449527145
2021-03-06,-0.0003050270395783075,0.8015884889202275,-0.6276746890938337,-0.0029179853153518,2,Chop,0.77716157372306,0.5545571149961479,0.532315691704981,0.9080710803170035,0.1651853068017932,0.1651853068017932,0.16318155700980563,-4.9774787248479827e-05,0.00011609360083641995,2.3218720167283992e-08,-4.979800596864711e-05,-0.0003050270395783075,2.13651358650735,3.099285590594058
2021-03-07,0.0458396233606819,0.6790395812893562,-0.4683115528772976,0.0113609243984826,2,Chop,0.9965941060245904,0.9941513547576218,0.024781656811946544,0.9251539683213371,0.1621351743993168,0.1621351743993168,0.1651853068017932,0.007572032248512886,0.002003749791987558,4.007499583975116e-07,0.007571631498554488,0.0458396233606819,2.152690480076039,3.2413556747540784
2021-03-08,0.020103136515502152,0.6290558918526525,-0.3647316919319067,0.0066486061628027,2,Chop,0.940292136913279,0.8813951963351226,0.2304545239276586,0.9227916507705082,0.16255023533725485,0.16255023533725485,0.1621351743993168,0.003259425544914215,0.0030501324024763965,6.100264804952793e-07,0.00325881551843372,0.020103136515502152,2.159705701218895,3.3065170903789576
2021-03-09,0.048156840253235314,0.5437392210636431,-0.3076355978852637,0.0242611986532753,2,Chop,0.9983022031077369,0.9966046980517442,0.01252844458539407,0.9121713443152067,0.1644427891040683,0.1644427891040683,0.16255023533725485,0.007827905716261989,0.00041506093793805543,8.301218758761109e-08,0.007827822704074401,0.048156840253235314,2.1766114945410155,3.4657485056949295
2021-03-10,0.021374179798027783,0.5921223411387471,-0.217467172083141,0.0270337505775737,2,Chop,0.9991775875728149,0.9983575653403336,0.006680238012551272,0.9140309836512097,0.16410822245960027,0.16410822245960027,0.1644427891040683,0.0035148297407995195,0.0018925537668134373,3.785107533626875e-07,0.0035144512300461566,0.021374179798027783,2.184261089485338,3.5398260373903994
2021-03-11,0.031573000390297756,0.4719821950417427,-0.2200335460272084,0.0334093560635489,2,Chop,0.9987682432878213,0.9975364896712579,0.009482965671187001,0.8613896372249744,0.17413722375768909,0.17413722375768909,0.16410822245960027,0.00518138897176803,0.0003345666444680151,6.691332889360303e-08,0.005181322058439137,0.031573000390297756,2.1955784496496786,3.651588966250513
2021-03-12,-0.008216872853115568,0.4224665191473588,-0.2265161017113263,0.0225980568207894,2,Chop,0.9976812055686968,0.9956533560794355,0.01725933457352884,0.8623538515582131,0.17394251759757376,0.17394251759757376,0.17413722375768909,-0.0014308634266114667,0.010029001298088813,2.005800259617763e-06,-0.0014328692268710844,-0.008216872853115568,2.1924324728539943,3.6215843240029932
2021-03-13,0.06599046126171279,0.8036583673879477,-0.1597771596156845,0.0317755217700316,2,Chop,0.9997812178097036,0.9995624356197644,0.0020625307082864446,0.9009333222821931,0.16649400825804567,0.16649400825804567,0.17394251759757376,0.011478546969287486,0.0001947061601153266,3.894123202306532e-08,0.011478508028055463,0.06599046126171279,2.2175983265946186,3.860574344042139
2021-03-14,-0.03220259265928875,-3.507885906395237,-0.3714354233860761,0.0157036351875268,2,Chop,1.0,1.0,2.0713393590357073e-138,0.8713227922743522,0.17215204437435364,0.17215204437435364,0.16649400825804567,-0.005361538728146102,0.007448509339528092,1.4897018679056184e-06,-0.005363028430014008,-0.03220259265928875,2.20570528372274,3.736253841010049
2021-03-15,-0.05895520841682183,-3.655658498733101,-0.0100480843921761,-0.0003622424554431,2,Chop,0.9948270199722817,0.9896540399445642,0.032391728637752096,0.7784428000517214,0.1926923853493586,0.1926923853493586,0.17215204437435364,-0.010149259655471978,0.005658036116307968,1.1316072232615938e-06,-0.010150391262695239,-0.05895520841682183,2.18331651208276,3.515982217115151
2021-03-16,0.015929471547609108,-2.750361758963684,-0.1063035426985251,-0.0034909482239808,2,Chop,0.9997171887150774,0.9994343774301556,0.002593546143909143,0.7779521950402084,0.1928139041914359,0.1928139041914359,0.1926923853493586,0.0030694878698635376,0.020540340975004956,4.1080681950009915e-06,0.0030653798016685367,0.015929471547609108,2.1900092064195475,3.571989955804586
2021-03-17,0.03572418708035779,-2.347549504349001,-0.1030845330366788,0.0052972637627138,2,Chop,0.9994578957637679,0.9989157915279737,0.004618609465722675,0.7369118452707728,0.20355216293868042,0.20355216293868042,0.1928139041914359,0.006888119985029039,0.00012151884207731167,2.4303768415462334e-08,0.006888095681260624,0.03572418708035779,2.205094199376207,3.699596393234908
2021-03-18,-0.017339151916613386,-1.7782002982056089,0.4512201896853363,-0.0113686588729514,2,Chop,0.9989309658314837,0.9978619319026677,0.00838172886682168,0.7377810871112279,0.20331234104593682,0.20331234104593682,0.20355216293868042,-0.003529421876149021,0.010738258747244517,2.1476517494489033e-06,-0.0035315695278984698,-0.017339151916613386,2.197306755895544,3.6354485293424528
2021-03-19,0.008394319050580128,-1.6463475225068147,-0.485325862435241,-0.0032492765309776,2,Chop,0.9997021434397484,0.999404289792133,0.002716115896195496,0.7350942064417016,0.2040554784482526,0.2040554784482526,0.20331234104593682,0.0017066686576599514,0.00023982189274360244,4.796437854872049e-08,0.0017066206932814026,0.008394319050580128,2.2010567250746425,3.6659656441897157
2021-03-20,-0.0005658791253751102,-1.6472267016863542,-0.2844808769662897,0.0084285893273117,2,Chop,0.9996269030156241,0.9992538086582443,0.003318166446701115,0.7208597918406698,0.20808484770247,0.20808484770247,0.2040554784482526,-0.00011547073567229682,0.0007431374023157689,1.4862748046315377e-07,-0.00011561936315275997,-0.0005658791253751102,2.2008022402978265,3.6638911507573266
2021-03-21,-0.013643904139846409,-1.4749788326102968,-0.0533161132472046,0.0025139141898206,2,Chop,0.999462572326955,0.9989251606695286,0.004583606665957287,0.6263300147206106,0.23949035887560183,0.23949035887560183,0.20808484770247,-0.0028390897150070396,0.004029369254217402,8.058738508434805e-07,-0.0028398955888578833,-0.013643904139846409,2.194552191723656,3.6139013711175623
2021-03-22,-0.05345688104443306,-1.2962877486970947,0.5182748593939324,-0.0153222994351375,2,Chop,0.9720442392437362,0.9440885181528401,0.12756332528297398,0.6646824242848387,0.22567168097064044,0.22567168097064044,0.23949035887560183,-0.01280240762570163,0.03140551117313184,6.281102234626368e-06,-0.012808688727936255,-0.05345688104443306,2.166442855802657,3.4207134754154174
2021-03-23,0.0038401154329438564,-1.340805510638221,0.4809807138378626,-0.0110864459652261,2,Chop,0.9977833231594498,0.9955667023147226,0.015762633062319967,0.6427215729520286,0.2333825505670333,0.2333825505670333,0.22567168097064044,0.0008666053048737388,0.013818677904961385,2.7637355809922773e-06,0.0008638415692927465,0.0038401154329438564,2.1683143191989966,3.4338494100240395
2021-03-24,-0.036551757777657644,-1.1163098399298284,2.0233688358265733,-0.0200756613308736,2,Chop,0.8867896066734282,0.7735792155483748,0.35317528318960534,0.6384659900950994,0.23493812094463717,0.23493812094463717,0.2333825505670333,-0.008530542457858137,0.007710869596392861,1.5421739192785722e-06,-0.008532084631777416,-0.036551757777657644,2.149814077919296,3.3083361781438883
2021-03-25,-0.020485432915556448,-1.0931613538610423,1.5082349169879845,-0.0240595720889099,2,Chop,0.8287648560995903,0.657529788128124,0.4578404818906193,0.6467909702832856,0.2319141838580431,0.2319141838580431,0.23493812094463717,-0.004812809115918252,0.001555570377603871,3.111140755207742e-07,-0.004813120229993773,-0.020485432915556448,2.139466764290137,3.240563479304413
2021-03-26,0.06428841931989358,-1.024396069252754,0.0983652917159365,-0.0084731073969619,2,Chop,0.8593317486238714,0.7186715985573972,0.4062618902073263,0.6977652369503857,0.21497201645582362,0.21497201645582362,0.2319141838580431,0.014909396298096771,0.0030239370865940696,6.04787417318814e-07,0.014908791510679453,0.06428841931989358,2.1713636282229665,3.4488941830946684
2021-03-27,0.015051908974823298,-0.9027712315373118,-1.274404479210224,0.0052286506068893,2,Chop,0.9967096588973201,0.9934461149517106,0.022250619824323564,0.6760451087782469,0.22187868538991573,0.22187868538991573,0.21497201645582362,0.003235739223827273,0.016942167402219488,3.3884334804438977e-06,0.0032323507903468294,0.015051908974823298,2.1783822371627837,3.500806624402407
2021-03-28,-0.0004068041327035923,-0.9325491876115142,-1.1981360278508022,0.0043792666937598,2,Chop,0.9992401316985124,0.9984844066611767,0.006242956583087677,0.6725915832090098,0.22301795583633857,0.22301795583633857,0.22187868538991573,-9.026116617545788e-05,0.006906668934092114,1.3813337868184229e-06,-9.16424999622763e-05,-0.0004068041327035923,2.1781826047686965,3.4993824817998043
2021-03-29,0.03165502939331705,-0.7990500039572911,0.172653070261386,0.0180206241279547,2,Chop,0.9861865019625632,0.9723827769269364,0.07294921494913868,0.6549719812096902,0.2290174302158084,0.2290174302158084,0.22301795583633857,0.007059639947236781,0.001139270446422841,2.2785408928456819e-07,0.007059412093147496,0.03165502939331705,2.1935592933898844,3.610155537119636
2021-03-30,0.020014609919984168,-0.8976976029539117,-0.2703537684836539,0.0261206326950629,2,Chop,0.9766338106181669,0.9532738159913996,0.11092253566852316,0.6542486768177018,0.22927062035433907,0.22927062035433907,0.2290174302158084,0.004583694530646601,0.005999474379469821,1.1998948758939644e-06,0.004582494635770706,0.020014609919984168,2.2036112670850883,3.682411391945557
2021-03-31,1.935944759335448e-05,-0.9651505472251544,1.2165917625638152,0.0132668207206028,2,Chop,0.9906535194974871,0.9813074679539846,0.052981196776782,0.6410961983804601,0.23397424657786248,0.23397424657786248,0.22927062035433907,4.438552559445697e-06,0.0002531901385306734,5.0638027706134686e-08,4.3879145317395625e-06,1.935944759335448e-05,2.2036209363429893,3.682482681395917
2021-04-01,0.0029992328786879927,-1.1234197176574283,0.6356513353919319,0.0108562855013757,2,Chop,0.9974950949880571,0.9949904827166732,0.017507848202316992,0.6398031610051668,0.23444710677005964,0.23444710677005964,0.23397424657786248,0.0007017432531025767,0.0047036262235234105,9.407252447046821e-07,0.0007008025278578719,0.0029992328786879927,2.205165239465619,3.693527304529159
2021-04-02,0.004870090844088338,-1.8562232929628204,0.2477738184280578,0.0119116644967341,2,Chop,0.9994171416507691,0.9988342834463837,0.004923567042089423,0.5710658820133185,0.2626667162660256,0.2626667162660256,0.23444710677005964,0.0011417787081038685,0.00047286019219716646,9.45720384394333e-08,0.0011416841360654291,0.004870090844088338,2.20768284163692,3.7115151180373367
2021-04-03,-0.030439981167968613,-1.9325707037681967,0.2917553605099882,-0.0005073376155229,2,Chop,0.9992508776109129,0.9985017552766678,0.006139982999301615,0.569294737360325,0.2634839041293652,0.2634839041293652,0.2626667162660256,-0.007995569896589975,0.02821960949596597,5.643921899193194e-06,-0.008001213818489169,-0.030439981167968613,2.190018699177573,3.598536667739649
2021-04-04,0.019846643132378484,-2.1906327411630184,-0.9584690848703332,-0.000540930973044,2,Chop,0.9998300509294231,0.9996601018624499,0.001645094625207999,0.5131542393155288,0.29230977454279167,0.29230977454279167,0.2634839041293652,0.005229271016381336,0.0008171878633395635,1.634375726679127e-07,0.005229107578808668,0.019846643132378484,2.201470542555175,3.6699555407830564
2021-04-05,0.005081207326213134,-2.194596318553625,0.5759356879815681,0.0004714386026798,2,Chop,0.9996371655017338,0.9992743310047821,0.0032369853033062676,0.5097766678723247,0.2942464994054377,0.2942464994054377,0.29230977454279167,0.0014852865679305424,0.02882587041342649,5.765174082685299e-06,0.001479521393847857,0.005081207326213134,2.2047276653208114,3.68860334576376
2021-04-06,-0.01476389754962159,-2.3281070141824745,1.301814733847659,-0.003081187482982,2,Chop,0.9990770938937645,0.9981541877875639,0.0073717323302143825,0.490781878491871,0.30563475664777323,0.30563475664777323,0.2942464994054377,-0.004344225171556672,0.001936724862646011,3.873449725292022e-07,-0.004344612516529201,-0.01476389754962159,2.1951489779105207,3.634145183865712
2021-04-07,-0.037528870853164246,-2.652213630793416,2.2039503007060546,-0.0115609798224325,2,Chop,0.9870814304499854,0.974162860899968,0.06901877838232864,0.5111815049303804,0.2934378465442114,0.2934378465442114,0.30563475664777323,-0.011470127310472564,0.011388257242335553,2.2776514484671106e-06,-0.011472404961921031,-0.037528870853164246,2.1699653398841843,3.497759818598767
2021-04-08,0.03978767570422682,-2.284974641557346,-0.7033043095108275,0.0024845515520065,2,Chop,0.9994548479300641,0.9989096958617416,0.004641519149380071,0.5397539949666921,0.277904381252901,0.277904381252901,0.2934378465442114,0.011675209877647757,0.012196910103561831,2.4393820207123665e-06,0.011672770495627045,0.03978767570422682,2.1952948472801177,3.6369275519524495
2021-04-09,-0.001354549836114697,-2.0153142975109155,-1.4643874441947318,-0.0017556870416921,2,Chop,0.9998788400036648,0.9997576800260558,0.0012138221102816094,0.53977984779701,0.27789107098420074,0.27789107098420074,0.277904381252901,-0.00037643533408167335,0.015533465291310389,3.1066930582620778e-06,-0.00037954202713993545,-0.001354549836114697,2.194461640623611,3.6320011523329914
2021-04-10,0.026234198096664975,-1.7272997413647375,-0.0453157861651328,0.0024749111123982,2,Chop,0.9994781994899838,0.9989563998854474,0.004465563032804513,0.547330052538275,0.27405767197391456,0.27405767197391456,0.27789107098420074,0.0072902494054939105,1.3310268700272854e-05,2.662053740054571e-09,0.007290246743440171,0.026234198096664975,2.2104598074527715,3.7272837900506106
2021-04-11,0.006862304387402612,-1.726817015653667,-1.4283212184126164,0.006800151499803,2,Chop,0.9998175719628497,0.999635144541034,0.001752970972551415,0.48744114274297334,0.3077294607424935,0.3077294607424935,0.27405767197391456,0.0018806671647879397,0.003833399010286176,7.666798020572352e-07,0.0018799004849858825,0.006862304387402612,2.2146152519168436,3.7528615459561694
2021-04-12,-0.005187618998143358,-1.5944079727818754,-0.7190773479701902,0.0132684018708072,2,Chop,0.9995341223836569,0.9990682494502765,0.004039848588858756,0.4893583040159662,0.3065238676221707,0.3065238676221707,0.3077294607424935,-0.00159638319683617,0.03367178876857896,6.734357753715792e-06,-0.0016031175545898858,-0.005187618998143358,2.211064963329833,3.7333931301029657
2021-04-13,0.05852714345026763,-1.8401323047328877,1.4607084463896765,0.0170162954200154,2,Chop,0.9599696142455417,0.9199392284990477,0.16804070346423008,0.504469666343199,0.2973419612864345,0.2973419612864345,0.3065238676221707,0.01793996637125363,0.001205593120322812,2.411186240645624e-07,0.017939725252629567,0.05852714345026763,2.250730861287686,3.9518979653847457
2021-04-14,-0.006219938149170958,-1.5920811015055791,2.09124473067446,0.0160432177574041,2,Chop,0.985784677860962,0.9715693557515355,0.07457774978180405,0.4918371784273201,0.3049789779610283,0.3049789779610283,0.2973419612864345,-0.001849448608354808,0.009181906335736234,1.836381267147247e-06,-0.0018512849896219553,-0.006219938149170958,2.2465641170285053,3.927317404468218
2021-04-15,0.003232251116976691,-1.4659456295139328,0.2667518310163498,0.0114428283614665,2,Chop,0.9989000996343956,0.997800215708907,0.008592604844563765,0.42720866726797485,0.3511164718620037,0.3511164718620037,0.3049789779610283,0.0009857686421689434,0.007637016674593822,1.5274033349187644e-06,0.0009842412388340247,0.003232251116976691,2.2487752780781696,3.9400114805355324
2021-04-16,-0.027886621874568536,-1.24809602878502,2.2940130680084843,0.0044930431090722,2,Chop,0.9842244673777724,0.9684489350100715,0.08110778450862216,0.4502550667632993,0.3331445020225737,0.3331445020225737,0.3511164718620037,-0.00979145228474828,0.04613749390097538,9.227498780195075e-06,-0.009800679783528474,-0.027886621874568536,2.22673575167261,3.830137870196379
2021-04-17,-0.014542926101405163,-1.1017801953339414,0.4826630806208555,0.0026219816884199,2,Chop,0.9979105345385088,0.9958216616304058,0.014986485125666204,0.45736919672064236,0.3279626198605125,0.3279626198605125,0.3331445020225737,-0.0048448958740037115,0.017971969839430002,3.5943939678860008e-06,-0.004848490267971598,-0.014542926101405163,2.215939445051281,3.7744364581919196
2021-04-18,-0.07647243109811933,0.0836640576106481,2.659647449985384,-0.0243779332212574,1,Bull,0.998942253356437,0.997884509728253,0.008304500726500942,0.5549040021384045,0.2703170267685092,0.2703170267685092,0.3279626198605125,-0.025080098850041744,0.005181882162061169,1.0363764324122338e-06,-0.025081135226474156,-0.07647243109811933,2.1603611681762716,3.4857961262086086
2021-04-19,-0.008788979117796622,0.2885051794247811,0.1201065222169077,-0.0248917414149825,1,Bull,0.9397752650108565,0.8811047479832914,0.2348033769447743,0.5471931695855555,0.2741262287934078,0.2741262287934078,0.2703170267685092,-0.002375810703453298,0.05764559309200329,1.1529118618400659e-05,-0.002387339822071699,-0.008788979117796622,2.155203651929427,3.4551595368464647
2021-04-20,0.013347500558966063,0.6182325783119078,0.3076067990491482,-0.0228686915265847,1,Bull,0.8498681799452393,0.7001887960081975,0.4260156494164481,0.5514517212929622,0.2720093059974539,0.2720093059974539,0.2741262287934078,0.0036588999920472696,0.0038092020248985947,7.618404049797189e-07,0.00365813815164229,0.013347500558966063,2.163087684633109,3.50127728069584
2021-04-21,-0.04651974554182734,0.8037157427575798,-0.6738785467902382,-0.0265953162600364,1,Bull,0.9195251524265531,0.8390891932491169,0.28026337735549206,0.5823322807852713,0.2575848960283053,0.2575848960283053,0.2720093059974539,-0.012653803700010603,0.002116922795953935,4.23384559190787e-07,-0.012654227084569794,-0.04651974554182734,2.1357154818679254,3.338398752526488
2021-04-22,-0.040581883746807136,1.2894007948985502,0.7965264393117548,-0.0318031077891168,1,Bull,0.9988781589659937,0.9977567092422804,0.008745141999874624,0.60023560250963,0.24990187082012255,0.24990187082012255,0.2575848960283053,-0.01045328030555409,0.014424409969148566,2.884881993829713e-06,-0.01045616518754792,-0.040581883746807136,2.113384087995911,3.202920242450972
2021-04-23,-0.013001302685204313,1.8844234242900069,1.504255558797736,-0.0191088821065338,1,Bull,0.9993921353620553,0.9987844610748654,0.005110983118003777,0.5916413665959208,0.25353196796066324,0.25353196796066324,0.24990187082012255,-0.0032490498641312405,0.007683025208182759,1.5366050416365518e-06,-0.003250586469172877,-0.013001302685204313,2.1065143502753063,3.161278106902299
2021-04-24,-0.020620437180110716,1.8473900807592945,-1.1889557961922883,-0.0214751737189966,1,Bull,0.93354590488416,0.8670927978075403,0.24438064619131455,0.5828763449299408,0.2573444630319135,0.2573444630319135,0.25353196796066324,-0.005227940018482699,0.003630097140540689,7.260194281081378e-07,-0.005228666037910807,-0.020620437180110716,2.09550009023365,3.0960911702900606
2021-04-25,-0.02113272327896639,1.851106895590823,-1.285246266997082,-0.0283712184865831,1,Bull,0.98112113684468,0.9622425598978469,0.09364664340995077,0.582314985810925,0.2575925463967096,0.2575925463967096,0.2573444630319135,-0.005438389324627624,0.0038124950712502548,7.62499014250051e-07,-0.005439151823641874,-0.02113272327896639,2.084102347096414,3.0306623323418695
2021-04-26,0.09747970680195452,1.826029323323572,-0.4257810814670901,0.0004286719821731,1,Bull,0.9991873205460405,0.9983746474996863,0.006594786401462425,0.7386367459889186,0.20307681795491173,0.20307681795491173,0.2575925463967096,0.025110045897120115,0.0002480833647960923,4.961667295921846e-08,0.025109996280447158,0.09747970680195452,2.136434149280076,3.326090407914283
2021-04-27,0.01854831914865377,1.5759577123142146,-0.929256366069988,0.0122547125612653,0,Bear,0.5750306369156813,0.1500729126235949,0.6819792549912256,0.7280988098727748,0.20601599393660652,0.6,0.20307681795491173,0.003766733631120765,0.05451572844179786,1.0903145688359574e-05,0.0037558304854324056,0.01854831914865377,2.1444582337880607,3.387783794317553
2021-04-28,-0.0037942553737364284,1.4303353135887154,-0.9947677106633408,0.0140961220235589,0,Bear,0.9571642563277771,0.9143388420386874,0.17695025124765457,0.7047250021922985,0.2128489829839604,0.6,0.6,-0.002276553224241857,0.39692318204508825,7.938463640901766e-05,-0.0023559378606508746,-0.0037942553737364284,2.139406023444495,3.3749296774509063
2021-04-29,-0.023429673825133245,1.3441310528997783,-1.1173438217417877,0.0135342746945544,0,Bear,0.9906994847412995,0.9814122467315746,0.052862273194763935,0.7099688600175514,0.2112768720536444,0.6,0.6,-0.014057804295079947,0.0,0.0,-0.014057804295079947,-0.023429673825133245,2.109330672259197,3.2958561759254694
2021-04-30,0.07541518772096198,1.2346823163521397,-0.6734913937875272,0.0328438568945401,1,Bull,0.9350095216202735,0.8700210858243598,0.24050693426423173,0.7782681731742799,0.19273562143522224,0.19273562143522224,0.6,0.045249112632577186,0.0,0.0,0.045249112632577186,0.07541518772096198,2.2047760134276033,3.54441378813418
2021-05-01,0.0013475723603123622,1.1126504048662376,-1.2713107404176534,0.0136174300062116,0,Bear,0.8249398481316683,0.64998341150706,0.46469411556937906,0.7774535744080465,0.1929375655828839,0.6,0.19273562143522224,0.00025972519629373234,0.4072643785647777,8.145287571295554e-05,0.0001782723205807768,0.0013475723603123622,2.205169063963878,3.5491901421885803
2021-05-02,-0.020916047590224387,1.0000211588650547,-1.455309867983858,0.005724556658436,0,Bear,0.9904986477440886,0.9810853124461062,0.05419709168891116,0.781579560599795,0.19191904133839927,0.6,0.6,-0.012549628554134632,0.4072643785647777,8.145287571295554e-05,-0.012631081429847589,-0.020916047590224387,2.1773153939503693,3.474955112267809
2021-05-03,0.010001102205402288,0.9383357618429414,-0.5645515778361161,0.0084836281742638,0,Bear,0.998121766119486,0.9963025552229932,0.013929252855266321,0.7345071602510825,0.20421856738431832,0.6,0.6,0.006000661323241373,0.0,0.0,0.006000661323241373,0.010001102205402288,2.1903807262233452,3.5097084935047844
2021-05-04,-0.06999363622377694,0.827072886716608,0.509715313318428,-0.0008291643054649,0,Bear,0.7161267740397462,0.43245120810701904,0.5982088546919443,0.7849576955163742,0.19109310075790065,0.6,0.6,-0.04199618173426616,0.0,0.0,-0.04199618173426616,-0.06999363622377694,2.098393099177636,3.2640512339589103
2021-05-05,0.07389708647447689,0.916206770507532,0.5222216179842534,-0.0011327845547619,1,Bull,0.7380082686063922,0.47607136730630045,0.5756492488348726,0.8596010811060871,0.1744995478681673,0.1744995478681673,0.6,0.04433825188468613,0.0,0.0,0.04433825188468613,0.07389708647447689,2.1914321809620616,3.5052551102518947
2021-05-06,-0.018055093557641698,0.8663869232683176,0.6173003368935003,-0.0050133177383527,0,Bear,0.7083019631608031,0.41694853922424074,0.6063325469559334,0.8555632129591151,0.1753231061457151,0.6,0.1744995478681673,-0.0031506056625259364,0.4255004521318327,8.510009042636654e-05,-0.003235705752952303,-0.018055093557641698,2.184341351246918,3.4419674012928954
2021-05-07,0.016877096781434925,0.9911617290165934,0.5361924045006565,0.002545311135979,0,Bear,0.9478359145250106,0.89580367018529,0.20575878010492413,0.8589233880988373,0.1746372285099999,0.6,0.6,0.010126258068860954,0.4255004521318327,8.510009042636654e-05,0.010041157978434587,0.016877096781434925,2.2062746678336156,3.5000578182430595
2021-05-08,0.024921619702789645,-0.386766191752919,0.5346891925049797,0.0055294146354565,2,Chop,0.4096420058523519,0.020586161497439026,1.0555521293193895,0.7990284231037139,0.18772799022260814,0.18772799022260814,0.6,0.014952971821673787,0.0,0.0,0.014952971821673787,0.024921619702789645,2.2392650307726045,3.587284928127089
2021-05-09,-0.009765628034028508,-0.588332031863715,0.5732500547419949,0.0175750162734062,2,Chop,0.8518441741654701,0.7111711987643389,0.4491285967550822,0.7992984777527076,0.18766456358297734,0.18766456358297734,0.18772799022260814,-0.0018332817240897315,0.41227200977739187,8.245440195547838e-05,-0.0019157361260452098,-0.009765628034028508,2.2349751898573635,3.552252837866923
2021-05-10,-0.041595541159714526,-0.4718154805341897,1.008249596687043,-0.005523509253432,2,Chop,0.8256693717652698,0.6516216889837549,0.46478716345598503,0.8188043735954883,0.18319394086932916,0.18319394086932916,0.18766456358297734,-0.007806009078735598,6.342663963079809e-05,1.2685327926159618e-08,-0.007806021764063524,-0.041595541159714526,2.217528924883195,3.4044949587397166
2021-05-11,0.015009957344289306,-0.711276636281853,0.1661948866337042,0.0010895009269541,2,Chop,0.98627951862953,0.9727534987273458,0.07349200706050504,0.7942603888888061,0.18885494240730605,0.18885494240730605,0.18319394086932916,0.002749733238180888,0.004470622713648176,8.941245427296352e-07,0.0027488391136381582,0.015009957344289306,2.2236245551275378,3.4555962828492475
2021-05-12,-0.142967146773037,0.0525333924539744,1.249920048709427,-0.0308793477839402,1,Bull,0.9999927823415777,0.9999855705283599,9.271479840012678e-05,0.9958680687189589,0.15062236124605685,0.15062236124605685,0.18885494240730605,-0.027000052269958774,0.005661001537976884,1.1322003075953768e-06,-0.02700118447026637,-0.142967146773037,2.1635840583219252,2.961559541890778
2021-05-13,0.011442928110092723,-0.4530674239432118,2.629185507525777,-0.0335750861024796,1,Bull,0.9998160821168802,0.9996321699583841,0.0017658477100083699,0.9964329953304716,0.15053696606087577,0.15053696606087577,0.15062236124605685,0.0017235608515110447,0.038232581161249196,7.64651623224984e-06,0.0017159143352787948,0.011442928110092723,2.1672965832231803,2.995448454822393
2021-05-14,0.003300186759766157,-0.4644408165735862,-0.3100611967420681,-0.0309619231437206,1,Bull,0.9895524031338881,0.9804201775415357,0.06200296115928014,0.992786905533661,0.15108982518193997,0.15108982518193997,0.15053696606087577,0.0004968001022494696,8.53951851810808e-05,1.707903703621616e-08,0.0004967830232124334,0.003300186759766157,2.168373259371992,3.00533399415256
2021-05-15,-0.06459870319528387,-0.6793168401379625,-0.1136862817193134,-0.0355625555508345,1,Bull,0.9998147180136259,0.9996316216242436,0.0017893866456786716,1.0271867348699772,0.146029923195014,0.146029923195014,0.15108982518193997,-0.009760206772755466,0.0005528591210642031,1.1057182421284063e-07,-0.009760317344579678,-0.06459870319528387,2.147209248239021,2.811193315461602
2021-05-16,-0.006525257090234029,0.9721710538678,0.2268138161152659,-0.0398695984377392,1,Bear,0.9999997676444984,0.9999995352889965,3.7815851384646e-06,0.9239214702358912,0.16235146041329976,0.6,0.146029923195014,-0.0009528827917145958,0.005059901986925963,1.0119803973851926e-06,-0.0009538947721119811,-0.006525257090234029,2.1451610365624956,2.7928495563478677
2021-05-17,-0.0648839844864655,1.7059617928630997,0.9324512503563288,-0.0242529659804249,2,Chop,0.9988106569759542,0.9976213221430922,0.009198198220500655,0.947115518342265,0.1583756121561019,0.1583756121561019,0.6,-0.0389303906918793,0.45397007680498597,9.07940153609972e-05,-0.039021184707240295,-0.0648839844864655,2.0614543115280153,2.6116383490607604
2021-05-18,-0.014531934084628221,2.091507224815917,-0.4897260831061897,-0.029447938419369,2,Chop,0.9999995862674144,0.9999992451526343,6.686984152183123e-06,0.9465009299129913,0.1584784496870901,0.1584784496870901,0.1583756121561019,-0.002301503956465117,0.44162438784389807,8.832487756877962e-05,-0.0023898288340338967,-0.014531934084628221,2.056527788574282,2.573686192719322
2021-05-19,-0.14810707635188664,4.076841203702347,3.1580386494602006,-0.0597293910416996,2,Chop,0.9999999968070341,0.9999999936140667,6.565480063800855e-08,1.1104465960262544,0.13508078689851152,0.13508078689851152,0.1584784496870901,-0.023471779847934478,0.00010283753098819237,2.0567506197638476e-08,-0.023471800415440676,-0.14810707635188664,2.0082573787720586,2.192505055268445
2021-05-20,0.0972750161239599,3.0640393510912305,1.0332057130285108,-0.0273546471778509,2,Chop,0.9999999955440018,0.9999999910880077,9.014037696476518e-08,1.149207664551573,0.13052471248399722,0.13052471248399722,0.13508078689851152,0.0131399857235899,0.023397662788578577,4.679532557715716e-06,0.013135306191032184,0.0972750161239599,2.034636454352629,2.405781019871547
2021-05-21,-0.08913981683679192,2.733678193191895,0.6313123369787659,-0.0438775591271624,2,Chop,0.9999999926693448,0.9999999853386848,1.4464271444244234e-07,1.1853073448302271,0.12654945626906974,0.12654945626906974,0.13052471248399722,-0.01163494896349844,0.004556074414514305,9.11214882902861e-07,-0.011635860178381342,-0.08913981683679192,2.010961709055944,2.191330140410767
2021-05-22,0.0061982374372439785,2.263324322923833,-0.8205284501176964,-0.0296611147424205,2,Chop,0.999999770527436,0.9999996340785966,3.8924548228769385e-06,1.1913916837747147,0.12590317864629658,0.12590317864629658,0.12654945626906974,0.0007843835775098178,0.003975256214927475,7.950512429854951e-07,0.0007835885262668323,0.0061982374372439785,2.0125374755779224,2.204912524924422
2021-05-23,-0.07654564579833298,2.13879879872143,0.3477111942406742,-0.0420638570851615,2,Chop,0.9999998637415026,0.9999997274830092,2.29032977646561e-06,1.2060198141796732,0.12437606599525815,0.12437606599525815,0.12590317864629658,-0.009637340117543658,0.000646277622773167,1.292555245546334e-07,-0.009637469373068213,-0.07654564579833298,1.9931417072948883,2.036136071775249
2021-05-24,0.10722243682664231,1.89101060881296,-0.321650891337029,0.0090020455505442,2,Chop,0.9999991724447326,0.9999983448894635,1.2417292636883248e-05,1.3116888419413721,0.11435638941472712,0.11435638941472712,0.12437606599525815,0.013335904878922862,0.0015271126510384286,3.0542253020768577e-07,0.013335599456392655,0.10722243682664231,2.0197214467632034,2.254455543101618
2021-05-25,-0.007878782581024249,1.6554231395988848,-0.9347963375947592,-0.0120287141904525,2,Chop,0.9957178703302504,0.9914392036937719,0.027652825189237742,1.2490123964464832,0.12009488490807552,0.12009488490807552,0.11435638941472712,-0.0009009891289495777,0.010019676580531031,2.0039353161062063e-06,-0.000902993064265684,-0.007878782581024249,2.017897652305028,2.2366931780389354
2021-05-26,0.022961565812768543,1.4796596164120683,-1.1275121267858277,0.0103915623394595,2,Chop,0.9977104448147179,0.995430691465046,0.016269284288018066,1.2625312190938327,0.11880894328114973,0.11880894328114973,0.12009488490807552,0.00275756660359364,0.0057384954933484,1.14769909866968e-06,0.0027564189044949703,0.022961565812768543,2.023459823541178,2.288051155649447
2021-05-27,-0.02205718107153495,1.332269013288522,-1.4317133672487383,0.0047404786377037,2,Chop,0.9903868026331978,0.9807919377062245,0.05434959188600677,1.2527481122596291,0.11973675995363452,0.11973675995363452,0.11880894328114973,-0.0026205903748700455,0.0012859416269257878,2.571883253851576e-07,-0.0026208475631954308,-0.02205718107153495,2.018156643793426,2.237583197008352
2021-05-28,-0.07393611150144239,1.225589874182986,-0.7492939950061334,0.0052623854970818,2,Chop,0.9999733516222041,0.9999467231031053,0.0003074924546854334,1.255810485832062,0.11944477426513486,0.11944477426513486,0.11973675995363452,-0.008852870434753362,0.000927816672484788,1.8556333449695762e-07,-0.00885305599808786,-0.07393611150144239,2.0002897900130097,2.0721449962605885
2021-05-29,-0.030765691542153008,1.1375314739145994,-1.1760412507331246,-0.0223352401766772,2,Chop,0.9999564662918173,0.9999224343322854,0.0005035392747276576,1.2541339267286833,0.11960445116995123,0.11960445116995123,0.11944477426513486,-0.003674801081363235,0.00029198568849965467,5.8397137699930936e-08,-0.0036748594785009346,-0.030765691542153008,1.9929390061184318,2.008394022475019
2021-05-30,0.030219944078986264,1.027899209632812,-1.6320114522750473,-0.0147154948446751,2,Chop,0.9994764555305826,0.9990218683047969,0.004682715532362179,1.2743472438899042,0.11770732091994784,0.11770732091994784,0.11960445116995123,0.0036144398259537695,0.0001596769048163721,3.193538096327442e-08,0.003614407890572806,0.030219944078986264,2.000142300587577,2.069087577522785
2021-05-31,0.04533591723246496,0.964636714497294,-1.1855737282469674,-0.0102406245607358,2,Chop,0.999749275793446,0.9995990130506542,0.002498296255473628,1.297825512854583,0.11557794057390132,0.11557794057390132,0.11770732091994784,0.005336369358881946,0.0018971302500033899,3.7942605000067797e-07,0.0053359899328319456,0.04533591723246496,2.010815039767744,2.1628915606840793
2021-06-01,-0.01750785357311659,0.8300165085052531,-1.242297864956456,-0.0093307590610521,2,Chop,0.9709509481921978,0.9421028691086978,0.13262070711217203,1.17609716276736,0.12754048283481065,0.12754048283481065,0.11557794057390132,-0.002023521659850235,0.002129380346046525,4.25876069209305e-07,-0.0020239475359194446,-0.01750785357311659,2.0067452556228162,2.125023971945093
2021-06-02,0.02397778870231388,0.7233119362554591,-1.1976148597880285,0.0102520209796991,2,Chop,0.9793842279041005,0.9593110561267787,0.1029350822653382,1.1826355869541127,0.12683535118905578,0.12683535118905578,0.12754048283481065,0.00305813874840418,0.011962542260909328,2.3925084521818657e-06,0.003055746239951998,0.02397778870231388,2.012877359892227,2.175977347731744
2021-06-03,0.042556616951370016,0.6482892827444067,-1.016708434778184,0.0249164826784037,2,Chop,0.999322230925686,0.9986450115671707,0.005627481511020619,1.2053397182715444,0.12444624343342787,0.12444624343342787,0.12683535118905578,0.005397683456445141,0.000705131645754864,1.410263291509728e-07,0.00539754243011599,0.042556616951370016,2.023741950848865,2.268579582214022
2021-06-04,-0.06084038726712561,0.6007569717521138,-0.694165453704261,0.0067044164091813,2,Chop,0.9993391906230542,0.9986866455426097,0.005543489673615145,1.2022943563894855,0.12476146062138482,0.12476146062138482,0.12444624343342787,-0.0075713576444287395,0.002389107755627909,4.778215511255818e-07,-0.007571835465979865,-0.06084038726712561,2.0084185097714364,2.1305583218858266
2021-06-05,-0.03706474257477647,0.4640486440740546,-0.8677350375484416,-0.0097757155522669,2,Chop,0.9940203342679538,0.9893610115329617,0.03973081470384096,1.2067669877123648,0.12429905816726963,0.12429905816726963,0.12476146062138482,-0.00462425142118474,0.0003152171879569482,6.304343759138964e-08,-0.004624314464622331,-0.03706474257477647,1.9991309510056852,2.051589726144581
2021-06-06,0.008693599850188834,0.3305469734020617,-1.0503549598742477,-0.0045354248676058,2,Chop,0.5722227893318604,0.1463754580130538,0.6950274122180815,1.1872132592979343,0.1263462977904268,0.1263462977904268,0.12429905816726963,0.0010806062734615885,0.00046240245411519054,9.248049082303811e-08,0.0010805137929707654,0.008693599850188834,2.0012910395722017,2.0694254262804406
2021-06-07,-0.06633285563534304,0.2262266214284213,-0.7932199161991802,-0.0225975537351372,2,Chop,0.9716329915241153,0.9432661621065044,0.12902140415158148,1.2116391750227193,0.12379923255385611,0.12379923255385611,0.1263462977904268,-0.008380910731392441,0.002047239623157171,4.094479246314342e-07,-0.008381320179317073,-0.06633285563534304,1.9845175785975488,1.9321545282308719
2021-06-08,-0.002627775063457771,-2.7169267871254865,0.025935712043111,-0.0316344321381028,0,Bull,0.999935885878014,0.9998795217252107,0.0007067609981791566,1.0464957180916314,0.14333551242191128,0.14333551242191128,0.12379923255385611,-0.00032531653618023256,0.0025470652365706947,5.094130473141389e-07,-0.0003258259492275467,-0.002627775063457771,1.9838709712737435,1.9270772607428397
2021-06-09,0.10947410238213756,-2.8043162483435315,0.4100057110256748,0.0024284657917498,0,Bull,0.9999999914392674,0.9999999828785611,1.6758586562697727e-07,1.0704259345997258,0.14013113392669327,0.14013113392669327,0.14333551242191128,0.015691526561872466,0.019536279868055173,3.9072559736110344e-06,0.015687619305898855,0.10947410238213756,2.0149931838231097,2.1380423140836906
2021-06-10,-0.017354742993128305,-2.9002880052803386,-0.1723576860344143,0.0063704657080794,1,Bear,0.547347621905988,0.09469524523917588,0.6886568902990837,1.0030683776906624,0.14954115126761447,0.6,0.14013113392669327,-0.002431939814633404,0.003204378495218013,6.408756990436026e-07,-0.0024325806903324476,-0.017354742993128305,2.01009155031299,2.100937139214335
2021-06-11,0.017067578415986145,-2.420873317257177,-0.4851724918062902,0.0080452614212389,1,Bear,0.8367223435668305,0.6734446985709305,0.445065433135857,1.00559956603421,0.1491647421762084,0.6,0.6,0.010240547049591686,0.4598688660733067,9.197377321466135e-05,0.010148573276377025,0.017067578415986145,2.0304911117035678,2.136795048584933
2021-06-12,-0.048904195040405544,-2.459152514666474,-0.490548504517569,0.0115309935402264,0,Bull,0.9814459465068492,0.9628919870330797,0.09235834721320961,0.9716834557086629,0.15437126063919943,0.15437126063919943,0.6,-0.029342517024243325,0.0,0.0,-0.029342517024243325,-0.048904195040405544,1.9709113916908312,2.0322968067675626
2021-06-13,0.09505680129465752,-2.085219310947513,-0.1022867043866099,0.0310679088118494,0,Bull,0.9999993877965947,0.9999987755931965,9.370508247309725e-06,0.9472444234443393,0.15835405972048364,0.15835405972048364,0.15437126063919943,0.014674038248186165,0.44562873936080055,8.912574787216011e-05,0.014584912500314004,0.09505680129465752,1.999656961884514,2.2254804405002337
2021-06-14,0.02825878796632069,-1.837860745585016,0.3077318212048525,0.0148248459286861,0,Bull,0.9958709514012192,0.9917432603656896,0.026800029675706487,0.9536595490218731,0.15728883557433931,0.15728883557433931,0.15835405972048364,0.004474893797247231,0.003982799081284211,7.965598162568421e-07,0.004474097237430974,0.02825878796632069,2.0086036215734913,2.288369820391524
2021-06-15,0.004658453327527578,-1.6437278506175603,0.8110425089756735,0.0192274851928172,0,Bull,0.9988948985342592,0.9977935227760903,0.008652748174181605,0.9492407784620389,0.1580210241736877,0.1580210241736877,0.15728883557433931,0.0007327226994642191,0.0010652241461443224,2.130448292288645e-07,0.0007325096546349902,0.004658453327527578,2.0100749431186284,2.2990300843959406
2021-06-16,-0.052307031596144006,-1.4949821685578348,-0.1675179174780519,0.0053525631903912,0,Bull,0.9991702067716378,0.9983523880805509,0.00677891970175015,0.9721188730248977,0.15430211691421222,0.15430211691421222,0.1580210241736877,-0.008265610704308118,0.000732188599348399,1.464377198696798e-07,-0.008265757142027989,-0.052307031596144006,1.993460151801534,2.1787746451309564
2021-06-17,-0.007684760787668957,-1.3945630550494932,-0.384151231890257,0.0135964500409385,0,Bull,0.8801239474317353,0.760263765126252,0.3668355488610501,0.9149952896056446,0.1639352701636844,0.1639352701636844,0.15430211691421222,-0.001185774857516649,0.00371890725947549,7.437814518950981e-07,-0.001186518638968544,-0.007684760787668957,1.9910948741753804,2.1620312831728867
2021-06-18,-0.06140159139173661,-1.3111143844733626,-0.4632044447022453,-0.0176952284963402,0,Bull,0.9999467429045356,0.9998979976907701,0.0005927780355606501,0.9456846850300487,0.15861523653122692,0.15861523653122692,0.1639352701636844,-0.010065886473284498,0.00963315324947217,1.926630649894434e-06,-0.010067813103934392,-0.06140159139173661,1.9710489031099812,2.029279121747353
2021-06-19,-0.004800219817294286,-1.2308309068871497,-1.265103691650864,-0.0243070300530632,0,Bull,0.998222362062462,0.9965150986843149,0.013329112489707298,0.9371652791874765,0.16005714608852153,0.16005714608852153,0.15861523653122692,-0.000761388001722016,0.005320033632457477,1.0640067264914955e-06,-0.0007624520084485075,-0.004800219817294286,1.9695460729150547,2.01953813589232
2021-06-20,0.0023116253137915738,-1.11307287199516,-0.3623259058924113,-0.0247763956558104,0,Bull,0.9988246617848302,0.9977717780474482,0.009496494284639676,0.9148632546034278,0.1639589296490234,0.1639589296490234,0.16005714608852153,0.00036999215055146233,0.0014419095572946183,2.8838191145892366e-07,0.0003697037686400034,0.0023116253137915738,1.9702742215207216,2.024206551369416
2021-06-21,-0.119521795848678,-0.9567267845070112,1.897546828480492,-0.0382193485063172,0,Bull,0.9994184193742265,0.9988368387484617,0.004914048106726368,1.0424718224612246,0.14388878122946036,0.14388878122946036,0.1639589296490234,-0.019596665717078333,0.003901783560501859,7.803567121003719e-07,-0.019597446073790433,-0.119521795848678,1.93166187871389,1.782269749181084
2021-06-22,0.025833047609393114,-0.6359062968786522,2.2672576427971345,-0.0315157868269048,0,Bull,0.9988353966885675,0.9976707937728553,0.00903126299785105,1.0435720510771143,0.14373708058315546,0.14373708058315546,0.14388878122946036,0.0037170857359581995,0.020070148419563033,4.014029683912607e-06,0.003713071706274287,0.025833047609393114,1.9388342777818313,1.82831120846446
2021-06-23,0.03676667515561315,-0.5028574530356764,0.5944952517914152,-0.0118821335174348,0,Bull,0.9941625072894706,0.9907526274955013,0.0398085007613049,1.0385448708976692,0.14443285427845506,0.14443285427845506,0.14373708058315546,0.005284734549617067,0.0001517006463049031,3.034012926098062e-08,0.005284704209487806,0.03676667515561315,1.9490804434511244,1.895532132749439
2021-06-24,0.027475699857643344,-0.425965687167688,-1.0043765211947933,-0.0054269495824473,0,Bull,0.6315277982710854,0.26577820492911924,0.6742120251366943,1.0198275139334605,0.14708369596879386,0.14708369596879386,0.14443285427845506,0.0039683937537375695,0.0006957736952996063,1.3915473905992127e-07,0.00396825459899851,0.027475699857643344,1.9568148908846674,1.947613204699381
2021-06-25,-0.09130465397426267,-0.2873902734833679,-0.1512296764888729,-0.0241502054400582,0,Bull,0.9786841497523555,0.9573682995069016,0.10311691495726577,1.0791098297732749,0.13900345994579213,0.13900345994579213,0.14708369596879386,-0.013429425965686376,0.002650841690338801,5.301683380677602e-07,-0.013429956134024444,-0.09130465397426267,1.9305349527376805,1.7697870549685992
2021-06-26,0.01718823840092292,-0.0804025877226234,-0.4476213353100579,0.0031918014098619,1,Bear,0.7085120002960362,0.42629607047035084,0.6445716782490419,1.0819130003580562,0.13864331046059886,0.6,0.13900345994579213,0.0023892246081014157,0.00808023602300173,1.616047204600346e-06,0.0023876085608968154,0.01718823840092292,1.9351443145179477,1.800206576788267
2021-06-27,0.0737472744793095,0.0222520578554982,-0.8838006075905022,0.0127746467838452,0,Bull,0.9052157078476478,0.8104361240434013,0.3135207294998248,1.0957842386931989,0.13688826203494744,0.13688826203494744,0.6,0.044248364687585695,0.46099654005420787,9.219930801084158e-05,0.044156165379574855,0.0737472744793095,2.020592866903146,1.9329669053261294
2021-06-28,-0.006233262455755746,-0.152975714264627,-0.999567639213488,0.0041746592615714,1,Bear,0.8341569039628935,0.6767202465887584,0.4824913370953301,1.096159442975097,0.13684140656844915,0.6,0.13688826203494744,-0.0008532604643760926,0.46311173796505256,9.262234759301052e-05,-0.0009458828119691032,-0.006233262455755746,2.018681622840355,1.9209182152869417
2021-06-29,0.040785121124139886,-0.4774187808193382,-0.3738771388356115,0.0068365435148707,0,Bull,0.7047659984079752,0.4145549822766705,0.632214201145611,1.0012475101229623,0.149813106632923,0.149813106632923,0.6,0.02447107267448393,0.46311173796505256,9.262234759301052e-05,0.02437845032689092,0.040785121124139886,2.0678939525085758,1.9992630973669863
2021-06-30,-0.02332520296585249,-0.4579355382624918,-0.8631785347592679,0.0204324337165528,0,Bull,0.985108819135381,0.974499398471146,0.0863604292117057,1.0033270681214674,0.14950259468315302,0.14950259468315302,0.149813106632923,-0.003494421119157831,0.45018689336707696,9.00373786734154e-05,-0.0035844584978312463,-0.02332520296585249,2.0604816724578923,1.9526298798387625
2021-07-01,-0.04281824560087459,-0.2840180315966272,-0.300804381978287,0.0084311369161933,0,Bull,0.9792502532864392,0.9675583587860239,0.11515781468459092,1.0136639666236738,0.14797803309475635,0.14797803309475635,0.14950259468315302,-0.006401438817111254,0.00031051194976997043,6.210238995399409e-08,-0.006401500919501208,-0.04281824560087459,2.0472914971370377,1.86902169407622
2021-07-02,0.00963202091343982,-0.4343633159007544,-0.1763600558516913,-0.0043919137969806,1,Bear,0.6966243180420449,0.3944975237494733,0.6218035384408098,0.9959949136317143,0.1506031787381848,0.6,0.14797803309475635,0.001425327509498383,0.0015245615883966723,3.049123176793345e-07,0.0014250225971807037,0.00963202091343982,2.050208933783474,1.8870241501212348
2021-07-03,0.022504948021345134,-0.9630016489077056,-1.9293199917909576,0.0013557282984395,1,Bear,0.8672409081012622,0.7345299847732298,0.392027903549046,0.9035769099028471,0.16600689809141764,0.6,0.6,0.013502968812807081,0.45202196690524366,9.040439338104873e-05,0.013412564419426032,0.022504948021345134,2.0777074931811277,1.929491530534736
2021-07-04,0.017703918010918158,-0.9471451793581,-1.6203273248181778,-0.0032605123242047,1,Bear,0.9592686094041317,0.9185578166873983,0.1704385431092151,0.8969875566182468,0.16722640006904713,0.6,0.6,0.010622350806550895,0.0,0.0,0.010622350806550895,0.017703918010918158,2.099777631047097,1.963651090394084
2021-07-05,-0.04467475626166748,-0.8296889402624751,-1.2588819460851703,-0.0075304229833677,0,Bull,0.7517203526943954,0.5045144663963332,0.5673535734165956,0.9098230284408175,0.16486722726402966,0.16486722726402966,0.6,-0.02680485375700049,0.0,0.0,-0.02680485375700049,-0.04467475626166748,2.0434933987246584,1.8759254565477708
2021-07-06,0.014392210079461632,-0.7736315254606556,-1.1646157465235007,0.0039116681526994,1,Bear,0.8429660611213688,0.6860369794675308,0.43559007752252266,0.8933101976741168,0.16791479643974758,0.6,0.16486722726402966,0.0023728037700022596,0.4351327727359703,8.702655454719406e-05,0.0022857772154550654,0.014392210079461632,2.048164369375396,1.9029241698118162
2021-07-07,-0.011157826650301255,-0.8687649143456656,-1.234947299662026,-0.0002463013600487,1,Bear,0.9814525845454944,0.9629183916588993,0.09243979435382496,0.8935837584324985,0.16786339118688337,0.6,0.6,-0.006694695990180753,0.4351327727359703,8.702655454719406e-05,-0.006781722544727947,-0.011157826650301255,2.034274286896294,1.8816916717963874
2021-07-08,-0.029311778537964177,-0.9534844548997896,-0.6278843992550519,-0.0106096466719106,1,Bear,0.7701513880119606,0.5404652818500276,0.5404346937075619,0.8653252028787249,0.17334523425526813,0.6,0.6,-0.017587067122778504,0.0,0.0,-0.017587067122778504,-0.029311778537964177,1.9984973684665068,1.8265359422359602
2021-07-09,0.02761736344787324,-0.9519157674961491,-0.8650771036399264,-0.0086269575845196,1,Bear,0.757763463037942,0.5156279053400056,0.5545311105768624,0.8759390939453932,0.1712447829270549,0.6,0.6,0.016570418068723943,0.0,0.0,0.016570418068723943,0.02761736344787324,2.0316133053712413,1.876980049203294
2021-07-10,-0.0082442012335933,-1.5411093216653264,-1.2193383056086011,-0.0013408465789047,1,Bear,0.9745936802699612,0.9491877443582311,0.11839670199919981,0.8759582907713841,0.1712410300585287,0.6,0.6,-0.00494652074015598,0.0,0.0,-0.00494652074015598,-0.0082442012335933,2.021563888020246,1.8615058479662223
2021-07-11,0.021242252673874872,-1.9311350078530896,-1.4123998520712493,2.9161939977876555e-05,1,Bear,0.9709679822870285,0.9419360432372152,0.13136218320166174,0.7067737466682433,0.21223199178960078,0.6,0.6,0.012745351604324924,0.0,0.0,0.012745351604324924,0.021242252673874872,2.04732943056367,1.9010484255426165
2021-07-12,-0.032180926347831006,-2.74998703726456,-0.992555271182074,-0.004175457999528,1,Bear,0.9324369138984195,0.8648738295035989,0.24728933009289294,0.7155722779544071,0.20962243035574568,0.6,0.6,-0.019308555808698603,0.0,0.0,-0.019308555808698603,-0.032180926347831006,2.0077984559948403,1.8398709261765696
2021-07-13,-0.013782086425800635,-2.495025336439435,-1.6231493353117457,-0.0010695195770953,1,Bear,0.9858209870016292,0.971641975368812,0.07442380679312381,0.6994232996504818,0.21446240077354944,0.6,0.6,-0.008269251855480381,0.0,0.0,-0.008269251855480381,-0.013782086425800635,1.9911954648871744,1.8145136660596863
2021-07-14,0.0036725998364308425,-2.259369387852796,-1.1619627814292406,-0.0058584722993838,1,Bear,0.9910743495200918,0.982148702952077,0.051004351185338345,0.6877497496108474,0.2181025875834563,0.6,0.6,0.0022035599018585053,0.0,0.0,0.0022035599018585053,0.0036725998364308425,1.9955831833703626,1.8211776486528588
2021-07-15,-0.032249468356842406,-2.198401664750603,-1.0769136741447711,-0.0106595257240336,1,Bear,0.7324805632550383,0.46496132077862,0.5807789166486675,0.579368875076179,0.25890241338953024,0.6,0.6,-0.019349681014105443,0.0,0.0,-0.019349681014105443,-0.032249468356842406,1.9569692853350331,1.7624456377004398
2021-07-16,-0.01136653085848622,-2.1309363071678757,-0.6424889876656232,-0.0171812824305058,0,Bull,0.5256177029619293,0.05123571604640098,0.6918387987378102,0.57614138203165,0.26035276180137296,0.26035276180137296,0.6,-0.006819918515091732,0.0,0.0,-0.006819918515091732,-0.01136653085848622,1.9436229142725108,1.7424127449731133
2021-07-17,0.003543169217346287,-1.9486261124666295,-1.2645768414221932,-0.0100364633174704,1,Bear,0.8652410285288907,0.7304822216484669,0.3953366175254262,0.468746632287157,0.32000229904181815,0.6,0.26035276180137296,0.0009224738912657149,0.339647238198627,6.792944763972541e-05,0.0008545444436259895,0.003543169217346287,1.9452838264344068,1.7485864081750138
2021-07-18,0.008329203113175575,-1.7053731617348562,-1.157609602838186,-0.0056142054096751,2,Bear,1.0,1.0,1.8679869187850501e-211,0.471956293946486,0.3178260400888056,0.6,0.6,0.004997521867905345,0.339647238198627,6.792944763972541e-05,0.00492959242026562,0.008329203113175575,1.9548732828404634,1.7631507395296417
2021-07-19,-0.031272502988710885,-1.6021078571776914,-0.8298401301273037,-0.0126032259747035,2,Bear,0.9988598560378148,0.9977197144543883,0.00886582766408361,0.4399505178964133,0.3409474336277918,0.6,0.6,-0.01876350179322653,0.0,0.0,-0.01876350179322653,-0.031272502988710885,1.9181930144923558,1.7080126027581533
2021-07-20,-0.033338555734212405,-1.4702458631226367,-0.2936728061050426,-0.0128210434501775,2,Bear,0.9978508818520282,0.9957017746763331,0.015348334880744439,0.4488218802923902,0.3342083053131919,0.6,0.6,-0.020003133440527444,0.0,0.0,-0.020003133440527444,-0.033338555734212405,1.8798231436587778,1.6510699294063633
2021-07-21,0.07443417235693212,-1.1521335273429243,0.8365605754449723,0.0043390971929061,2,Bear,0.9080014445480395,0.8160029947679184,0.30713907782195626,0.5439539035365822,0.2757586608437899,0.6,0.6,0.04466050341415927,0.0,0.0,0.04466050341415927,0.07443417235693212,1.963776991584166,1.7739659531051444
2021-07-22,0.006283788882169604,-1.0851758699598693,-1.1313278308039922,0.0048872211258708,2,Bear,0.9984983674557315,0.9969993021091128,0.011281843514372818,0.5427385025094216,0.27637619093993815,0.6,0.6,0.0037702733293017623,0.0,0.0,0.0037702733293017623,0.006283788882169604,1.971180967600232,1.785113180638614
2021-07-23,0.038503942271904575,-0.9988022467840904,-0.2060026631391869,0.0109221689576166,2,Bear,0.9957552833613709,0.9915123681915523,0.02743646699986494,0.5608396073451023,0.26745614616996954,0.6,0.6,0.023102365363142745,0.0,0.0,0.023102365363142745,0.038503942271904575,2.016719910510606,1.8538470754947394
2021-07-24,0.020948244356669858,-0.9531049532633372,-0.4243576958405929,0.0213663184266927,2,Bear,0.9932234804342316,0.9864498439398155,0.04062268388441141,0.5631505151266777,0.2663586305452607,0.6,0.6,0.012568946614001915,0.0,0.0,0.012568946614001915,0.020948244356669858,2.0420679554012087,1.8926819170321008
2021-07-25,0.030378619797658737,-0.922364570354108,-0.5936689804134901,0.0341097535330669,2,Bear,0.8826543448496501,0.7653118991556881,0.36163975053058905,0.543360600966367,0.2760597653440919,0.6,0.6,0.018227171878595242,0.0,0.0,0.018227171878595242,0.030378619797658737,2.0792890790120784,1.950178981387523
2021-07-26,0.05469542869161192,0.0955023247192211,3.81344484045938,0.0301620048000029,0,Bull,0.9990717067313141,0.9981434143109698,0.007409369693215229,0.5861532340448207,0.25590577904843587,0.25590577904843587,0.6,0.03281725721496715,0.0,0.0,0.03281725721496715,0.05469542869161192,2.14752564354229,2.0568448567998847
2021-07-27,0.0539428534880362,0.315025129893746,1.408745624385285,0.0396938177211762,0,Bull,0.9999878477525139,0.9999788117308087,0.0001566094418357129,0.6181942010660235,0.24264219842460136,0.24264219842460136,0.25590577904843587,0.01380428794595154,0.3440942209515641,6.881884419031282e-05,0.013735469101761226,0.0539428534880362,2.177022915664405,2.1677969375578616
2021-07-28,0.01483512651645551,0.4067565131268744,1.7016748397678378,0.0349600545700864,0,Bull,0.999893809366738,0.999825362940467,0.0011469618234849323,0.5959335675376997,0.25170590846187024,0.25170590846187024,0.24264219842460136,0.0035996277118598634,0.013263580623834509,2.652716124766902e-06,0.0035969749957350966,0.01483512651645551,2.1848536126571925,2.199956479388517
2021-07-29,0.00031287370059631146,0.518959534061442,0.2748215384829628,0.0308329804388717,0,Bull,0.9586604618041444,0.9176177001997732,0.17393892856218912,0.5916509338767808,0.25352786822650314,0.25352786822650314,0.25170590846187024,7.875215904242176e-05,0.009063710037268885,1.8127420074537772e-06,7.693941703496799e-05,0.00031287370059631146,2.1850217140204573,2.2006447879133746
2021-07-30,0.0541722306526184,1.1939485476845155,0.9230210912114865,0.0355917026098636,0,Bull,0.9995402784166373,0.9990808105592603,0.003994682605659064,0.6173753640532939,0.24296401951512192,0.24296401951512192,0.25352786822650314,0.01373417015443277,0.0018219597646328967,3.6439195292657933e-07,0.013733805762479845,0.0541722306526184,2.215030377827615,2.3198586249487003
2021-07-31,-0.014532545375150554,1.4408289832279628,0.0078186468985647,0.0217461077965111,0,Bull,0.7732313762014419,0.5464752791038062,0.5354775918102394,0.6254554133018878,0.23982524862663498,0.23982524862663498,0.24296401951512192,-0.003530885638132474,0.010563848711381219,2.1127697422762438e-06,-0.0035329984078747503,-0.014532545375150554,2.207204679029356,2.286145174217699
2021-08-01,-0.04047804375571393,1.568733417012826,0.1019305531685477,0.0028619283477611,1,Chop,0.5575000727000922,0.11500809181274058,0.6866147916254575,0.6370423889549695,0.2354631380904906,0.2354631380904906,0.23982524862663498,-0.009707656907633902,0.003138770888486936,6.277541776973872e-07,-0.0097082846618116,-0.04047804375571393,2.1857765076984563,2.1936064898238006
2021-08-02,-0.01952524946480863,1.5032923346099163,-0.0732484342262019,-0.0040101468484916,1,Chop,0.9323092974552929,0.8646286016561239,0.24772238923901968,0.6415057358679445,0.23382487733652604,0.23382487733652604,0.2354631380904906,-0.004597476510983512,0.004362110536144381,8.724221072288763e-07,-0.004598348933090741,-0.01952524946480863,2.175725544626306,2.1507757758823676
2021-08-03,-0.0271224912051319,1.3599055398478297,-0.0292955144045725,-0.0094972198296373,1,Chop,0.9809294314038611,0.9618736216438756,0.09452004038480362,0.6597092695221091,0.22737288519329044,0.22737288519329044,0.23382487733652604,-0.006341913179100973,0.00163826075396456,3.27652150792912e-07,-0.006342240831251766,-0.0271224912051319,2.1619265692395797,2.0924413788167873
2021-08-04,0.04094316463847637,1.1834133588252205,-0.1599748097287315,-0.0121430330324657,1,Chop,0.9835369048781448,0.9670990095745094,0.08412326245812712,0.6489484034813323,0.23114318364189473,0.23114318364189473,0.22737288519329044,0.009309365472794278,0.0064519921432356075,1.2903984286471215e-06,0.00930807507436563,0.04094316463847637,2.1820499440513275,2.1781125506860435
2021-08-05,0.027838357371246687,1.579971194202669,0.9951391571597518,-0.0036688524831862,1,Chop,0.8516329158189491,0.7032972702930996,0.4201635300429287,0.6443729330937041,0.2327844518233157,0.2327844518233157,0.23114318364189473,0.0064346465501507666,0.003770298448604298,7.540596897208596e-07,0.006433892490461046,0.027838357371246687,2.19608901880017,2.238747626266839
2021-08-06,0.04653814062641624,1.5939836266954233,1.236676233663511,0.0137343843932397,0,Bull,0.8352531460123113,0.6705171950241572,0.44757390369304767,0.658097358546604,0.22792980104231425,0.22792980104231425,0.2327844518233157,0.010833355554596682,0.0016412681814209629,3.282536362841926e-07,0.010833027300960398,0.04653814062641624,2.2198793110961716,2.3429347781251004
2021-08-07,0.03981881145877593,1.3982615817106794,1.312223779455866,0.0256031965779566,0,Bull,0.9958621663443699,0.9917260491038146,0.02685104916723594,0.6654035503822877,0.22542711098223323,0.22542711098223323,0.22792980104231425,0.009075893773540221,0.004854650781001446,9.709301562002892e-07,0.009074922843384021,0.03981881145877593,2.2400245445659936,2.436227656315473
2021-08-08,-0.017151523902089738,1.2855889847475186,0.7750604803952237,0.0275973900385651,0,Bull,0.9809873984735,0.9619813753271909,0.09423005419396464,0.6482917870374763,0.23137729491447165,0.23137729491447165,0.22542711098223323,-0.0038664184821908094,0.0025026900600810253,5.005380120162051e-07,-0.0038669190202028254,-0.017151523902089738,2.2313625510488904,2.394442639437246
2021-08-09,0.056962712090068326,1.2351825727905843,0.9725185306131314,0.0308012995288834,0,Bull,0.9990795974214506,0.9981596742428681,0.007358340183877272,0.6264630720771922,0.2394394924231338,0.2394394924231338,0.23137729491447165,0.013179878234391878,0.005950183932238423,1.1900367864476847e-06,0.013178688197605431,0.056962712090068326,2.260768982364977,2.5308365861236934
2021-08-10,-0.01697414139260822,0.9251755642967202,0.3038333339168687,0.0218387997761125,0,Bull,0.7794085874185778,0.5589707520411017,0.5289254830892937,0.6009245546679014,0.2496153615871079,0.2496153615871079,0.2394394924231338,-0.0040642797993646175,0.008062197508662161,1.6124395017324324e-06,-0.00406589223886635,-0.01697414139260822,2.2515769393057097,2.487877808069244
2021-08-11,0.0001887605723412682,0.8817476928161774,0.325787225297566,0.0125689237652975,1,Chop,0.7954159953712128,0.5911304916711245,0.5089393914825883,0.6036716405208568,0.24847945460975737,0.24847945460975737,0.2496153615871079,4.71175385183551e-05,0.010175869163974088,2.035173832794818e-06,4.508236468556029e-05,0.0001887605723412682,2.251678445718405,2.48834742130821
2021-08-12,-0.025891753544200504,0.917795464619903,0.183409753599665,-0.0005731892352977,1,Chop,0.9766292770398647,0.9533880827267378,0.11168436244092497,0.6224355565612285,0.24098880344931678,0.24098880344931678,0.24847945460975737,-0.006433568799553193,0.001135906977350526,2.271813954701052e-07,-0.006433795980948663,-0.025891753544200504,2.2371916059839534,2.423919743143351
2021-08-13,0.07300947971891747,0.9617170636014052,-0.1613445305278575,0.0174590114889036,1,Chop,0.8185581772216471,0.6371595453086913,0.47397629335173036,0.671415346180057,0.22340865583935238,0.22340865583935238,0.24098880344931678,0.017594467157919083,0.007490651160440592,1.4981302320881186e-06,0.017592969027686995,0.07300947971891747,2.2765504486170305,2.6008888624706588
2021-08-14,-0.014677743757973101,1.1250429646838784,-0.3403023729153198,0.0031309203192953,1,Chop,0.9923486770459975,0.9847301719414189,0.04511758923830824,0.6811693720777808,0.2202095486801657,0.2202095486801657,0.22340865583935238,-0.003279135003723215,0.017580147609964403,3.5160295219928807e-06,-0.003282651033245208,-0.014677743757973101,2.269077327934643,2.562713682204348
2021-08-15,-0.0010609584864258955,-1.128875176732798,-0.2865275245658503,0.0063135569005318,2,Bear,0.9819341212767954,0.9657337395100692,0.09641455242971883,0.6590052122610721,0.22761580213507607,0.6,0.2202095486801657,-0.00023363318946423818,0.0031991071591866704,6.398214318373341e-07,-0.0002342730108960755,-0.0010609584864258955,2.2685457443570716,2.5599947493749338
2021-08-16,-0.02240830692116523,-1.3537941801485391,0.1050935272592412,0.0017941434018305,2,Bear,0.9987518691194642,0.9975038014173926,0.009593177771050492,0.6452432574745548,0.23247046484002237,0.6,0.6,-0.013444984152699138,0.37979045131983424,7.595809026396685e-05,-0.013520942242963106,-0.02240830692116523,2.2378728683721,2.5026296013143687
2021-08-17,-0.02886919903458737,-1.2608758219918823,0.3140144951975426,0.0011986543037531,2,Bear,0.9982111448292975,0.9964223562085417,0.013104618304782744,0.6627846156503012,0.2263178662540699,0.6,0.6,-0.01732151942075242,0.0,0.0,-0.01732151942075242,-0.02886919903458737,2.1991095100214175,2.430380689244174
2021-08-18,0.002364966650012081,-1.266335429262723,-0.014296275966178,-0.0129302483100279,2,Bear,0.9984666936392076,0.9969334684020779,0.011469339641920602,0.6625307693753232,0.22640457912834702,0.6,0.6,0.0014189799900072486,0.0,0.0,0.0014189799900072486,0.002364966650012081,2.2022300024119725,2.43612845852107
2021-08-19,0.04188585333234935,-1.8012199571595116,1.0323126015838773,-0.0016175288919634,2,Bear,0.9971002975543352,0.9942005951443094,0.01983888301155825,0.6471477239651277,0.23178633632663898,0.6,0.6,0.02513151199940961,0.0,0.0,0.02513151199940961,0.04188585333234935,2.257575372143049,2.538167777833446
2021-08-20,0.05459790698385328,-1.6267440426833064,0.4144743098074824,0.0095142442020924,2,Bear,0.9937694882729672,0.9875389777192974,0.037851468825636475,0.6738127281482237,0.222613782337165,0.6,0.6,0.03275874419031197,0.0,0.0,0.03275874419031197,0.05459790698385328,2.3315307062494313,2.6767464260770106
2021-08-21,-0.008828701235467067,-1.83433957814571,1.5866141495413293,0.012230165339232,2,Bear,0.9972688782299685,0.9945377564644227,0.018849317787711744,0.6424543566148578,0.23347962147904439,0.6,0.6,-0.00529722074128024,0.0,0.0,-0.00529722074128024,-0.008828701235467067,2.319180073433355,2.6531142315980722
2021-08-22,0.008473475397263706,-1.7077504045376273,-1.8596186803718064,0.0196987002256022,2,Bear,0.9993671897504843,0.9987343797368057,0.0052934763179323255,0.6286530707829594,0.23860537229728582,0.6,0.6,0.005084085238358223,0.0,0.0,0.005084085238358223,0.008473475397263706,2.3309709826097924,2.675595329765649
2021-08-23,0.0045413466832814305,-1.632041500868849,0.0752991403268887,0.0201339762322561,2,Bear,0.9983025023765728,0.996605005959823,0.01252373285586116,0.6054235711973052,0.2477604228447121,0.6,0.6,0.002724808009968858,0.0,0.0,0.002724808009968858,0.0045413466832814305,2.3373224310142127,2.6877461357422834
2021-08-24,-0.03784489433094968,-1.546463019502898,0.244634890709751,0.0041878266995963,2,Bear,0.9982305932332908,0.9964611897400247,0.012980813920354582,0.628836371502271,0.23853582075994514,0.6,0.6,-0.02270693659856981,0.0,0.0,-0.02270693659856981,-0.03784489433094968,2.2842489987627577,2.586028667246698
2021-08-25,0.02596012195042943,-2.0632956002331437,-0.4864855837980844,-0.0015397303070884,2,Bear,0.9996819865183213,0.9993639730467981,0.0028790582053478723,0.6278130156944823,0.23892464197173588,0.6,0.6,0.015576073170257656,0.0,0.0,0.015576073170257656,0.02596012195042943,2.319828628306574,2.653162286815729
2021-08-26,-0.0421022974523753,-1.92088354092472,-0.4142692350124868,-0.00819444955047,2,Bear,0.9987335617150735,0.997467123488765,0.009714739372406384,0.6401622220997194,0.23431560754710418,0.6,0.6,-0.02526137847142518,0.0,0.0,-0.02526137847142518,-0.0421022974523753,2.2612265593380747,2.541458059026789
2021-08-27,0.04409943030226678,-1.6329060761593532,0.2199963548750723,-0.0010692585694694,2,Bear,0.99809887478787,0.9961977508571916,0.013810473987563729,0.6449297799081024,0.23258346051468404,0.6,0.6,0.02645965818136007,0.0,0.0,0.02645965818136007,0.04409943030226678,2.321057841168773,2.653534911566975
2021-08-28,-0.0031903644385737097,-1.556201179461642,-1.4724378087085288,-0.0026156007938404,2,Bear,0.9997733554765603,0.9995467134209346,0.002128679300152695,0.6385212502070023,0.23491778848608635,0.6,0.6,-0.0019142186631442258,0.0,0.0,-0.0019142186631442258,-0.0031903644385737097,2.3166148289309705,2.6450691681485976
2021-08-29,-0.0014850847584068098,-1.6180549160480833,-1.992788880443016,0.004656361120668,2,Bear,0.9998169197897444,0.9996338402539074,0.0017585850919922558,0.5954112010006712,0.2519267352510402,0.6,0.6,-0.0008910508550440859,0.0,0.0,-0.0008910508550440859,-0.0014850847584068098,2.314550607306844,2.6411410162420483
2021-08-30,-0.03702463994727715,-1.511241645835918,-0.2473479305810827,-0.0079405912588732,2,Bear,0.9983820833159263,0.9967641736097494,0.012014429508270376,0.6139400615426412,0.24432352504102184,0.6,0.6,-0.02221478396836629,0.0,0.0,-0.02221478396836629,-0.03702463994727715,2.2631333655816714,2.543353721065701
2021-08-31,0.002371071858731938,-1.3759178197530295,0.5774051856285917,0.0009540826033482,2,Bear,0.9990580745831555,0.9981161610936992,0.007504572994957627,0.6139153749711606,0.24433334970157156,0.6,0.6,0.001422643115239163,0.0,0.0,0.001422643115239163,0.002371071858731938,2.266352996683084,2.5493841955005214
2021-09-01,0.03500565378801719,-1.2984626642885309,1.6358437368426202,-0.0008646726995017,2,Bear,0.9924204903822144,0.9848409824531978,0.04455623100433007,0.6164607870344412,0.24332447927725143,0.6,0.6,0.021003392272810315,0.0,0.0,0.021003392272810315,0.03500565378801719,2.313954097701078,2.6386270560208556
2021-09-02,0.00979272478817146,-1.2861768829681164,1.5264570502877248,0.0017319451458473,2,Bear,0.9966219511010501,0.9932439053961566,0.02259502630957495,0.5358571626680152,0.2799253428901742,0.6,0.6,0.005875634872902875,0.0,0.0,0.005875634872902875,0.00979272478817146,2.327550047091827,2.664466404599091
2021-09-03,0.014044128006187486,-1.173186408406346,2.0345104583520506,0.0048377876987661,2,Bear,0.9917856471285847,0.9835712956454664,0.04762481890551564,0.5331578776770057,0.28134255589274443,0.6,0.6,0.008426476803712491,0.0,0.0,0.008426476803712491,0.014044128006187486,2.3471630935731262,2.701886511853467
2021-09-04,-0.0016154849967335088,-1.2214882434753265,0.6970142303198853,0.0119196186888749,2,Bear,0.9976106310681084,0.9952213217505955,0.016811169097252034,0.533244595269341,0.28129680325073947,0.6,0.6,-0.0009692909980401052,0.0,0.0,-0.0009692909980401052,-0.0016154849967335088,2.3448880095155937,2.6975216547306915
2021-09-05,0.035575435016673145,-1.2192081245804225,-0.8365903129550579,0.0185604913204631,2,Bear,0.996368119358841,0.9927364290645417,0.024031266288985692,0.5377078438138171,0.2789618967357633,0.6,0.6,0.021345261010003887,0.0,0.0,0.021345261010003887,0.035575435016673145,2.3949402561179323,2.7934871610646317
2021-09-06,0.0168631403802205,-1.360531715827126,0.9363947260914748,0.0149319886389038,2,Bear,0.9965331496933838,0.9930663062453675,0.023098934793614568,0.5159729082824484,0.29071293781550367,0.6,0.6,0.0101178842281323,0.0,0.0,0.0101178842281323,0.0168631403802205,2.419171984362627,2.840594127212008
2021-09-07,-0.11723249529729855,1.7613842690484198,3.5034999079577105,-0.0104730553781901,0,Bull,0.9999999958403976,0.9999999916870367,8.44778885170817e-08,0.7442859745260576,0.20153543817014177,0.20153543817014177,0.6,-0.07033949717837913,0.0,0.0,-0.07033949717837913,-0.11723249529729855,2.249008643394538,2.5075841895520923
2021-09-08,-0.015494793572991005,1.7514752173725103,1.399912169302568,-0.0163808396940258,0,Bull,0.9973043701479806,0.9946097575385641,0.018648707446343286,0.7256345450570991,0.20671562706292698,0.20671562706292698,0.20153543817014177,-0.0031227500120886388,0.39846456182985823,7.969291236597165e-05,-0.0032024429244546103,-0.015494793572991005,2.241806321577462,2.468729690168087
2021-09-09,0.006488390533953229,1.6958981445896986,0.2021804223472141,-0.0147600645878885,0,Bull,0.8162651821044046,0.6325359248473116,0.4770731905725296,0.6830949120048292,0.21958881169201208,0.21958881169201208,0.20671562706292698,0.0013412517178553014,0.005180188892785209,1.0360377785570418e-06,0.0013402156800767443,0.006488390533953229,2.2448108255613355,2.4847477725206626
2021-09-10,-0.03303518664446581,1.689838484677208,0.2659240982380405,-0.0284821889201163,0,Bull,0.9824589995034386,0.9649183456117468,0.0883123738470941,0.6947363917552399,0.21590923086816785,0.21590923086816785,0.21958881169201208,-0.007254157379282075,0.0128731846290851,2.57463692581702e-06,-0.007256732016207892,-0.03303518664446581,2.2285208349731542,2.402663666091022
2021-09-11,0.0070499394103558715,1.5714790292365426,-0.3323085370190312,-0.0304448291140892,0,Bull,0.9662446455190098,0.9324904565969476,0.14757620373446614,0.6942604167398438,0.21605725514984764,0.21605725514984764,0.21590923086816785,0.001522146995757121,0.0036795808238442307,7.359161647688462e-07,0.001521411079592352,0.0070499394103558715,2.2319113312625847,2.419602299360427
2021-09-12,0.01888655452823882,1.455164655675133,-1.0546560711793058,-0.0032210191489817,1,Chop,0.7913882669458704,0.5828041140958147,0.5123854032702225,0.7004713296540973,0.21414152678321913,0.21414152678321913,0.21605725514984764,0.004080577130609205,0.0001480242816797872,2.9604856335957444e-08,0.004080547525752869,0.01888655452823882,2.2410187515230677,2.4653002501239496
2021-09-13,-0.024174296052118335,1.5023033478772665,0.4316239924870966,-0.0049569196448072,1,Chop,0.9096418527735977,0.8192990241414664,0.303513983395139,0.6900053122449271,0.21738963068556114,0.21738963068556114,0.21414152678321913,-0.005176720665510167,0.0019157283666285108,3.831456733257022e-07,-0.0051771038111834925,-0.024174296052118335,2.229416764803624,2.405703352020092
2021-09-14,0.046272006777909304,1.349023282277486,0.1296713533197746,0.0029998036039839,1,Chop,0.9614396497613827,0.922894311037985,0.16347442687131367,0.7114821608571033,0.21082749259559658,0.21082749259559658,0.21738963068556114,0.010059054464529486,0.003248103902342009,6.496207804684018e-07,0.010058404843749017,0.046272006777909304,2.2518411411894603,2.517020073830405
2021-09-15,0.022754601314508963,1.141218307196715,-0.8022792119824509,0.0141577611957789,1,Chop,0.9948488376817302,0.9897260781939623,0.03245297335829184,0.6949158021187541,0.2158534883545021,0.2158534883545021,0.21082749259559658,0.004797295540150391,0.006562138089964559,1.3124276179929118e-06,0.004795983112532398,0.022754601314508963,2.2626409332747106,2.574293862111032
2021-09-16,-0.0081907394359386,0.9885393599743416,-0.6334586786419563,0.01110962542652,1,Chop,0.997951283938384,0.9959580811710534,0.014984344291710305,0.6684440067992219,0.22440174266541812,0.22440174266541812,0.2158534883545021,-0.0017679996794501337,0.005025995758905527,1.0051991517811055e-06,-0.0017690048786019148,-0.0081907394359386,2.2586383104252232,2.5532084918549445
2021-09-17,-0.010854079709278335,0.9166627827185142,-0.9832164312617552,0.0051614985790165,1,Chop,0.9985791176314335,0.997245569430415,0.011064049204486615,0.6696572822123937,0.22399517482201414,0.22399517482201414,0.22440174266541812,-0.002435674401791413,0.00854825431091602,1.709650862183204e-06,-0.0024373840526535962,-0.010854079709278335,2.25313314142668,2.5254957633699444
2021-09-18,0.02116012615402399,0.8187631665897067,-1.0357649657724983,0.014228383020245,1,Chop,0.9968875339731866,0.9939243678523586,0.021672945303400033,0.6767471479285674,0.22164851445496292,0.22164851445496292,0.22399517482201414,0.004739766157126477,0.0004065678434039821,8.131356868079642e-08,0.004739684843557797,0.02116012615402399,2.263812282427618,2.5789355723243057
2021-09-19,-0.021314594702563614,0.7291666808336549,-1.1633712021340712,0.0007110627241504,2,Chop,1.0,1.0,6.948589961266403e-109,0.6636909985468177,0.22600879073007163,0.22600879073007163,0.22164851445496292,-0.0047243482520328475,0.002346660367051223,4.6933207341024467e-07,-0.004724817584106257,-0.021314594702563614,2.253116182348488,2.5239666058361894
2021-09-20,-0.09810793836995628,0.8110240748806192,0.7039354058692374,-0.0234614452127425,1,Bear,0.9999127391353224,0.9998501603799348,0.0009548252892519183,0.785127274940645,0.1910518266116024,0.6,0.22600879073007163,-0.022173256512014215,0.00436027627510871,8.72055255021742e-07,-0.022174128567269236,-0.09810793836995628,2.203155294444098,2.276345445622985
2021-09-21,-0.051488267863326775,0.9166117690741464,1.145832580072004,-0.0321209508982202,1,Bear,0.9999991970069919,0.9999984859039323,1.2358549415329925e-05,0.7878159502435641,0.19039980080833022,0.6,0.6,-0.030892960717996062,0.37399120926992835,7.479824185398568e-05,-0.030967758959850048,-0.051488267863326775,2.134928512334636,2.1591403615692846
2021-09-22,0.06839960199678301,0.935093405405245,0.0086232602155399,-0.0162702145570079,1,Bear,0.9999607695480416,0.9999275747849719,0.0004541070313777589,0.8520268857119317,0.17605078256968834,0.6,0.6,0.041039761198069805,0.0,0.0,0.041039761198069805,0.06839960199678301,2.2225454686557997,2.3068247029558138
2021-09-23,0.02985630902322461,0.7937980217894194,-0.367062284682925,-0.0145309779831678,1,Bear,0.9998329510738394,0.9996844491924488,0.0016781398911092167,0.861865372829539,0.17404110285524513,0.6,0.6,0.017913785413934766,0.0,0.0,0.017913785413934766,0.02985630902322461,2.262359671254013,2.375697974149671
2021-09-24,-0.04686219528987527,1.218842543507246,0.5361220466671944,-0.0196404981006301,1,Bear,0.9999950411718812,0.999992264173145,6.89290286907548e-05,0.8795327537508673,0.17054509836081483,0.6,0.6,-0.028117317173925162,0.0,0.0,-0.028117317173925162,-0.04686219528987527,2.1987481868158665,2.264367551735308
2021-09-25,-0.002878952738409655,1.234411954672835,-0.6892167327466864,-0.0005947009743208,1,Bear,0.9996998535971399,0.9994572525896761,0.0028813465964411976,0.8582936391156685,0.17476536369831486,0.6,0.6,-0.0017273716430457932,0.0,0.0,-0.0017273716430457932,-0.002878952738409655,2.1949501315477624,2.2578485445714738
2021-09-26,0.011450682044497961,2.3870164564057625,-0.7360061152433658,0.0119930890072441,1,Bear,0.991261318834932,0.9825226869814495,0.05012234617155006,0.8553949597128379,0.17535759159763586,0.6,0.6,0.006870409226698776,0.0,0.0,0.006870409226698776,0.011450682044497961,2.210030337183692,2.283702450359994
2021-09-27,-0.022771582829569807,-1.9964260007004595,-0.7135569166580752,-0.0062411479580264,2,Chop,0.9916388267253868,0.9834901899851084,0.04931757971523948,0.7105477164418968,0.2111047527548642,0.2111047527548642,0.6,-0.013662949697741884,0.0,0.0,-0.013662949697741884,-0.022771582829569807,2.1798348038562674,2.23169893085353
2021-09-28,-0.028852332947741827,-2.0442127983666847,-0.7609720824227083,-0.0179828763522197,2,Chop,0.9999443736983626,0.9998903451477726,0.0006078342261107095,0.7165522224672144,0.2093357543202138,0.2093357543202138,0.2111047527548642,-0.006090864613334061,0.3888952472451358,7.777904944902716e-05,-0.0061686436627830885,-0.028852332947741827,2.1663881797075453,2.1673092102614246
2021-09-29,0.012828924814572349,-1.7645943800000323,-0.6317103729768417,-0.0060446523313301,2,Chop,0.9999626373113851,0.9999412506489775,0.00044377324133844175,0.7191501494231184,0.20857952976902763,0.20857952976902763,0.2093357543202138,0.002685552653175812,0.0017689984346503929,3.537996869300786e-07,0.0026851988534888818,0.012828924814572349,2.1722053627639077,2.1951134571697986
2021-09-30,0.05218276011816411,-1.6229916242393811,-0.4832612339966888,0.0049676902399845,2,Chop,0.9983660448912505,0.9968497847880533,0.012540270163613143,0.7480203802845423,0.20052929566296165,0.20052929566296165,0.20857952976902763,0.010884255567496639,0.0007562245511861798,1.5124491023723598e-07,0.010884104322586402,0.05218276011816411,2.195847872542312,2.3096605361374443
2021-10-01,0.09420841893127979,-0.9270303913234708,1.308351722206295,0.0215192376173409,0,Bull,0.990902009216375,0.9838930609630182,0.05671642449719489,0.8520027029990253,0.17605577948521087,0.17605577948521087,0.20052929566296165,0.01889154789381076,0.008050234106065979,1.6100468212131958e-06,0.018889937846989547,0.09420841893127979,2.2373273023760802,2.527250003514925
2021-10-02,-0.008462113921141138,-0.9354615645418332,-0.6413315338148807,0.0243811313990266,0,Bull,0.8879623122528311,0.7894062028201901,0.3919377226163392,0.8502924592778933,0.176409890930218,0.176409890930218,0.17605577948521087,-0.0014898040624791572,0.024473516177750787,4.894703235550158e-06,-0.0014946987657147074,-0.008462113921141138,2.2339831720187187,2.5058641260779773
2021-10-03,0.010185835179136425,-1.1194096610536235,-1.1512724034651332,0.0321887650244023,0,Bull,0.9372009117685567,0.8793019112173033,0.25180317444051764,0.8427984425178873,0.17797849691305812,0.17797849691305812,0.176409890930218,0.0017968820729846343,0.00035411144500713254,7.082228900142651e-08,0.0017968112506956328,0.010185835179136425,2.2379972181160666,2.531388445047518
2021-10-04,0.018763728593427256,-0.9187349724610688,-0.0432431348956008,0.0333757257801732,0,Bull,0.9922049206766099,0.9867536327638888,0.05037017092363405,0.8239465575666944,0.18205064226857726,0.18205064226857726,0.17797849691305812,0.003339540211542753,0.0015686059828401155,3.1372119656802313e-07,0.003339226490346185,0.018763728593427256,2.245470397712121,2.5788867307949275
2021-10-05,0.047747610534684515,-0.7903593806543276,0.3151307721488143,0.0324886958634773,0,Bull,0.9982972505741569,0.9969653530568097,0.013449614728840348,0.8426868627843489,0.17800206295417986,0.17800206295417986,0.18205064226857726,0.008692483164629202,0.004072145355519141,8.144290711038282e-07,0.008691668735558098,0.047747610534684515,2.2649872825645367,2.7020224100299894
2021-10-06,0.07201410137731079,-0.3155090917954236,2.028058484752958,0.0280498323526835,0,Bull,0.99963699839155,0.9992773568536136,0.003257386769110584,0.889919349331751,0.16855460004621367,0.16855460004621367,0.17800206295417986,0.012818658606952766,0.004048579314397394,8.097158628794788e-07,0.012817848891089886,0.07201410137731079,2.2940195472926894,2.896606125789655
2021-10-07,-0.028498794333346032,-0.2922679624978592,0.2349029294634959,0.0240424962702425,0,Bull,0.9584051366311185,0.923535579770354,0.19138386210179525,0.8999924322631052,0.16666806811120913,0.16666806811120913,0.16855460004621367,-0.004803602880656441,0.009447462907966192,1.8894925815932385e-06,-0.004805492373238034,-0.028498794333346032,2.2829956538541154,2.8140563435460653
2021-10-08,0.0030037607441677503,-0.1105207641030604,-0.1042006667031281,0.0226060813832488,0,Bull,0.9295914150911319,0.8692335935616817,0.28355662758975214,0.8976416585448187,0.1671045439704385,0.1671045439704385,0.16666806811120913,0.0005006310002987268,0.0018865319350045429,3.773063870009086e-07,0.0005002536939117259,0.0030037607441677503,2.2841377308631405,2.822509095522685
2021-10-09,0.01836679291081593,-0.1039455863004037,-0.5091020254119656,0.0225266942467265,0,Bull,0.9091128845891705,0.8291010601735512,0.3378721075577952,0.8907909834250893,0.1683896702942034,0.1683896702942034,0.1671045439704385,0.0030691745535613786,0.0004364758592293738,8.729517184587476e-08,0.0030690872583895327,0.01836679291081593,2.2911479488693396,2.8743495355690447
2021-10-10,-0.003583836316874845,-0.3914140067399368,0.6369179917878706,0.0122604048764147,0,Bull,0.7869960308564307,0.6695525225099112,0.6644266366507228,0.7568576690676074,0.19818785767843097,0.19818785767843097,0.1683896702942034,-0.0006034810157869474,0.0012851263237649013,2.5702526475298025e-07,-0.0006037380410517004,-0.003583836316874845,2.2897646956949296,2.86404833731608
2021-10-11,0.04834896270757248,-0.8512835139311697,1.2989522700705036,0.007527377142467,0,Bull,0.8414998181315044,0.7004467872365252,0.49212255098205127,0.7142354631107337,0.21001477488488174,0.21001477488488174,0.19818785767843097,0.009582177339988143,0.02979818738422757,5.959637476845515e-06,0.009576217702511297,0.04834896270757248,2.311691980908429,3.00252210356966
2021-10-12,-0.02543576350608531,-0.6608521890171263,0.9797891547559172,0.0081399833079192,2,Chop,0.5393286312367263,0.11892101831450697,0.8266332173979435,0.697494335524868,0.21505550993059214,0.21505550993059214,0.21001477488488174,-0.005341886146755596,0.011826917206450765,2.365383441290153e-06,-0.005344251530196886,-0.02543576350608531,2.299337717502115,2.926150661421468
2021-10-13,0.023978814816483514,-0.3374005279901125,0.992104986292687,0.0123349941223823,0,Bull,0.5804892613232414,0.19683118565370178,0.8025943672846799,0.6951457433863449,0.21578208803996615,0.21578208803996615,0.21505550993059214,0.0051567762478901,0.005040735045710398,1.0081470091420797e-06,0.005155768100880958,0.023978814816483514,2.311192569559165,2.9963162862568242
2021-10-14,-0.0013872457018979745,-1.2409916709165418,0.2013793075973249,0.0083841863998395,2,Chop,0.9689179596670747,0.9392135565187959,0.1441232820858608,0.6462378236261084,0.23211269058554052,0.23211269058554052,0.21578208803996615,-0.00029934277418001336,0.0007265781093740153,1.4531562187480309e-07,-0.00029948808980188814,-0.0013872457018979745,2.3105003949113434,2.9921596593671875
2021-10-15,0.0718874583745788,-0.6746689976205611,2.283096683153159,0.0234784453381303,0,Bull,0.9945392451124855,0.9898885773555469,0.036189864783478964,0.6852331781175958,0.218903586093226,0.218903586093226,0.23211269058554052,0.01668599138267953,0.016330602545574363,3.2661205091148726e-06,0.016682725262170416,0.0718874583745788,2.3490458382177857,3.20725841233004
2021-10-16,-0.011458884632588321,-1.8651329388978768,-0.3642222529251919,0.0115168758700981,2,Chop,0.8180652716464373,0.6369226672160796,0.47941148800782313,0.6965276566569057,0.21535397563385872,0.21535397563385872,0.218903586093226,-0.0025083909387021417,0.013209104492314522,2.6418208984629044e-06,-0.0025110327596006045,-0.011458884632588321,2.3431473071642173,3.1705068081962513
2021-10-17,0.010803865067540788,-1.7688691901394995,-1.1241276876747466,0.0187648015848233,2,Chop,0.9877366555983345,0.9755314182857078,0.06652950633323867,0.6739591208307532,0.22256542772965676,0.22256542772965676,0.21535397563385872,0.0023266552945066764,0.003549610459367275,7.09922091873455e-07,0.002325945372414803,0.010803865067540788,2.348597339800202,3.2047605359477234
2021-10-18,0.007646292349290159,-1.607171220041475,0.1700904833432223,0.0154982970913846,2,Chop,0.9955460798519173,0.9911448612197042,0.02884359920431691,0.6416104728462129,0.23378670758691525,0.23378670758691525,0.22256542772965676,0.0017018003272657664,0.007211452095798043,1.4422904191596088e-06,0.0017003580368466068,0.007646292349290159,2.352590796162248,3.2292650719150475
2021-10-19,0.03541344366049976,-1.6376571568272762,0.4742470685258625,0.0228584349638642,2,Chop,0.9087466005879886,0.8176657718359441,0.3066827075916043,0.6435681687696574,0.23307554238855965,0.23307554238855965,0.23378670758691525,0.008279192397702955,0.011221279857258487,2.2442559714516976e-06,0.008276948141731504,0.03541344366049976,2.3720630681807977,3.3436244686041308
2021-10-20,0.026577834542035658,-1.4097194023143909,0.4583709050234685,0.0137965101973556,2,Chop,0.9744632827641444,0.9491213509990364,0.1200110870938111,0.6294774031656366,0.2382929065374726,0.2382929065374726,0.23307554238855965,0.006194643201398357,0.0007111651983555956,1.4223303967111912e-07,0.006194500968358686,0.026577834542035658,2.3867568151536513,3.432490766501393
2021-10-21,-0.059027668390729156,-1.6254180613944265,1.2205368134627037,0.0042827534457274,2,Chop,0.9928861707883965,0.9861554739544341,0.043763348366207905,0.6251825297040022,0.2399299290577085,0.2399299290577085,0.2382929065374726,-0.014065874666956949,0.00521736414891294,1.043472829782588e-06,-0.014066918139786732,-0.059027668390729156,2.3531825024153066,3.229878839782109
2021-10-22,-0.02470225108270476,-0.9803246862732352,-0.0050088880710201,-0.0028184697843216,2,Chop,0.9990873385452402,0.9982998281451648,0.007664899452828026,0.639500468386291,0.23455807683535942,0.23455807683535942,0.2399299290577085,-0.005926809349839056,0.001637022520235898,3.274045040471796e-07,-0.005927136754343103,-0.02470225108270476,2.3392348679155637,3.1500935617150962
2021-10-23,0.011489604888576206,-1.0061689587422644,-1.8855292758090012,-0.0020498072764644,2,Chop,0.9996232864318997,0.999271858918179,0.0034393832213193247,0.6394524079800059,0.23457570591350424,0.23457570591350424,0.23455807683535942,0.002694979626262579,0.005371852222349066,1.0743704444698134e-06,0.002693905255818109,0.011489604888576206,2.3455365450208343,3.1862868921012506
2021-10-24,-0.007566491344887265,-1.080758001375674,-1.657566604381539,-0.0106457942775418,2,Chop,0.9995393278282297,0.9990824877293819,0.004021998177147861,0.6440557835546259,0.23289908084068572,0.23289908084068572,0.23457570591350424,-0.0017749150485153503,1.762907814481518e-05,3.5258156289630364e-09,-0.0017749185743309794,-0.007566491344887265,2.3413734086403046,3.1621778799098386
2021-10-25,0.03402727333400422,-0.9600457423940983,-1.0213129571793436,-0.0091559065191481,2,Chop,0.9987297491413255,0.9974963005769167,0.009906759454155941,0.6314715889475006,0.23754037810317186,0.23754037810317186,0.23289908084068572,0.007924920683004358,0.0016766250728185161,3.353250145637032e-07,0.007924585357989794,0.03402727333400422,2.3599278220720024,3.2697781709602722
2021-10-26,-0.04337718610106227,-1.4493382734071318,-0.3771953639892741,-0.0060258100612147,2,Chop,0.9996784681831002,0.999393399848068,0.0030210582779583795,0.6060047053381563,0.24752283056333463,0.24752283056333463,0.23754037810317186,-0.010303833187497983,0.004641297262486133,9.282594524972266e-07,-0.01030476144695048,-0.04337718610106227,2.335609328833529,3.1279443947293375
2021-10-27,-0.03166384386368273,-1.0474936705837616,0.9538515840477442,-0.0074181286174103,2,Chop,0.9987454228676859,0.9976509169082376,0.010114536642952997,0.6094391533001877,0.2461279344914609,0.2461279344914609,0.24752283056333463,-0.007837524259654222,0.009982452460162772,1.9964904920325545e-06,-0.007839520750146255,-0.03166384386368273,2.3172992710359033,3.0289016518003464
2021-10-28,0.03593449158802419,-0.8306707990138361,1.090667119596722,-0.0025291512775207,2,Chop,0.9957967916704011,0.9936837005658499,0.030107307406865215,0.6242877192153873,0.24027382788904111,0.24027382788904111,0.2461279344914609,0.00884448219156117,0.0013948960718737358,2.7897921437474716e-07,0.008844203212346797,0.03593449158802419,2.337793936692768,3.1377436927279185
2021-10-29,0.026144375505153635,-0.662102148177888,-0.2253059503791966,0.0042130220924874,2,Chop,0.9961104474907128,0.9936248918317102,0.028010557660501176,0.6281642300925536,0.23879105624638802,0.23879105624638802,0.24027382788904111,0.006281809180391747,0.0058541066024197785,1.1708213204839558e-06,0.006280638359071263,0.026144375505153635,2.3524767749671645,3.2197780420695246
2021-10-30,-0.0054647503804892625,-0.859638796760701,-0.8785919001979264,-0.0036853826504112,2,Chop,0.9991083240548733,0.998258042280722,0.007320487070222756,0.6287782510509153,0.23855786956577438,0.23855786956577438,0.23879105624638802,-0.0013049335154798817,0.0014827716426530912,2.9655432853061825e-07,-0.0013052300698084124,-0.0054647503804892625,2.3494062515419514,3.2021827587890344
2021-10-31,-0.009250698649359285,-0.8043045648495573,-0.7845762031201167,0.0031399148399293,2,Chop,0.9988910743696559,0.9979684372932494,0.009155837706669308,0.6020220053160271,0.249160327488791,0.249160327488791,0.23855786956577438,-0.0022068269617861376,0.00023318668061364511,4.663733612272902e-08,-0.0022068735991222603,-0.009250698649359285,2.3442214089118107,3.172560331067303
2021-11-01,-0.005142950065019365,-1.154802839818457,-0.1562893452544205,0.0084440935996619,2,Chop,0.9991604931779359,0.9985446944815608,0.0072718063543547,0.5895737129694032,0.254421112577291,0.254421112577291,0.249160327488791,-0.001281419122458724,0.010602457923016617,2.1204915846033236e-06,-0.0012835396140433272,-0.005142950065019365,2.341212507869384,3.1562440117063626
2021-11-02,0.0357758773484733,-1.740751057085204,0.1189822442028983,0.0084123707517518,2,Chop,0.9980579954237038,0.9961539875000545,0.014253161821480904,0.5992348139004439,0.2503192346646949,0.2503192346646949,0.254421112577291,0.009102138518427281,0.005260785088500003,1.0521570177000006e-06,0.00910108636140958,0.0357758773484733,2.3625200850939154,3.269161410351023
2021-11-03,-0.004062805617150114,-1.145636685607783,-0.1280238122596503,0.002370934527291,2,Chop,0.9996030113610502,0.9993935752854844,0.003780535301577107,0.5998770101443088,0.2500512562798754,0.2500512562798754,0.2503192346646949,-0.00101699839267644,0.004101877912596086,8.203755825192172e-07,-0.0010178187682589592,-0.004062805617150114,2.3601154678109184,3.2558794430096785
2021-11-04,-0.02439903425460908,-2.882966088105185,-0.613921379145133,-0.0014159222475329,2,Chop,0.9999343933642745,0.9998692477773035,0.0007002619610469047,0.5296144415399882,0.28322490520431615,0.28322490520431615,0.2500512562798754,-0.006101009167380714,0.00026797838481951164,5.359567696390233e-08,-0.006101062763057678,-0.02439903425460908,2.3457162552137407,3.1764391289508076
2021-11-05,-0.005328129187967981,-2.3731663379532413,-0.9259845533554104,-0.0006314083552546,2,Chop,0.9999711457285795,0.9999439175955953,0.00033673112616219755,0.5277361012263434,0.2842329710842839,0.2842329710842839,0.28322490520431615,-0.0015090588841785812,0.033173648924440746,6.6347297848881494e-06,-0.0015156936139634693,-0.005328129187967981,2.3421608680655432,3.159514650914041
2021-11-06,0.006551908440948538,-2.370112748419797,-1.195931731861618,0.0017075633459389,2,Chop,0.9999585959600955,0.9999186588096349,0.00046559856960852664,0.5264044348106002,0.2849520066333975,0.2849520066333975,0.2842329710842839,0.0018622684024430015,0.0010080658799677678,2.0161317599355357e-07,0.001862066789267008,0.006551908440948538,2.346522128033089,3.180215501624665
2021-11-07,0.028827681539784322,-2.3248955019225632,-1.706083316453353,0.0003179241842011,2,Chop,0.9999548573452012,0.9999121862062665,0.0005064070616318184,0.5399346578269189,0.27781139407443617,0.27781139407443617,0.2849520066333975,0.008214505701350093,0.0007190355491135669,1.438071098227134e-07,0.00821436189424027,0.028827681539784322,2.3657973099855956,3.271893741333386
2021-11-08,0.06480556096155835,-1.8858142045430537,0.967976268167987,0.0140915974999428,2,Chop,0.8441232195366563,0.6883914482376234,0.4339260567949888,0.5883154772298833,0.2549652453582956,0.2549652453582956,0.27781139407443617,0.018003723234506382,0.007140612558961312,1.4281225117922625e-06,0.01800229511199459,0.06480556096155835,2.4083870913351193,3.483930650647108
2021-11-09,-0.008845099182201409,-1.8605461412761808,1.1401426920005444,0.0172023845144243,2,Chop,0.9307082915207305,0.8614588132570101,0.25215779687679524,0.5798753601596462,0.25867627822417444,0.25867627822417444,0.2549652453582956,-0.002255192883208442,0.022846148716140546,4.56922974322811e-06,-0.0022597621129516704,-0.008845099182201409,2.4029447094327985,3.453114938498223
2021-11-10,-0.02995816542044536,-0.8615034253850755,2.0490576142995387,0.0122763772679288,2,Chop,0.8460750620334654,0.6946806132201438,0.4423622612240275,0.5337865798865911,0.281011186215789,0.281011186215789,0.25867627822417444,-0.007749466733384966,0.003711032865878816,7.422065731757632e-07,-0.0077502089399581415,-0.02995816542044536,2.3843213858635273,3.349665949954882
2021-11-11,-0.0006967481072823624,-1.336031270493862,0.0938555653925233,0.0108266459582827,2,Chop,0.993527913810129,0.9872551550128397,0.0399620193088772,0.5202326167403795,0.28833255580908157,0.28833255580908157,0.281011186215789,-0.0001957940121210225,0.022334907991614583,4.466981598322917e-06,-0.00020026099371934543,-0.0006967481072823624,2.383843899293448,3.3473320765442227
2021-11-12,-0.012300437518712916,-0.8465690767594757,0.0570138154993317,0.0026010221465832,2,Chop,0.9986595455637957,0.9977590167246929,0.011054682778017695,0.5230368500630128,0.2867866766594529,0.2867866766594529,0.28833255580908157,-0.0035466165873404127,0.007321369593292548,1.4642739186585096e-06,-0.0035480808612590713,-0.012300437518712916,2.3753858283781355,3.306158427482307
2021-11-13,0.00487596370827555,-0.9021554555752662,-0.9075154969581676,-0.0093848973040732,2,Chop,0.999055334565521,0.9981252212415839,0.00759867808424093,0.5212712948741177,0.2877580282570972,0.2877580282570972,0.2867866766594529,0.001398361427408447,0.0015458791496286706,3.0917582992573414e-07,0.0013980522515785214,0.00487596370827555,2.3787067418838674,3.32227913598852
2021-11-14,0.015351084638069591,-0.9990822864384192,-1.6472040848411147,-0.004545660540019,2,Chop,0.9995440237023211,0.9991082424476143,0.004046418874369406,0.5056661156529909,0.29663842475641816,0.29663842475641816,0.2877580282570972,0.00441739784705872,0.0009713515976442766,1.9427031952885532e-07,0.004417203576739191,0.015351084638069591,2.3892139738121303,3.3732797241963723
2021-11-15,-0.029592905846716044,-0.9638703793672242,-0.7465603637337213,-0.0044726086252732,2,Chop,0.9989870453413537,0.9980142980377524,0.008165776850449549,0.4849666431135439,0.3092996232420895,0.3092996232420895,0.29663842475641816,-0.008778392974334845,0.008880396499320986,1.7760792998641972e-06,-0.008780169053634709,-0.029592905846716044,2.3682362712167535,3.273454574923593
2021-11-16,-0.05492245425158357,-0.4828748096436236,1.6861415286674244,-0.0153177498541334,2,Chop,0.8875462522436373,0.7760434337776805,0.357100483557268,0.5250376052642207,0.2856938217301859,0.2856938217301859,0.3092996232420895,-0.016987494407545694,0.012661198485671321,2.5322396971342644e-06,-0.016990026647242827,-0.05492245425158357,2.3279998738618137,3.0936684157877146
2021-11-17,0.00343096492223367,-0.8733551877223489,0.61910557589967,-0.0121714693659441,2,Chop,0.9918340391420104,0.983724662555842,0.047730403441176794,0.5018334229701835,0.2989039652086152,0.2989039652086152,0.2856938217301859,0.0009802054808551474,0.023605801511903557,4.721160302380712e-06,0.0009754843205527667,0.00343096492223367,2.3302708012370146,3.1042826836033046
2021-11-18,-0.058423750403308876,-0.2994359099422456,0.9104303322146052,-0.024831412188261,1,Bear,0.6502846029863754,0.3006287163186335,0.6478462597806594,0.5447255114222862,0.2753680465751417,0.6,0.2989039652086152,-0.01746309065790745,0.013210143478429248,2.6420286956858497e-06,-0.017465732686603137,-0.058423750403308876,2.2895709143352123,2.9229188469151515
2021-11-19,0.02046697304630566,0.2436325854703651,0.4483609786083215,-0.0238082345066138,1,Bear,0.9910599878143189,0.9821256788193298,0.051119581243253984,0.5549555297276768,0.27029192784799666,0.6,0.6,0.012280183827783396,0.3010960347913848,6.0219206958276966e-05,0.012219964620825119,0.02046697304630566,2.317549389905259,2.9827421481715026
2021-11-20,0.02678245961804076,0.318996973023967,-0.7751407101505452,-0.0125331614136624,1,Bear,0.9969191371686212,0.9938686526582317,0.02106189452640924,0.5685190907863236,0.2638433826250825,0.6,0.6,0.016069475770824456,0.0,0.0,0.016069475770824456,0.02678245961804076,2.3547911936740302,3.062627319305934
2021-11-21,-0.016326255638854346,-0.1918393458413371,-1.3170271775494298,-0.0048139216911166,0,Bear,1.0,0.9999999999999999,2.481650789037987e-15,0.5719531109441544,0.26225926064531196,0.6,0.6,-0.009795753383312606,0.0,0.0,-0.009795753383312606,-0.016326255638854346,2.331724239871603,3.012626082764406
2021-11-22,-0.042454514477448545,-0.0813704840898859,-0.0049293520722582,-0.013991017571053,1,Bull,0.7610078477770776,0.5958209361649853,0.697648940639629,0.5705961827244196,0.2628829363768201,0.2628829363768201,0.6,-0.025472708686469125,0.0,0.0,-0.025472708686469125,-0.042454514477448545,2.272328907572175,2.8847265051185453
2021-11-23,0.022481248103212805,-0.3286041918105204,0.3408674847754233,0.0021899821302512,1,Bull,0.6023713856603582,0.22208193487649924,0.7433097344894167,0.5832850867115386,0.2571641268006256,0.2571641268006256,0.2628829363768201,0.005909936514788399,0.3371170636231799,6.742341272463598e-05,0.0058425131020637625,0.022481248103212805,2.285605018986864,2.9495787573900296
2021-11-24,-0.02263871996463873,-0.5446755903723716,0.1887589686758173,-0.0064311564719376,0,Bear,0.6013584427403512,0.20547249777118076,0.6889106672261862,0.5821778991300676,0.2576532022671092,0.6,0.2571641268006256,-0.005821866651590209,0.005718809576194472,1.1437619152388946e-06,-0.005823010413505448,-0.02263871996463873,2.272295917160143,2.8828040698878294
2021-11-25,0.01751183816078035,1.3662831865022922,-0.1826274238288648,-0.0082852807633896,2,Chop,0.9105966519650747,0.8332188007574202,0.3364577234765914,0.5896042802108541,0.2544079224566637,0.2544079224566637,0.6,0.01050710289646821,0.34283587319937436,6.856717463987488e-05,0.010438535721828335,0.01751183816078035,2.2960153592619843,2.9332872682089444
2021-11-26,-0.06687380102128215,3.1143656026900897,0.8378687666282745,-0.0183947898398752,2,Chop,0.9999999754569732,0.9999999509153045,4.5462118342333757e-07,0.6468095723758576,0.23190751406015958,0.23190751406015958,0.2544079224566637,-0.017013224784604708,0.34559207754333626,6.911841550866725e-05,-0.017082343200113374,-0.06687380102128215,2.2567940369023396,2.737127199096479
2021-11-27,0.02298046960742265,2.5212455261665725,-0.929079255011897,-0.005307793022901,2,Chop,0.9999980147876523,0.9999960989120775,2.8351323229983645e-05,0.6410573632421139,0.23398842069511983,0.23398842069511983,0.23190751406015958,0.005329343578592438,0.022500408396504135,4.500081679300827e-06,0.0053248434969131375,0.02298046960742265,2.268811111953611,2.8000276675069657
2021-11-28,0.043435386277887976,2.581373969389525,-1.1820948456565732,-0.0011169653879659,2,Chop,0.9999998434673836,0.9999997409092296,2.7102335642140004e-06,0.6001279853513408,0.24994668414302246,0.24994668414302246,0.23398842069511983,0.010163377437445487,0.0020809066349602445,4.161813269920489e-07,0.010162961256118496,0.043435386277887976,2.2918689513818467,2.9216479508339046
2021-11-29,0.009701684218223901,2.2486234960710423,-0.4613039628657785,0.0053511154486065,2,Chop,0.9999895713166408,0.9999794400930879,0.00013140679180898042,0.605006412334777,0.24793125649881262,0.24793125649881262,0.24994668414302246,0.002424903800947755,0.015958263447902632,3.1916526895805264e-06,0.0024217121482581747,0.009701684218223901,2.297419198263624,2.949992856649716
2021-11-30,-0.013955922421075117,1.0349141170957468,0.363370219623113,-0.0009424366677645,2,Chop,0.998852428703871,0.997813992033186,0.009276640272504386,0.5973368100051237,0.2511146098609147,0.2511146098609147,0.24793125649881262,-0.003460109381457105,0.0020154276442098384,4.030855288419677e-07,-0.0034605124669859467,-0.013955922421075117,2.28946895048614,2.9088229851995866
2021-12-01,0.003928780734843055,1.447527865705336,0.3805353248386897,0.0132180796834604,2,Chop,0.9999591996062384,0.9999360867121023,0.0004810806380600665,0.5985344158783914,0.2506121553258795,0.2506121553258795,0.2511146098609147,0.0009865742414591917,0.003183353362102098,6.366706724204197e-07,0.0009859375707867712,0.003928780734843055,2.291726223941574,2.9202511129049076
2021-12-02,-0.013227302108743101,0.7772967747347231,-0.3927335432155065,0.0059765253402273,2,Chop,0.9950532750245683,0.9904353557548208,0.032405803059506494,0.5987251811350929,0.25053230551556654,0.25053230551556654,0.2506121553258795,-0.0033149226906186596,0.0005024545350352239,1.0049090700704478e-07,-0.0033150231815256667,-0.013227302108743101,2.2841290983834974,2.8816240692011212
2021-12-03,-0.05233158566534184,1.893914227413443,0.8517736235433163,-0.0131768690484186,2,Chop,0.9999981666806158,0.9999963420516296,2.61055124265602e-05,0.6272740934010419,0.23912991398498404,0.23912991398498404,0.25053230551556654,-0.013110752808023464,7.984981031294858e-05,1.5969962062589717e-08,-0.013110768777985527,-0.05233158566534184,2.2541824099155225,2.730824112368412
2021-12-04,-0.08560843085516442,4.054700847854767,3.190763172366714,-0.0322388920630962,2,Chop,0.9999999790213823,0.9999999580427686,3.9187552086252506e-07,0.6957928631552691,0.21558140064815073,0.21558140064815073,0.23912991398498404,-0.02047153670678492,0.011402391530582506,2.2804783061165012e-06,-0.020473817185091038,-0.08560843085516442,2.208030691353064,2.497042545167105
2021-12-05,0.003411696472447897,2.874678225913831,0.0031941425685324,-0.0287653682843916,2,Chop,0.9999999879691757,0.9999999760359609,2.3198952837663154e-07,0.6961263636044407,0.21547811983922271,0.21547811983922271,0.21558140064815073,0.0007354983041166726,0.023548513336833304,4.709702667366661e-06,0.000730788601449306,0.003411696472447897,2.2096442950139554,2.5055616964100045
2021-12-06,0.024288526851428814,2.3570918063157102,0.137490922347744,-0.0246934190610745,2,Chop,0.9999998478294545,0.9999996978680863,2.552526974919678e-06,0.6858516878809392,0.21870617605892562,0.21870617605892562,0.21547811983922271,0.005233646099610357,0.00010328080892801905,2.065616178560381e-08,0.005233625443448572,0.024288526851428814,2.2212087456173117,2.5664180989511705
2021-12-07,0.002319467736866812,1.96778458323124,-0.3836976738092361,-0.0215840650919525,2,Chop,0.9999988468615554,0.9999980311390253,1.7617063111526826e-05,0.6854912622686826,0.21882116994980244,0.21882116994980244,0.21870617605892562,0.0005072819192221907,0.0032280562197029017,6.456112439405804e-07,0.0005066363079782501,0.002319467736866812,2.22233409061544,2.5723708229309987
2021-12-08,-0.0038592862213869153,1.7016725227389835,-0.9998688292815344,-0.0118896052031615,2,Chop,0.9999459032473698,0.9998946317263342,0.0005966723650654559,0.648110570842446,0.23144198960529622,0.23144198960529622,0.21882116994980244,-0.0008444935261350371,0.00011499389087682443,2.299877817536489e-08,-0.0008445165249132124,-0.0038592862213869153,2.2204572927520374,2.5624433076577637
2021-12-09,-0.057721555808476536,1.5016223575771868,-0.7743779431511332,-0.0063122301938239,2,Chop,0.9999921397844503,0.9999845961602613,0.00010157377911616899,0.6723939052102993,0.2230835211884999,0.2230835211884999,0.23144198960529622,-0.013359191719426951,0.012620819655493776,2.524163931098755e-06,-0.01336171588335805,-0.057721555808476536,2.190788173275154,2.414535093268739
2021-12-10,-0.009035819421615396,1.416231616984884,-0.5937091827806356,-0.0088017333726366,2,Chop,0.9997072302408109,0.9994268804993376,0.0027261389600894176,0.6519471938564253,0.23007998410532873,0.23007998410532873,0.2230835211884999,-0.002015742413397397,0.008358468416796327,1.6716936833592655e-06,-0.0020174141070807565,-0.009035819421615396,2.186368446308763,2.3927177901788093
2021-12-11,0.04388024071672512,1.299614722196631,-1.288780613121466,-0.0048833905995773,2,Chop,0.999962200037345,0.9999406687368704,0.00044855732392885545,0.6931693243125965,0.2163973429562139,0.2163973429562139,0.23007998410532873,0.010095965086642114,0.006996462916828844,1.399292583365769e-06,0.010094565794058747,0.04388024071672512,2.208438886440081,2.497710822779046
2021-12-12,0.014796607838164322,1.1547446416081812,-1.5923473404926023,-0.0023879625793178,2,Chop,0.9986677025747285,0.9973753948945931,0.010331940535095086,0.6826623981199235,0.21972793640473728,0.21972793640473728,0.2163973429562139,0.0032019466209438478,0.013682641149114827,2.7365282298229656e-06,0.003199210092714025,0.014796607838164322,2.2155041464147223,2.5346684703168463
2021-12-13,-0.06944137030817533,1.1037244693492343,-0.2818907283979153,-0.0155043793966755,2,Chop,0.9999489519501906,0.9998979106130721,0.0005556082152027045,0.7212921189613655,0.20796012608039383,0.20796012608039383,0.21972793640473728,-0.015258208998932562,0.003330593448523378,6.661186897046756e-07,-0.015258875117622268,-0.06944137030817533,2.1816980453220056,2.358657618461118
2021-12-14,-0.002674827620426481,1.0441488251790083,0.0398247527834869,-0.0044950337590655,2,Chop,0.9980189262666763,0.9961311532162564,0.014685698192056798,0.7198370056815063,0.20838050672038924,0.20838050672038924,0.20796012608039383,-0.0005562574891872108,0.011767810324343458,2.353562064868692e-06,-0.0005586110512520795,-0.002674827620426481,2.1804793246833936,2.352348615916129
2021-12-15,0.04783877809998121,1.0179729692627546,0.2636879481159939,0.0068798857452537,2,Chop,0.9998529102210615,0.9997129145880936,0.0014734960159216996,0.7525526121909231,0.19932161229671594,0.19932161229671594,0.20838050672038924,0.009968668821358344,0.00042038063999541575,8.407612799908316e-08,0.009968584745230345,0.04783877809998121,2.202215617616723,2.464882099366738
2021-12-16,-0.025504064198459072,0.8478638715142996,-0.809911427151332,-0.006996975237783,2,Chop,0.9982003355463736,0.996584744473365,0.013766214873802847,0.7098198745119314,0.21132121737664677,0.21132121737664677,0.19932161229671594,-0.005083511196155813,0.009058894423673303,1.8117788847346607e-06,-0.005085322975040547,-0.025504064198459072,2.1910166399404636,2.4020175880628565
2021-12-17,-0.031180093256039692,0.7851377253355714,-0.116314449329724,-0.0161923154566238,2,Chop,0.9996631647740636,0.9993967149044765,0.003202738731031575,0.7052713981140768,0.21268408218610005,0.21268408218610005,0.21132121737664677,-0.006589015264783682,0.011999605079930836,2.399921015986167e-06,-0.006591415185799668,-0.031180093256039692,2.1765747395876205,2.327122455664409
2021-12-18,0.01389869565630835,0.644157968589908,-0.952234891755036,0.0004756977362728,2,Chop,0.982857944689356,0.9662687634677518,0.08914017835836406,0.6740461261995272,0.22253669915105762,0.22253669915105762,0.21268408218610005,0.002956031329245877,0.0013628648094532736,2.725729618906547e-07,0.0029557587562839866,0.01389869565630835,2.1830081694328634,2.3594664224306494
2021-12-19,-0.0030305301841360094,0.5728841535754844,-0.9972446992899906,0.0004045572235309,2,Chop,0.9489364121186916,0.8987257106278161,0.20597099049997916,0.669064471850845,0.22419364098806846,0.22419364098806846,0.22253669915105762,-0.0006744041838552744,0.009852616964957567,1.9705233929915136e-06,-0.0006763747072482659,-0.0030305301841360094,2.1815316379213425,2.352315988219018
2021-12-20,0.003702680378992096,0.4774793659075161,-0.2573994235812411,-0.0084226623206668,2,Chop,0.9501909236344898,0.9023194836463724,0.20614312483483888,0.6716414291237323,0.2233334536788475,0.2233334536788475,0.22419364098806846,0.0008301173955813192,0.0016569418370108446,3.313883674021689e-07,0.0008297860072139171,0.003702680378992096,2.183341842348784,2.3610258624737863
2021-12-21,0.042928792887466996,0.3862496934581945,-0.6691273679144386,0.0052639090965183,2,Chop,0.9939960096471856,0.9903855088494582,0.0407357738360934,0.7066811282367086,0.21225980715556378,0.21225980715556378,0.2233334536788475,0.009587435577821948,0.0008601873092209666,1.7203746184419335e-07,0.009587263540360104,0.042928792887466996,2.2042741159900774,2.4623818527258767
2021-12-22,-0.006315834406489169,0.3054261123248017,-0.9147914541776718,0.0102367608664284,2,Chop,0.9660133950168317,0.935683943198824,0.15994367183115207,0.7062832906726514,0.2123793695545915,0.2123793695545915,0.21225980715556378,-0.0013405977931478655,0.011073646523283714,2.214729304656743e-06,-0.0013428125224525223,-0.006315834406489169,2.201314189104208,2.446829856698516
2021-12-23,0.043381939329586325,-0.1987483609837893,-0.4075366873972394,0.016133409601084,2,Chop,0.9309156500218159,0.8631231456835625,0.2576842552698786,0.7078805553418206,0.21190015584983565,0.21190015584983565,0.2123793695545915,0.009213428924873082,0.00011956239902771726,2.3912479805543454e-08,0.009213405012393277,0.043381939329586325,2.221595788287953,2.552978081091631
2021-12-24,0.0007412156675569818,-4.119985884726701,-1.1623455084422174,0.0168877587714226,1,Bull,0.5172224500457809,0.034445392487220006,0.6925611230069293,0.6017461466610314,0.2492745501276907,0.2492745501276907,0.21190015584983565,0.00015706371547366443,0.00047921370475584313,9.584274095116864e-08,0.00015696787273271326,0.0007412156675569818,2.2219445074529123,2.554870388444266
2021-12-25,-0.0077497271989944395,-2.9358238427391847,-2.0134408054630515,0.0145972772558253,0,Bear,0.7218173328472126,0.4436346722234997,0.5912288354806907,0.6029959900917536,0.24875787312810413,0.6,0.2492745501276907,-0.0019318097611416675,0.03737439427785505,7.474878855571011e-06,-0.0019392846399972385,-0.0077497271989944395,2.2176355245986827,2.5350708399050337
2021-12-26,0.007500204929835927,-2.5111014083181065,-1.496283261640434,0.0075115596642991,0,Bear,0.9713586812999014,0.9427173697163216,0.12998717992877773,0.5947831233570763,0.2521927642354236,0.6,0.6,0.004500122957901556,0.35072544987230925,7.014508997446185e-05,0.004429977867927095,0.007500204929835927,2.227459600891784,2.5540843907159725
2021-12-27,-0.003333620966693561,-2.0836401555044297,-0.7030935966670419,0.0081080023522582,0,Bear,0.9841626985704788,0.968325440368717,0.08136356882114912,0.5948907523943809,0.2521471369260048,0.6,0.6,-0.0020001725800161364,0.0,0.0,-0.0020001725800161364,-0.003333620966693561,2.2230042972749864,2.545570041440377
2021-12-28,-0.062151426511976506,-1.8272492425784577,1.183125786242262,-0.0129986708160543,1,Bull,0.9995365237670165,0.9990814642766237,0.0040634411449307906,0.6514749350660141,0.23024677071390393,0.23024677071390393,0.6,-0.0372908559071859,0.0,0.0,-0.0372908559071859,-0.062151426511976506,2.14010656434425,2.3873592320787065
2021-12-29,-0.024336011956341844,-1.643428475082623,0.467850606091821,-0.018014116340834,1,Bull,0.9887769834222229,0.9775712349450406,0.06167787090812139,0.611992784456975,0.24510092898087993,0.24510092898087993,0.23024677071390393,-0.005603288165002665,0.36975322928609605,7.395064585721921e-05,-0.005677238810859884,-0.024336011956341844,2.1279566682977786,2.329260429262756
2021-12-30,0.01566773871313257,-1.5867536010248486,-0.1937740344245602,-0.0133306231584086,1,Bull,0.770743380581857,0.5415060482154067,0.5385768048475548,0.6150887440748738,0.24386724914891425,0.24386724914891425,0.24510092898087993,0.0038401773136184894,0.014854158266976003,2.970831653395201e-06,0.0038372064819650943,0.01566773871313257,2.1361220774187117,2.365754673063284
2021-12-31,-0.018649172756865187,-1.3596953769494469,1.714804664124839,-0.0185604986957489,1,Bull,0.998434954952371,0.9969201251732156,0.011895870217529587,0.5866042914477141,0.25570900552024,0.25570900552024,0.24386724914891425,-0.004547922459119586,0.0012336798319656783,2.4673596639313565e-07,-0.00454816919508598,-0.018649172756865187,2.126406632789253,2.321635305464966
2022-01-01,0.02937373314776973,-1.2484815510438576,-0.741722178897305,-0.0120190278728562,1,Bull,0.8730061531068777,0.7461512550954612,0.38171811377163056,0.5983806463464661,0.25067655666314625,0.25067655666314625,0.25570900552024,0.007511128091633107,0.011841756371325757,2.3683512742651515e-06,0.007508759740358842,0.02937373314776973,2.142373309305173,2.3898304013941347
2022-01-02,-0.007189054400021723,-1.266679014949029,-0.0266664605467683,-0.0010265534504652,0,Bear,0.7785493268661348,0.5571242624424368,0.528995658188206,0.5182609727165206,0.28942947259516544,0.6,0.25067655666314625,-0.0018021274026614863,0.005032448857093752,1.0064897714187505e-06,-0.001803133892432905,-0.007189054400021723,2.1385103233809213,2.3726497806316864
2022-01-03,-0.018914636695763702,-1.1976099608704909,1.0510901155477597,5.772160165033874e-05,0,Bear,0.6384043668730108,0.27686157245028237,0.6548501986117747,0.5248614558914936,0.28578970377091284,0.6,0.6,-0.01134878201745822,0.3493234433368537,6.986468866737075e-05,-0.011418646706125591,-0.018914636695763702,2.1140914295208324,2.3277719720247547
2022-01-04,-0.012138934663861074,-1.278739684329352,2.5756799434922373,-0.0055036130737483,1,Bull,0.9915471925879841,0.9831433112238057,0.049065249014994594,0.4801126561798089,0.31242667334273083,0.31242667334273083,0.6,-0.007283360798316645,0.0,0.0,-0.007283360798316645,-0.012138934663861074,2.0986937388790032,2.299515300143979
2022-01-05,-0.05206628845481275,-0.9681527478888116,1.3857793578335245,-0.0121870362133379,1,Bull,0.9995114323278749,0.9991072103176201,0.0044380675309253536,0.5159289484733025,0.29073770805819005,0.29073770805819005,0.31242667334273083,-0.016266897295240182,0.28757332665726915,5.751466533145383e-05,-0.016324411960571637,-0.05206628845481275,2.06443379770647,2.1797880732204273
2022-01-06,-0.009410297303589778,-0.9252216681976602,0.2714045839857616,-0.0199438423036098,1,Bull,0.983379016941322,0.967514797596871,0.08765692675617345,0.5025039593091146,0.2985051106984964,0.2985051106984964,0.29073770805819005,-0.002735928270191858,0.021688965284540784,4.337793056908157e-06,-0.002740266063248766,-0.009410297303589778,2.058776699830791,2.159275619392604
2022-01-07,-0.037847988650375176,-0.8339391277800606,3.857102685953744,-0.0260756291536804,1,Bull,0.9995823813177677,0.9991647649087175,0.0036670279488240053,0.5166981675659115,0.2903048809068315,0.2903048809068315,0.2985051106984964,-0.011297818041795677,0.007767402640306342,1.5534805280612686e-06,-0.011299371522323739,-0.037847988650375176,2.0355138170178995,2.077551380256801
2022-01-08,0.004227048332596754,-0.760953154161527,-0.2671058591124337,-0.0214472921480084,1,Bull,0.9800392359432091,0.962109114360469,0.10445089783469089,0.5184245530909412,0.2893381478667876,0.2893381478667876,0.2903048809068315,0.001227132762781921,0.008200229791664904,1.6400459583329807e-06,0.001225492716823588,0.004227048332596754,2.0380083243756486,2.0863332903545997
2022-01-09,0.004247935206112907,-0.7220824920949401,-0.7192820436130899,-0.0181699181740136,1,Bull,0.8879029709675558,0.778261147179891,0.36268718396531197,0.5186182936296196,0.28923005964599685,0.28923005964599685,0.2893381478667876,0.0012290897047948289,0.00096673304004391,1.93346608008782e-07,0.0012288963581868202,0.004247935206112907,2.0405128253834284,2.0951958989903825
2022-01-10,-0.002157811766201214,-0.4950101154454794,0.0463925337227517,-0.0081882228362912,0,Bear,0.606815169980822,0.2161831773973532,0.6855547668736736,0.4711638629362948,0.31836057855795535,0.6,0.28923005964599685,-0.0006241040258432109,0.00010808822079072522,2.1617644158145046e-08,-0.0006241256434873691,-0.002157811766201214,2.0392392890032416,2.0906748606270447
2022-01-11,0.021633410637439378,-0.3869753741723993,-0.3815796387938725,-0.0019794812480854,0,Bear,0.8837826562953239,0.7690776373170036,0.36738861403889733,0.48775557903694117,0.307531080005626,0.6,0.6,0.012980046382463627,0.3107699403540031,6.215398807080063e-05,0.012917892394392826,0.021633410637439378,2.0655819627050036,2.135903288396361
2022-01-12,0.027993907251911834,-0.701413307117721,0.1223840480903894,0.0111888979323719,1,Bull,0.5274018334023739,0.05611857402039988,0.70069532767102,0.46125916291595725,0.325196791868025,0.325196791868025,0.6,0.0167963443511471,0.0,0.0,0.0167963443511471,0.027993907251911834,2.100276188636115,2.195695566950782
2022-01-13,-0.03137582795207003,-0.6115752488286611,1.0488459534391936,0.0040683226754385,1,Bull,0.8867830783195545,0.7758580013595443,0.3643952457176806,0.47090466980010204,0.3185358090920497,0.3185358090920497,0.325196791868025,-0.010203318592216279,0.27480320813197495,5.4960641626394995e-05,-0.010258279233842675,-0.03137582795207003,2.078730969024895,2.1268038006070116
2022-01-14,0.011859664695822615,-0.393806909689229,-0.6978577394196701,0.0055906685733805,0,Bear,0.7061618676530104,0.4155756440462921,0.6234323563655042,0.47915095178889383,0.3130537452549767,0.6,0.3185358090920497,0.0037777278894442746,0.0066609827759753215,1.3321965551950643e-06,0.0037763956928890795,0.011859664695822615,2.086581079702996,2.152026980556012
2022-01-15,0.0018011556222094572,-0.4026069581362913,-1.0552229247231566,0.0063824620510626,0,Bear,0.9568927470182373,0.914410842828278,0.18096443006913773,0.47625256630294344,0.3149589327453309,0.6,0.6,0.0010806933733256742,0.2814641909079503,5.6292838181590055e-05,0.0010244005351440842,0.0018011556222094572,2.088718574477665,2.1559031160511872
2022-01-16,-0.0014722123644015362,-0.5206430136485697,-1.0446135463934276,0.0017613374506944,0,Bear,0.9903617811647543,0.9808202229237128,0.05487344973361035,0.476679514509326,0.314676833038239,0.6,0.6,-0.0008833274186409217,0.0,0.0,-0.0008833274186409217,-0.0014722123644015362,2.0868735520910042,2.152729168827285
2022-01-17,-0.02022757169904886,-0.5851253089520281,-0.7262947039756628,-0.0078829583394976,0,Bear,0.9692119339155053,0.9386710396614456,0.13890971342235867,0.4149069167255,0.36152687254244814,0.6,0.6,-0.012136543019429315,0.0,0.0,-0.012136543019429315,-0.02022757169904886,2.0615461214499424,2.109184685216197
2022-01-18,0.002956109256612036,-0.5708533390036001,-0.6424937419652924,-0.0010165708977612,0,Bear,0.9900615698481158,0.9801957837187978,0.056148105956284985,0.40799636267494416,0.3676503364308345,0.6,0.6,0.0017736655539672215,0.0,0.0,0.0017736655539672215,0.002956109256612036,2.0652026147934732,2.115419665588069
2022-01-19,-0.01500991044287061,-0.7343829002738959,-0.5804944703986104,-0.0063904859254999,0,Bear,0.9814080304074941,0.9628820768049483,0.09294579896971783,0.3997071861864462,0.3752747140503785,0.6,0.6,-0.009005946265722365,0.0,0.0,-0.009005946265722365,-0.01500991044287061,2.046603511016814,2.0836674058585047
2022-01-20,-0.02581674309560386,0.1916110159962524,-0.7013453424375027,-0.0119140656690625,0,Bear,0.8419435825065281,0.7299989664847183,0.531852275146475,0.40515950317702804,0.37022456297775613,0.6,0.6,-0.015490045857362316,0.0,0.0,-0.015490045857362316,-0.02581674309560386,2.014901528779325,2.0298738997447723
2022-01-21,-0.10960468291543993,3.3405272282747527,0.7532752293993646,-0.0335405597792702,2,Chop,0.9999985627792495,0.9999971255585124,2.0771861920413915e-05,0.57028277201656,0.2630274091387847,0.2630274091387847,0.6,-0.06576280974926395,0.0,0.0,-0.06576280974926395,-0.10960468291543993,1.882395942878709,1.807390214604919
2022-01-22,-0.039930188839646726,2.932832213372376,0.4918214574931351,-0.0374810832073898,2,Chop,0.9999999915689841,0.9999999831379871,1.6517468851273318e-07,0.5804660267484293,0.2584130562132091,0.2584130562132091,0.2630274091387847,-0.010502734116914695,0.3369725908612153,6.739451817224305e-05,-0.010570128635086938,-0.039930188839646726,1.8624987756203153,1.735220782028815
2022-01-23,0.034966573781181565,2.4159084270353226,-0.3914588305916539,-0.0310789903024759,2,Bear,1.0,1.0,6.398930592583616e-274,0.6180208271770727,0.24271026703930582,0.6,0.2584130562132091,0.009035819196099795,0.004614352925575604,9.228705851151209e-07,0.00903489632551468,0.034966573781181565,1.8793262589644428,1.7958955075302652
2022-01-24,0.010352967106698903,3.338749862948567,0.6576269284359298,-0.026006414792562,1,Bull,0.9999981393397634,0.9999963021749845,2.653735305711717e-05,0.6256042297345996,0.23976819987875492,0.23976819987875492,0.6,0.006211780264019341,0.3415869437867909,6.831738875735818e-05,0.006143462875261983,0.010352967106698903,1.8908718300668956,1.8144883546467943
2022-01-25,0.008142486826951165,2.3028570993750765,-0.328327361261978,-0.019214568808051,1,Bull,0.9804638526685174,0.9609277877993402,0.09622945420461401,0.6025820976515648,0.24892873615826458,0.24892873615826458,0.23976819987875492,0.0019523094090345557,0.36023180012124506,7.204636002424901e-05,0.0018802630490103067,0.008142486826951165,1.8944271664993848,1.829262802172162
2022-01-26,-0.0027608244495656064,2.223247326094237,-0.0081848393590956,0.0021542028851238,1,Bull,0.8860761776216507,0.7721528831416665,0.3546482168911306,0.6030020683690115,0.2487553656419739,0.2487553656419739,0.24892873615826458,-0.0006872485409852028,0.009160536279509662,1.8321072559019325e-06,-0.0006890806482411048,-0.0027608244495656064,1.8931217533994478,1.8242125287032442
2022-01-27,0.007733837890785913,1.957635375278289,-0.3981441484429753,0.0116870082312103,1,Bull,0.5414612511256087,0.08292453148639345,0.689732204811222,0.5908329526758739,0.253878865964825,0.253878865964825,0.2487553656419739,0.001923833672338202,0.0001733705162906829,3.467410325813658e-08,0.001923798998234944,0.007733837890785913,1.8967637391321746,1.8383206926785756
2022-01-28,0.017247505090414967,1.7457402599656604,-0.6792166659115865,0.008143194493057,0,Chop,0.903877265976409,0.8077582284022362,0.31652052730243624,0.5975823297111857,0.25101143816032123,0.25101143816032123,0.253878865964825,0.004378777033077099,0.00512350032285111,1.024700064570222e-06,0.0043777523330125285,0.017247505090414967,1.9050673010163341,1.8700271381833646
2022-01-29,0.00932135173920975,1.5311078247408705,-1.201280021478751,0.0079368714195592,0,Chop,0.9914087651079748,0.9828258951898696,0.049489205737893116,0.5994759378080862,0.2502185501364033,0.2502185501364033,0.25101143816032123,0.0023397659056572507,0.002867427804503775,5.73485560900755e-07,0.00233919242009635,0.00932135173920975,1.909523620006645,1.8874583189002394
2022-01-30,-0.005800446457155093,1.1230101045143026,-1.3262256678003606,0.0051482847627379,0,Chop,0.99799288447627,0.9960332800913911,0.014696209922308056,0.5993791283513636,0.25025896449311813,0.25025896449311813,0.2502185501364033,-0.0014513793026531847,0.0007928880239179148,1.5857760478358298e-07,-0.0014515378802579682,-0.005800446457155093,1.906751874138958,1.8765102179813467
2022-01-31,0.014804408066392667,1.1220458819026522,-0.6417585797429133,0.0086613312659296,0,Chop,0.9979912089643862,0.9960126660637141,0.014638746771831574,0.5942598781429005,0.25241481970608454,0.25241481970608454,0.25025896449311813,0.0037049358326289943,4.041435671481297e-05,8.082871342962595e-09,0.003704927749757651,0.014804408066392667,1.9138162520693578,1.904290840989098
2022-02-01,0.006737318502634114,0.998960978983504,-0.6210628074311532,0.0084620273882992,0,Chop,0.9982806524403333,0.9966154930282791,0.012903575624423203,0.5781418747856495,0.2594518863654594,0.2594518863654594,0.25241481970608454,0.0017005990351448574,0.0021558552129664066,4.3117104259328134e-07,0.0017001678641022642,0.006737318502634114,1.9170700609589226,1.9171206549064903
2022-02-02,-0.04731073995912287,0.9091355216437336,-0.688563631157424,-0.0044496216216082,0,Chop,0.9934866482243123,0.9870470371058787,0.03968341989623732,0.5951740278666603,0.2520271264820803,0.2520271264820803,0.2594518863654594,-0.012274860727740146,0.007037066659374869,1.4074133318749739e-06,-0.012276268141072022,-0.04731073995912287,1.8935355948453698,1.8264202581319462
2022-02-03,0.005441215831991581,0.8012593296858779,-0.7172033035640747,-0.0052256488030519,0,Chop,0.9982235321397387,0.9965969693782714,0.01353950462938696,0.5918684954362983,0.25343467536555886,0.25343467536555886,0.2520271264820803,0.0013713339907056399,0.007424759883379095,1.484951976675819e-06,0.001369849038728964,0.005441215831991581,1.896129452759768,1.836358204956364
2022-02-04,0.11062688345744714,0.9610843775191634,0.5323020370685554,0.0180598171798685,1,Bull,0.9714489822837288,0.9429009551228612,0.12969910699364254,0.7778208022990555,0.19284647512207856,0.19284647512207856,0.25343467536555886,0.02803668829574163,0.0014075488834785488,2.815097766957098e-07,0.028036406785964935,0.11062688345744714,1.9492901094161899,2.0395087900821984
2022-02-05,-0.0014398234837348135,0.8792715656708341,-0.6770923881879899,0.014810970869843,0,Chop,0.8116130945413023,0.6235166963512377,0.4860466976360235,0.7778212209102336,0.19284637133513116,0.19284637133513116,0.19284647512207856,-0.0002776648836362502,0.0605882002434803,1.2117640048696061e-05,-0.0002897825236849463,-0.0014398234837348135,1.9487252392088892,2.0365722574309544
2022-02-06,0.02316687651757865,0.7711497586635726,-1.0477949420239836,0.0180968824728319,0,Chop,0.9784812374324217,0.9571977330251782,0.10518882007477234,0.7803499832192374,0.19222144323139922,0.19222144323139922,0.19284637133513116,0.004467648071584103,1.0378694739743288e-07,2.0757389479486577e-11,0.004467648050826713,0.02316687651757865,1.9574314577254377,2.0837532754379837
2022-02-07,0.033111582709537346,0.8415438195086784,0.4149649537630431,0.0341813470065639,1,Bull,0.5503229285183818,0.10082212970365356,0.6896327662411597,0.7929345550265928,0.18917071913326997,0.18917071913326997,0.19222144323139922,0.006364756216103113,0.0006249281037319365,1.249856207463873e-07,0.006364631230482367,0.033111582709537346,1.9698897871128056,2.152749644363918
2022-02-08,0.006324808965338507,0.987362996347872,0.8695149942910484,0.0343580656332333,1,Bull,0.9689455098165429,0.9379131673769456,0.13857140480265964,0.7895288129502603,0.1899867332763825,0.1899867332763825,0.18917071913326997,0.0011964686603536385,0.0030507240981292594,6.101448196258519e-07,0.0011958585155340128,0.006324808965338507,1.972245496589388,2.16636537461472
2022-02-09,0.00498211368199733,0.6113315091709597,-0.3049913773462966,0.0132291116781434,0,Chop,0.7651132909884816,0.5314568074906088,0.5528019450522259,0.7790024482983533,0.1925539519518312,0.1925539519518312,0.1899867332763825,0.0009465355032542426,0.0008160141431125256,1.6320282862250513e-07,0.0009463723004256202,0.00498211368199733,1.9741119750969995,2.1771584531877934
2022-02-10,-0.01760339378138894,-0.5713999231068726,0.9051796238912784,0.0099963976186125,2,Bear,0.48809871208874567,0.0024477432748497008,0.7964046802171039,0.5988893147968559,0.25046364377177144,0.6,0.1925539519518312,-0.0033896030403707303,0.002567218675448707,5.134437350897414e-07,-0.00339011648410582,-0.01760339378138894,1.9674195055487524,2.138833075611849
2022-02-11,-0.026921126055171853,-1.2660799257302937,0.3404384644737901,-2.1202895937518644e-05,2,Bear,0.9742504451382193,0.948503613175829,0.11966912485468531,0.5808164118564212,0.25825716515235153,0.6,0.6,-0.01615267563310311,0.40744604804816875,8.148920960963376e-05,-0.016234164842712742,-0.026921126055171853,1.9354800929809055,2.081253280772332
2022-02-12,-0.00386212183286643,-2.007909623107176,-0.8775685859038957,-0.0074159438044182,2,Bear,0.9996977658876649,0.9993955318098942,0.002751587548255885,0.5717992748391222,0.26232981852277276,0.6,0.6,-0.0023172730997198577,0.0,0.0,-0.0023172730997198577,-0.00386212183286643,1.9309950570263976,2.073215227036936
2022-02-13,-0.001112080209543203,-3.610014312130565,-1.3830611361096672,-0.0089033216393946,2,Bear,0.999779261689923,0.999558523379849,0.002079006621649877,0.5728412861089117,0.26185263464316916,0.6,0.6,-0.0006672481257259218,0.0,0.0,-0.0006672481257259218,-0.001112080209543203,1.9297066041938107,2.070909645412825
2022-02-14,0.009185768314632001,-2.795364475487649,-0.3048190163133705,-0.0080625907128676,2,Bear,0.999723489572081,0.9994469791441556,0.002541994583675109,0.5728971419840461,0.2618271047408667,0.6,0.6,0.005511460988779201,0.0,0.0,0.005511460988779201,0.009185768314632001,1.9403421068626145,2.0899325416161236
2022-02-15,0.045630604487240684,-2.579505041791976,0.0988608443571513,0.0045842089408582,2,Bear,0.9990384137417239,0.9980768274834432,0.007641192638864939,0.5938230176509497,0.2526005148695167,0.6,0.6,0.02737836269234441,0.0,0.0,0.02737836269234441,0.045630604487240684,1.993465496811527,2.185297426827623
2022-02-16,-0.01385529504989858,-2.252562076971808,-0.3892856267654377,0.0071973751419128,2,Bear,0.9997590265478437,0.9995180530965077,0.0022484517994520634,0.6021693231317998,0.24909937161838572,0.6,0.6,-0.008313177029939148,0.0,0.0,-0.008313177029939148,-0.01385529504989858,1.976893465233457,2.155019486207142
2022-02-17,-0.08108233071910446,-1.7586486064055065,0.7446430486952585,-0.0082466666353347,2,Bear,0.9152194582629773,0.8304389166408185,0.2902926023453818,0.7111715535278421,0.21091957243777404,0.6,0.6,-0.048649398431462675,0.0,0.0,-0.048649398431462675,-0.08108233071910446,1.8807187873867597,1.98028548352038
2022-02-18,-0.012586526423760572,-1.5397329472386636,0.1633159892016692,-0.0105415558781781,2,Bear,0.9976081586812717,0.9952163310416218,0.016825574386309727,0.7138898609411277,0.21011644541673918,0.6,0.6,-0.007551915854256343,0.0,0.0,-0.007551915854256343,-0.012586526423760572,1.866515757358896,1.9553605679554613
2022-02-19,0.002275138191892225,-1.3875331155382964,-1.5719317758270284,-0.0119236819027261,2,Bear,0.9995102545587852,0.9990205213091454,0.004222422934754829,0.7129360038298795,0.2103975661128105,0.6,0.6,0.001365082915135335,0.0,0.0,0.001365082915135335,0.002275138191892225,1.8690637061300974,1.9598092834625367
2022-02-20,-0.043054421746525254,-1.3514680872212994,-0.7045862037511932,-0.0296606871494793,2,Bear,0.9514101846551343,0.9028203993468287,0.19434237816450545,0.7367112991156332,0.20360757352312064,0.6,0.6,-0.02583265304791515,0.0,0.0,-0.02583265304791515,-0.043054421746525254,1.8207808318851881,1.875430828029585
2022-02-21,-0.03592381094835431,-1.016601783791531,1.1422556698548365,-0.0340743903291704,1,Bull,0.5973624504843835,0.19472498679616024,0.6740680230283518,0.7515349041118686,0.19959152819024886,0.19959152819024886,0.6,-0.021554286569012586,0.0,0.0,-0.021554286569012586,-0.03592381094835431,1.7815352000553697,1.8080582055167347
2022-02-22,0.03213453434150656,-0.8760074354115776,0.4312924924740986,-0.0114310173170482,2,Bear,0.8421568787658422,0.6844168208555068,0.4369348095136655,0.7364080599567774,0.20369141533948457,0.6,0.19959152819024886,0.006413780816903326,0.40040847180975114,8.008169436195023e-05,0.006333699122541376,0.03213453434150656,1.7928189079887369,1.8661593140133548
2022-02-23,-0.026183634615420347,-0.6748664530291142,-0.237649009687148,-0.0141504389553802,2,Bear,0.9639558118536017,0.9281495091506136,0.1565932857353999,0.7457149735086389,0.20114923976145999,0.6,0.6,-0.015710180769252208,0.40040847180975114,8.008169436195023e-05,-0.015790262463614157,-0.026183634615420347,1.7645098268818646,1.8172964804010656
2022-02-24,0.027399579951549815,0.2628030197570103,2.9528984422245648,-0.0091255506034487,1,Bull,0.863506756742515,0.727014006420502,0.3985529444802799,0.5739032563582206,0.26136809355612467,0.26136809355612467,0.6,0.01643974797092989,0.0,0.0,0.01643974797092989,0.027399579951549815,1.7935179237280316,1.8670896406114847
2022-02-25,0.022738450595305906,0.3833621748169818,0.2880052522560383,0.0040330238649175,1,Bull,0.5217782650008628,0.07548412087989126,0.8094508924105496,0.585136518226083,0.2563504333223713,0.2563504333223713,0.26136809355612467,0.005943105482515232,0.3386319064438753,6.772638128877507e-05,0.005875379101226457,0.022738450595305906,1.8040555214547784,1.9095443661615363
2022-02-26,-0.0027852723260769346,0.4922732645646358,-0.9377519976829176,0.010660731589373,0,Chop,0.963233938578993,0.9286316232069107,0.1657547797898598,0.5734306393997154,0.2615835110537947,0.2615835110537947,0.2563504333223713,-0.0007140057677106312,0.005017660233753385,1.003532046750677e-06,-0.0007150092997573819,-0.0027852723260769346,1.8027656049796594,1.9042257650830505
2022-02-27,-0.036334517924426976,0.5934411633247852,-0.0999979345940879,-0.0030330788638137,0,Chop,0.9892970017448186,0.9791428970285768,0.0613724864070894,0.5636123054312504,0.2661403921712228,0.2661403921712228,0.2615835110537947,-0.009504510771118645,0.005233077731423397,1.0466155462846794e-06,-0.00950555738666493,-0.036334517924426976,1.7856293130668195,1.8350366398894846
2022-02-28,0.13576425730332167,1.3189833227179142,1.502954264669487,0.0293564995199346,1,Bull,0.9999337659937264,0.9998675558009011,0.0007037690532198936,0.8320702013579493,0.1802732506887016,0.1802732506887016,0.2661403921712228,0.03613235268154083,0.004556881117428135,9.113762234856271e-07,0.03613144130531735,0.13576425730332167,1.8501466737849475,2.0841690264284636
2022-03-01,0.026533380332524757,1.4144509786907498,0.9900799330334296,0.0291832595961296,1,Bull,0.9956902243498809,0.9913820741813115,0.027789699014327415,0.8401308958917829,0.17854360639930741,0.17854360639930741,0.1802732506887016,0.0047832587243039,0.08586714148252123,1.7173428296504246e-05,0.004766085296007396,0.026533380332524757,1.8589646306423309,2.139469075883958
2022-03-02,-0.009753715935407227,1.3008743173079549,0.5944315651956853,0.022684826289987,1,Bull,0.9079995722639462,0.8160183865983327,0.307324080932481,0.8376335690801223,0.17907591760526972,0.17907591760526972,0.17854360639930741,-0.0017414636189020006,0.0017296442893941777,3.4592885787883555e-07,-0.0017418095477598793,-0.009753715935407227,1.85572666829973,2.1186013022651977
2022-03-03,-0.03409447865241336,1.3294768616380894,0.0569359894177262,0.0164229850247197,1,Bull,0.5753097428562441,0.15063963782167944,0.6819815652087875,0.842675412580837,0.17800448163142607,0.17800448163142607,0.17907591760526972,-0.006105500049954202,0.0005323112059623103,1.0646224119246206e-07,-0.006105606512195394,-0.03409447865241336,1.8443963314689045,2.046368695392142
2022-03-04,-0.0812852755652355,1.489667439351294,0.46005168123411,0.007432833496558,1,Bull,0.9511449635197442,0.9022907455630784,0.19513988750552327,0.9116693111669869,0.16453334357387958,0.16453334357387958,0.17800448163142607,-0.01446914334125737,0.001071435973843654,2.1428719476873082e-07,-0.014469357628452138,-0.0812852755652355,1.8177091013402757,1.8800290520791203
2022-03-05,0.0066969062286334315,1.3365471574240728,-1.1084154927031813,-0.0183806367183795,0,Chop,0.5926912229920493,0.18541468156063207,0.6762007296046031,0.9127245604693078,0.16434311784364877,0.16434311784364877,0.16453334357387958,0.0011018643733977985,0.013471138057546489,2.694227611509298e-06,0.0010991701457862893,0.0066969062286334315,1.819707072918193,1.8926194303480008
2022-03-06,-0.025202937052357023,1.210945127400423,-0.722506143306236,-0.0287279001953559,0,Chop,0.5433478631958486,0.08671421272351748,0.6895898528055381,0.9154129967168407,0.16386046575477953,0.16386046575477953,0.16434311784364877,-0.004141929254001572,0.00019022573023080858,3.8045146046161715e-08,-0.004141967299147619,-0.025202937052357023,1.8121699057281382,1.8449198619808724
2022-03-07,-0.0093603152707349,1.1966719905559662,0.4229194733041637,-0.0286492200624214,1,Bull,0.7686138770268798,0.5372487037641112,0.5411617772575685,0.8865001378449053,0.16920471142243945,0.16920471142243945,0.16386046575477953,-0.001533785619874196,0.0004826520888692454,9.653041777384908e-08,-0.00153388215029197,-0.0093603152707349,1.8093902506564457,1.8276508304234909
2022-03-08,0.01758473821596099,1.1276402926882914,0.0105724497544012,-0.0183133766887466,0,Chop,0.6622480621663499,0.3245515928300724,0.640071908885087,0.8925951063070986,0.1680493192715223,0.1680493192715223,0.16920471142243945,0.0029754205552708223,0.005344245667659925,1.068849133531985e-06,0.00297435170613729,0.01758473821596099,1.8147720136355538,1.8597895918266718
2022-03-09,0.08046083301385845,1.0543362080177276,0.8413407460846328,0.0140358450270721,1,Bull,0.942298297552149,0.8846080091452323,0.22070503120444956,0.8994412878080188,0.1667701961576137,0.1667701961576137,0.1680493192715223,0.01352138821599854,0.001155392150917145,2.31078430183429e-07,0.013521157137568357,0.08046083301385845,1.8393098312007816,2.00942981161555
2022-03-10,-0.06254685680053026,1.136391950719305,0.6232858981554342,0.0001870924212394,1,Bull,0.9202709994547268,0.8405604534054611,0.2782799340549987,0.9391851956198908,0.15971290933839244,0.15971290933839244,0.1667701961576137,-0.010430951577666608,0.001279123113908598,2.5582462278171957e-07,-0.010431207402289389,-0.06254685680053026,1.8201236088744563,1.8837462929377153
2022-03-11,-0.016425482290646415,1.1392806902755412,-0.0949396274074083,0.0019425833735815,0,Chop,0.8409594578415199,0.6819968010502061,0.438746932564246,0.9414243419498487,0.1593330375219794,0.1593330375219794,0.15971290933839244,-0.0026233615639253815,0.00705728681922127,1.411457363844254e-06,-0.0026247730212892255,-0.016425482290646415,1.815346197530471,1.852804851562996
2022-03-12,0.002806706804667275,1.0034793302497722,-1.6970225058161996,0.004375987788662,0,Chop,0.9914493534515912,0.983055715887342,0.05001320803217463,0.9229107433134754,0.16252925983011454,0.16252925983011454,0.1593330375219794,0.0004472011206212458,0.0003798718164130521,7.597436328261043e-08,0.0004471251462579632,0.002806706804667275,1.8161578844645505,1.8580051315475985
2022-03-13,-0.027475269974984843,0.7393668281478724,-1.1947437094900075,-0.0046360138495271,0,Chop,0.9966967617701772,0.9936630369990647,0.023102305956610298,0.9171736852324287,0.16354590457093984,0.16354590457093984,0.16252925983011454,-0.0044655352926668565,0.003196222308135155,6.39244461627031e-07,-0.004466174537128484,-0.027475269974984843,1.8080466063655498,1.806955938943421
2022-03-14,0.04689129940953424,0.6422880257023253,-0.247685553598862,-0.011349920570392,0,Chop,0.9850381949981236,0.9704343761942876,0.07941257554136676,0.9288783820400794,0.16148508017869637,0.16148508017869637,0.16354590457093984,0.007668879978439055,0.001016644740825301,2.033289481650602e-07,0.007668676649490889,0.04689129940953424,1.8219119311569765,1.8916864508962532
2022-03-15,-0.00830247189817811,0.5682787846313822,-0.3155008461583518,-0.0005010435899215,0,Chop,0.9967988385859664,0.9941763892692768,0.023097072262464265,0.9216532655257402,0.16275101017998916,0.16275101017998916,0.16148508017869637,-0.0013407253401586656,0.0020608243922434766,4.1216487844869534e-07,-0.0013411375050371144,-0.00830247189817811,1.8194684967352273,1.8759807772975228
2022-03-16,0.044865467674200424,-2.047982308409316,2.077371851905261,0.0117571464030477,2,Bear,0.8277192232485971,0.655438446611694,0.4594843089229154,0.9336005828320523,0.16066828016000057,0.6,0.16275101017998916,0.007301900186173768,0.0012659300012927976,2.5318600025855956e-07,0.00730164700017351,0.044865467674200424,1.832753613426324,1.9601475322187862
2022-03-17,-0.004690916877794194,-2.0753771783396253,-0.5583669644137491,0.0102576216665555,2,Bear,0.9989121619389724,0.9978243239486836,0.008510178916723942,0.9301112471912533,0.16127103123735947,0.6,0.6,-0.0028145501266765164,0.4372489898200108,8.744979796400216e-05,-0.0029019999246405184,-0.004690916877794194,1.8274349625782762,1.9509526430769344
2022-03-18,0.020538517974936225,-1.864549716169772,1.1883861142570131,0.0198603792565397,2,Bear,0.9960978361065315,0.9921956722201271,0.025536815854708815,0.9330577646423335,0.1607617509699403,0.6,0.6,0.012323110784961734,0.0,0.0,0.012323110784961734,0.020538517974936225,1.8499546460744407,1.9910223190050194
2022-03-19,0.009274687432012266,-2.1473370906345632,-0.9928131069302564,0.0123370568610353,2,Bear,0.9997636956306946,0.9995273912644475,0.0022095101206885295,0.9159956601623517,0.16375623436186793,0.6,0.6,0.005564812459207359,0.0,0.0,0.005564812459207359,0.009274687432012266,1.8602492967378843,2.009488428683951
2022-03-20,-0.022600322885966202,-2.78967214034609,-0.8386000884727518,0.0094774866634777,2,Bear,0.9997291657711184,0.9994583315422219,0.0024954308881235334,0.7105223984188729,0.21111227504410182,0.6,0.6,-0.01356019373157972,0.0,0.0,-0.01356019373157972,-0.022600322885966202,1.8350239558850838,1.9640733413600808
2022-03-21,-0.004125761887466681,-2.320312836869653,-0.0930405491340513,-0.0003207592488557,2,Bear,0.9997820154259851,0.9995640308522616,0.002055807565630195,0.6985894817735797,0.2147183774069713,0.6,0.6,-0.0024754571324800087,0.0,0.0,-0.0024754571324800087,-0.004125761887466681,1.8304814327452164,1.955970042424108
2022-03-22,0.03070379130997368,-1.878222277531761,1.0338594417143523,0.0067581823886978,2,Bear,0.998574543795696,0.9971490876019126,0.01076582989955741,0.7132337233909438,0.21030974150640477,0.6,0.6,0.018422274785984207,0.0,0.0,0.018422274785984207,0.03070379130997368,1.8642030646898906,2.0160257384152582
2022-03-23,0.012531246090632069,-1.7198413337705607,-0.0178975100702006,0.005156728011837,2,Bear,0.9995994017800587,0.9991988040573208,0.003534225465736178,0.7003928664868493,0.21416551649418666,0.6,0.6,0.007518747654379241,0.0,0.0,0.007518747654379241,0.012531246090632069,1.8782195371098143,2.0412890530683883
2022-03-24,0.024593725965785046,-1.7579959358458557,0.8511018300089147,0.0082205357185915,2,Bear,0.9988395720292409,0.9976791441288476,0.009003049319607763,0.6019712107651239,0.24918135172834158,0.6,0.6,0.014756235579471026,0.0,0.0,0.014756235579471026,0.024593725965785046,1.9059349870693718,2.091491956656509
2022-03-25,0.008782716407665668,-1.511903324094163,0.6997353982373253,0.0144971435773179,2,Bear,0.9983979270938754,0.996795855824966,0.011912486367643686,0.6020961239289836,0.24912965561241893,0.6,0.6,0.0052696298445994005,0.0,0.0,0.0052696298445994005,0.008782716407665668,1.9159785589590985,2.109860937380737
2022-03-26,0.0034237154855725296,-1.4086263418471705,-1.400233918614473,0.0160070390519257,2,Bear,0.999419276275872,0.9988385645335423,0.004907805509992872,0.5858750689945326,0.25602727942908904,0.6,0.6,0.0020542292913435178,0.0,0.0,0.0020542292913435178,0.0034237154855725296,1.9199144182364984,2.117084500944452
2022-03-27,0.050813175792382204,-1.4322403645591402,0.3329710398170797,0.0200289159484075,1,Bear,1.0,1.0,8.53087478959948e-18,0.6088555798934548,0.2463638421877465,0.6,0.6,0.03048790547542932,0.0,0.0,0.03048790547542932,0.050813175792382204,1.9784485875406066,2.22466028785827
2022-03-28,0.0065464127633699815,-1.2805017903834897,1.429670231762013,0.018831949282955,0,Bull,0.9717054250276695,0.9435064018116611,0.12940217606697116,0.6081633786982319,0.2466442493151653,0.2466442493151653,0.6,0.003927847658021988,0.0,0.0,0.003927847658021988,0.0065464127633699815,1.986219632191695,2.239223832360868
2022-03-29,0.00714059973919024,-1.408514837432718,0.7175958063207363,0.0153413240376361,0,Bull,0.9723128116479068,0.9446659145043173,0.12691178420040852,0.5185815581245777,0.2892505482502442,0.2892505482502442,0.2466442493151653,0.001761187862332642,0.3533557506848347,7.067115013696695e-05,0.001690516712195675,0.00714059973919024,1.9895773696740062,2.2552132334742128
2022-03-30,-0.0085279952347302,-1.554655824148399,0.4318101495974776,0.0118791817091569,0,Bull,0.8578861835708352,0.7157919932364561,0.40897624878933436,0.42382755477777534,0.3539175268551126,0.3539175268551126,0.2892505482502442,-0.0024667272971211807,0.04260629893507892,8.521259787015784e-06,-0.0024752485569081964,-0.0085279952347302,1.9846526711608634,2.235980785765844
2022-03-31,-0.03291800954258311,-1.4402667441337065,0.94467569847914,0.0046108367035258,0,Bull,0.9539397820845524,0.9079153423744847,0.187039122295252,0.44788664376248616,0.334906168980437,0.334906168980437,0.3539175268551126,-0.01165026052630401,0.06466697860486836,1.2933395720973674e-05,-0.011663193922024983,-0.03291800954258311,1.9615052821892494,2.1623767489229717
2022-04-01,0.016183454010017757,-1.1520481456183966,1.5072371818662167,-0.002315107652947,0,Bull,0.9644769712597427,0.9290739945628137,0.15424816630811913,0.44854430569158893,0.3344151248753949,0.3344151248753949,0.334906168980437,0.005419938583366138,0.01901135787467556,3.8022715749351125e-06,0.005416136311791203,0.016183454010017757,1.972129062173885,2.1973714735914984
2022-04-02,-0.008957035540670266,-1.0952478260503362,0.1276546894417448,-0.0054157973137551,1,Bear,0.563095226682554,0.12632233371191465,0.6863647248609397,0.4262916261984826,0.35187179569452665,0.6,0.3344151248753949,-0.002995368158846597,0.0004910441050421377,9.820882100842754e-08,-0.002995466367667605,-0.008957035540670266,1.9662216158954433,2.1776895392064843
2022-04-03,0.012664841243046981,-1.0165636924350456,-0.5047620868850095,-0.0043109490129837,1,Bear,0.9340869806185295,0.8682129259391141,0.24326512294871486,0.3925248772582299,0.3821413843824214,0.6,0.6,0.007598904745828188,0.2655848751246051,5.311697502492102e-05,0.0075457877708032675,0.012664841243046981,1.981058306919356,2.2052696314971785
2022-04-04,0.0036337857461326666,-1.030868889960922,0.5587667364883494,-0.0018785928168111,1,Bear,0.9374476149358362,0.8749269587321291,0.23420592953650743,0.38632473661711525,0.3882743862417082,0.6,0.6,0.0021802714476795997,0.0,0.0,0.0021802714476795997,0.0036337857461326666,1.9853775517821206,2.213283108850492
2022-04-05,-0.02314486060589607,-1.09191084056833,0.1967035416666426,7.60369705262158e-05,1,Bear,0.9194014868836212,0.8388380752714719,0.28053546458070533,0.3723174058326511,0.402882050772082,0.6,0.6,-0.013886916363537642,0.0,0.0,-0.013886916363537642,-0.02314486060589607,1.957806779770477,2.162056979814763
2022-04-06,-0.05294570510057487,-0.9061148755010136,1.6687527749021502,-0.0137497948515923,0,Bull,0.998802709644084,0.9980682637512849,0.010050399515476711,0.446380710323421,0.3360360260444921,0.3360360260444921,0.6,-0.03176742306034492,0.0,0.0,-0.03176742306034492,-0.05294570510057487,1.8956123035270966,2.047585348550851
2022-04-07,0.0068529242315328075,-1.0791928933051345,-0.4842042318254778,-0.0105878028971516,1,Bear,0.5238281341980895,0.04785219486888603,0.693734479090985,0.4396406424369602,0.34118774635697696,0.6,0.3360360260444921,0.0023028294255482895,0.26396397395550786,5.279279479110158e-05,0.0022500366307571878,0.0068529242315328075,1.8998775006477466,2.0616172958020664
2022-04-08,-0.028353972258937266,-0.9024915436680824,-0.3856487342029245,-0.0187915655975485,0,Bull,0.8787174313841082,0.7585406924040978,0.37576809248787474,0.4567293671175358,0.32842206085118814,0.32842206085118814,0.6,-0.01701238335536236,0.26396397395550786,5.279279479110158e-05,-0.01706517615015346,-0.028353972258937266,1.8674557564354795,2.0031622561883493
2022-04-09,0.011625235289932529,-0.9143162972397676,-2.204173731421936,-0.0171932756887885,0,Bull,0.7629563863691103,0.5270132633742908,0.5546584402671756,0.4473360439049618,0.3353183854593842,0.3353183854593842,0.32842206085118814,0.0038179837317996006,0.27157793914881184,5.431558782976237e-05,0.003763668143969838,0.011625235289932529,1.874484240176249,2.0264494887404507
2022-04-10,-0.013518646577317169,-0.7092562635926478,-1.739365754976536,-0.0152680328830727,0,Bull,0.5319913158313152,0.0661841424829101,0.7050938694231185,0.4515170049545342,0.3322134013869629,0.3322134013869629,0.3353183854593842,-0.004533050743902023,0.006896324608196058,1.3792649216392117e-06,-0.004534430008823662,-0.013518646577317169,1.8659845225865266,1.9990546342953834
2022-04-11,-0.06574699455484899,-0.5513305032641671,0.7819858470251367,-0.0178282907739276,0,Bull,0.9946805431322912,0.9893792128252031,0.033281088818427305,0.5146739785812768,0.29144663659406694,0.29144663659406694,0.3322134013869629,-0.021842032692036512,0.0031049840724212685,6.209968144842538e-07,-0.021842653688850997,-0.06574699455484899,1.8252264688709132,1.8676228001395192
2022-04-12,0.015198991801760951,-0.4071506145562309,0.2821699073878818,-0.0161590772598819,0,Bull,0.9369049118173128,0.8838658344733571,0.2630760855133593,0.5163902337051128,0.2904779955340097,0.2904779955340097,0.29144663659406694,0.004429695040244027,0.04076676479289598,8.153352958579196e-06,0.0044215416872854475,0.015198991801760951,1.8332967837917629,1.8960087837676216
2022-04-13,0.02557641749549052,-0.1043984644138973,-0.2055329915605233,-0.0053729993089964,0,Bull,0.6053590053236393,0.24356348145943923,0.783877083035593,0.5174271811912758,0.2898958644860018,0.2898958644860018,0.2904779955340097,0.0074293864870310635,0.0009686410600572293,1.9372821201144585e-07,0.007429192758819052,0.02557641749549052,1.8469166989826749,1.9445018959963793
2022-04-14,-0.030364373354540806,0.1240650954499722,-0.6712950556299373,-0.013770921037891,0,Bull,0.5452502869482009,0.2905675114520611,1.0009672412220825,0.5268305045596495,0.2847215540895402,0.2847215540895402,0.2898958644860018,-0.008802506263190325,0.0005821310480079167,1.1642620960158334e-07,-0.008802622689399927,-0.030364373354540806,1.8306589881427784,1.8854583144377328
2022-04-15,0.015355179227128868,0.3556168888392499,-1.175471329324508,-0.0079961558770018,1,Bear,0.5445065123687322,0.17909500073102935,0.9156937308695821,0.53302952645823,0.28141030197086936,0.6,0.2847215540895402,0.004371950492871556,0.005174310396461601,1.0348620792923202e-06,0.004370915630792264,0.015355179227128868,1.8386606441287021,1.9144098647812047
2022-04-16,-0.0031855728397045674,-0.0234490373223928,-1.7264160573821143,0.0045161284660269,1,Bear,0.9209541245367805,0.8611559940062151,0.3203097963802917,0.4714636233083901,0.31815816233585253,0.6,0.6,-0.0019113437038227403,0.3152784459104598,6.305568918209195e-05,-0.001974399393004832,-0.0031855728397045674,1.8350303936689927,1.9083113727118952
2022-04-17,-0.017657522881942136,-0.6135853190416273,-1.2544063035835686,-0.0020551744707136,1,Bear,0.9854710690664169,0.9714171476790168,0.0779956479178913,0.4690968420524834,0.3197633975613456,0.6,0.6,-0.010594513729165282,0.0,0.0,-0.010594513729165282,-0.017657522881942136,1.8155891389698309,1.8746153209823646
2022-04-18,0.027546268364385663,2.2282359381081718,0.8938197633972386,-0.0016612042969345,2,Chop,0.9985140924026865,0.9972386595185159,0.011766796273720289,0.48985307176720866,0.30621426841084304,0.30621426841084304,0.6,0.016527761018631397,0.0,0.0,0.016527761018631397,0.027546268364385663,1.845596762366747,1.9262539776941339
2022-04-19,0.016435294339235306,2.0867492513618258,-0.3112909243662586,0.0076987292418206,2,Chop,0.9999864544248678,0.999973461468502,0.0001676930372443697,0.5003754828795749,0.2997748793301698,0.2997748793301698,0.30621426841084304,0.005032721632205809,0.29378573158915694,5.875714631783139e-05,0.004973964485887977,0.016435294339235306,1.8547766951180291,1.95791252878966
2022-04-20,-0.003097867846210707,1.5130531170490369,0.1007791784667226,0.0040081198271527,2,Chop,0.999740923387312,0.9994912810168055,0.0024391118063862146,0.4858924035625943,0.3087103212567029,0.3087103212567029,0.2997748793301698,-0.0009286629597786276,0.006439389080673263,1.2878778161346528e-06,-0.0009299508375947622,-0.003097867846210707,1.8530518439768529,1.9518471745210293
2022-04-21,-0.020684439708319406,2.6065131668873947,1.296638122170883,0.0005083464534297,2,Chop,0.9999997411693806,0.9999995527702035,4.3360449193474305e-06,0.4808134008836245,0.31197133799585136,0.31197133799585136,0.3087103212567029,-0.006385500027370186,0.008935441926533116,1.7870883853066233e-06,-0.006387287115755492,-0.020684439708319406,1.8412158698089924,1.9114743093197955
2022-04-22,-0.019611085251918917,2.209796164701546,0.1663246111964993,0.0001176339794343,2,Chop,0.9999913019454415,0.9999829128674236,0.00011138598418325297,0.4839443876535384,0.3099529694461232,0.3099529694461232,0.31197133799585136,-0.006118096505591852,0.00326101673914847,6.52203347829694e-07,-0.0061187487089396815,-0.019611085251918917,1.8299499325827193,1.8739882236828722
2022-04-23,-0.006401619327578674,1.3375572143941734,-1.5054582094831863,-0.0066719435589584,2,Chop,0.9992006128164244,0.9984140630241116,0.00656580052719867,0.4757159863705446,0.31531418808188216,0.31531418808188216,0.3099529694461232,-0.0019842009198467046,0.0020183685497281445,4.0367370994562893e-07,-0.00198460459355665,-0.006401619327578674,1.826318205540537,1.8619916644504892
2022-04-24,-0.00044170158334548267,0.5075166842470625,-1.1178446281729737,-0.0100473427434746,2,Chop,0.9778066279411576,0.956414148217793,0.1099034517076492,0.47409668911313885,0.3163911570034269,0.3163911570034269,0.31531418808188216,-0.00013927477612706268,0.005361218635758946,1.0722437271517894e-06,-0.00014034701985421447,-0.00044170158334548267,1.8260618872230838,1.8611692197841254
2022-04-25,0.024749050076096804,1.7307042020953167,1.2968542188857952,-0.0044779591590131,2,Chop,0.9999887418843156,0.9999824708913019,0.00014726793106544498,0.4892497975910013,0.3065918488644847,0.3065918488644847,0.3163911570034269,0.007830380588312019,0.0010769689215447409,2.153937843089482e-07,0.00783016519452771,0.024749050076096804,1.8403602534554715,1.9072313900046527
2022-04-26,-0.05959955698854747,2.157351863161014,1.2794890314172809,-0.0122609826150587,2,Chop,0.9999994972692277,0.9999989950023244,7.797646450263896e-06,0.502187150772435,0.29869342489006084,0.29869342489006084,0.3065918488644847,-0.01827273836862299,0.009799308138942198,1.9598616277884398e-06,-0.01827469823025078,-0.05959955698854747,1.806728225188625,1.7935612440857238
2022-04-27,0.029052734994520196,1.99767385812078,0.7102468412367797,-0.0025282185657709,2,Chop,0.999996127205232,0.9999933549836953,5.444526218765326e-05,0.5218964819202568,0.2874133189173696,0.2874133189173696,0.29869342489006084,0.008677860917936561,0.007898423974423863,1.5796847948847727e-06,0.008676281233141675,0.029052734994520196,1.8224039073822162,1.8456691036065884
2022-04-28,0.013483906721524785,1.7512702535624745,1.04987073488924,0.0014488866440497,2,Chop,0.999981500046089,0.9999672075016747,0.0002300262631305014,0.5167509239937474,0.2902752429366047,0.2902752429366047,0.2874133189173696,0.0038754543828056665,0.011280105972691246,2.2560211945382493e-06,0.003873198361611128,0.013483906721524785,1.8294624392104828,1.87055593363842
2022-04-29,-0.02970235366082905,1.8579785848133727,0.5532898800312691,-0.0044032437714469,2,Chop,0.9999922290325105,0.9999862954578078,0.00010344756493657071,0.5242872952407974,0.28610267950724844,0.28610267950724844,0.2902752429366047,-0.008621857924686102,0.002861924019235129,5.723848038470259e-07,-0.00862243030948995,-0.02970235366082905,1.813688026824561,1.8149960197551294
2022-04-30,-0.023452178557919624,1.4864248026100506,-0.5458356828842569,-0.0140434894982502,2,Chop,0.9999605165905018,0.9999281463390245,0.0004584513285978898,0.5290362050879971,0.2835344699613702,0.2835344699613702,0.28610267950724844,-0.006709731125703242,0.004172563429356291,8.345126858712582e-07,-0.006710565638389113,-0.023452178557919624,1.8015171542729944,1.7724304090179188
2022-05-01,0.019800580200401846,0.6953207389203294,-0.0130493444876352,0.0018365379395396,2,Chop,0.9943097101207231,0.9891274332568564,0.036799137689465675,0.4645826355277361,0.3228704401093459,0.3228704401093459,0.2835344699613702,0.005614147012048539,0.0025682095458782195,5.13641909175644e-07,0.005613633370139363,0.019800580200401846,1.8116302110870997,1.807525559481309
2022-05-02,0.0015645616058173508,0.5174275993833379,0.9009518656438792,-0.0036610967382009,2,Chop,0.9916071601045376,0.9849064200483615,0.05269694276795348,0.4588687029220706,0.32689089285192413,0.32689089285192413,0.3228704401093459,0.000505150694248433,0.039335970147975685,7.867194029595138e-06,0.0004972835002188379,0.0015645616058173508,1.8125311048995711,1.810353544573207
2022-05-03,-0.02042224184090012,0.0765268027668975,0.0256915198677848,-0.0104423264506859,2,Chop,0.9500382073596292,0.9102968164509261,0.22371663148041682,0.44764150610484926,0.33508957045834376,0.33508957045834376,0.32689089285192413,-0.006675844869409763,0.004020452742578229,8.040905485156458e-07,-0.006676648959958279,-0.02042224184090012,1.8004294709831514,1.7733820666684024
2022-05-04,0.050312677532991644,0.1495162956307965,1.34306288957882,0.0055606797880782,2,Chop,0.9731442164592207,0.9463784133362,0.12423922030962116,0.4883387170944411,0.3071638490850831,0.3071638490850831,0.33508957045834376,0.016859253503139333,0.008198677606419624,1.639735521283925e-06,0.01685761376761805,0.050312677532991644,1.830780415620822,1.8626056667314799
2022-05-05,-0.08194136472907673,2.169851889093418,1.9424312310306957,-0.0061371574461532,2,Chop,0.9999983539231513,0.9999967078466573,2.3567076740578464e-05,0.5939073729518137,0.25256463689695624,0.25256463689695624,0.3071638490850831,-0.025169424989467875,0.02792572137326066,5.585144274652132e-06,-0.02517501013374253,-0.08194136472907673,1.7846905001049105,1.7099812164473904
2022-05-06,-0.014713780107637159,2.093004727287181,1.1244803118022624,-0.013040029507761,2,Chop,0.9999986994601998,0.9999980159599848,1.9826171699811395e-05,0.5952106338622634,0.25201162658446596,0.25201162658446596,0.25256463689695624,-0.003716180530267037,0.054599212188126856,1.0919842437625371e-05,-0.003727100372704662,-0.014713780107637159,1.778038779476807,1.6848209288403937
2022-05-07,-0.015067299056939674,2.0977226042365578,-0.86582427375605,-0.0163664016403124,2,Chop,0.9999968365224008,0.9999940016249176,4.428025270551599e-05,0.5943164349456388,0.2523907992107273,0.2523907992107273,0.25201162658446596,-0.0037971345435739573,0.0005530103124902763,1.1060206249805527e-07,-0.0037972451456364555,-0.015067299056939674,1.7712871303526854,1.6594352280481646
2022-05-08,-0.04148559878699712,1.1903598147249064,0.9474094120136056,-0.0205790730295318,2,Chop,0.9999547743865483,0.9999096825114373,0.0004985670767976288,0.593499969589711,0.2527380078952584,0.2527380078952584,0.2523907992107273,-0.010470583433585782,0.0003791726262613593,7.583452525227186e-08,-0.010470659268111034,-0.04148559878699712,1.752740586344772,1.5905925639643494
2022-05-09,-0.1170549632581505,2.0661670518915787,3.1354344909214795,-0.0540526011877602,2,Chop,0.999998920128363,0.9999978402567339,1.591586926589271e-05,0.7393807564074929,0.20287246956334215,0.20287246956334215,0.2527380078952584,-0.029584238228117624,0.0003472086845310862,6.944173690621725e-08,-0.02958430766985453,-0.1170549632581505,1.700886969572907,1.4044058098308152
2022-05-10,0.023678692386482958,2.8967208891929883,2.237298897525465,-0.0329285897646483,2,Chop,0.9999999811137459,0.9999999622275152,3.5477570353487334e-07,0.7568159511450256,0.19819878237642494,0.19819878237642494,0.20287246956334215,0.004803754800476506,0.04986553833191626,9.973107666383253e-06,0.004793781692810122,0.023678692386482958,1.7090406503891848,1.4376603029875885
2022-05-11,-0.06962706368652095,2.937896682219297,2.4498476328285306,-0.043911246480425,2,Chop,0.9999999876461914,0.9999999752923732,2.3730819846989346e-07,0.7926597802441016,0.1892362949887619,0.1892362949887619,0.19819878237642494,-0.013799999243114246,0.004673687186917214,9.347374373834428e-07,-0.013800933980551629,-0.06962706368652095,1.6854542932030847,1.3375602375118887
2022-05-12,0.0038423156405122537,3.2299625502146734,1.875337070855997,-0.0401293235409346,2,Chop,0.9999999930415129,0.9999999860830064,1.3766223265657857e-07,0.7974049557635285,0.1881101928396877,0.1881101928396877,0.1892362949887619,0.0007271055759879105,0.008962487387663032,1.7924974775326065e-06,0.0007253130785103779,0.0038423156405122537,1.6866767752451763,1.342699566132608
2022-05-13,0.008069582993285078,2.7244860326830738,0.2673054625821109,-0.0302182871848782,2,Chop,0.9999999804542201,0.9999999610744015,3.6744965613687046e-07,0.8030133307350871,0.1867964008302183,0.1867964008302183,0.1881101928396877,0.0015179708130027203,0.0011261021490742151,2.2522042981484304e-07,0.0015177455925729055,0.008069582993285078,1.6892367214869,1.3535345917165629
2022-05-14,0.027556540350855446,2.292054392496321,-0.7549975297008502,-0.001295986463077,2,Chop,0.9999942304286722,0.999988626933428,7.612027543208771e-05,0.8214262189789856,0.18260921861788953,0.18260921861788953,0.1867964008302183,0.005147462556872479,0.0013137920094693778,2.627584018938756e-07,0.005147199798470585,0.027556540350855446,1.6979315603993066,1.390833322309479
2022-05-15,0.03921422960887751,1.9206613345040355,-0.894601825513788,0.0018111209814018,2,Chop,0.9999943720183415,0.9999897530299934,7.630450817689302e-05,0.8365666883884995,0.17930429466292636,0.17930429466292636,0.18260921861788953,0.007160879827579629,0.004187182212328777,8.374364424657554e-07,0.007160042391137164,0.03921422960887751,1.7100888223490152,1.445373779558201
2022-05-16,-0.047163938825930986,1.6920471261641516,-0.4228214982628697,0.0063037459535198,2,Chop,0.9999951153894171,0.9999919352542808,6.777989003738532e-05,0.8248135964683999,0.18185927177031783,0.18185927177031783,0.17930429466292636,-0.008456696784708962,0.0033049239549631793,6.609847909926359e-07,-0.008457357769499955,-0.047163938825930986,1.6956259893607866,1.3772042590385134
2022-05-17,0.018675310971867837,1.5022152726632083,-0.653613001507873,0.0092703450197909,2,Chop,0.9998888120676392,0.999786103558375,0.0011534388022732807,0.8159863911926313,0.1838265951724546,0.1838265951724546,0.18185927177031783,0.0033962784534281114,0.0025549771073914707,5.109954214782942e-07,0.003395767458006633,0.018675310971867837,1.7013839409164084,1.4029239768478383
2022-05-18,-0.05768962303395388,1.3466745320682476,-0.4942907847248842,-0.0038814961856568,2,Chop,0.999983630275045,0.9999684889258733,0.00020112748398897374,0.8286263686654075,0.18102247969925364,0.18102247969925364,0.1838265951724546,-0.01060488697911415,0.0019673234021367614,3.934646804273523e-07,-0.010605280443794577,-0.05768962303395388,1.6833402870804215,1.321989821478191
2022-05-19,0.054017472510896065,1.2389991029693677,-0.3370066403128121,0.0014106902463513,2,Chop,0.9999630874214808,0.9999296896085007,0.0004252841442051751,0.8782725290180878,0.1707898118681915,0.1707898118681915,0.18102247969925364,0.009778376821008674,0.0028041154732009466,5.608230946401893e-07,0.009777815997914035,0.054017472510896065,1.6997996786693697,1.3934003703195739
2022-05-20,-0.03742660999960213,1.1879180228402944,-0.577380960349625,-0.0139174776753446,2,Chop,0.999948486977646,0.9999186932177123,0.0005952052477367564,0.8837560549773923,0.16973009594128008,0.16973009594128008,0.1707898118681915,-0.006392083680696222,0.010232667831062137,2.0465335662124276e-06,-0.006394130214262435,-0.03742660999960213,1.6889309381857964,1.341250118086322
2022-05-21,0.007896156156526583,1.069004829206066,-1.4214613646638707,-0.0029054586788531,2,Chop,0.9965865726427298,0.9932248301828295,0.023063860620437707,0.8767573148658347,0.17108497124196068,0.17108497124196068,0.16973009594128008,0.0013402153420145862,0.0010597159269114254,2.1194318538228507e-07,0.001340003398829204,0.007896156156526583,1.691194111383353,1.3518408384636913
2022-05-22,0.02984011653578575,0.9880787660745348,-1.0626141935365374,-0.0006724975660695,2,Chop,0.9988590075069359,0.9978097216229858,0.00919065911144126,0.8941693203032641,0.16775346301204608,0.16775346301204608,0.17108497124196068,0.00510519547938166,0.001354875300680597,2.709750601361194e-07,0.005104924504321524,0.02984011653578575,1.6998275296441183,1.3921799266212822
2022-05-23,-0.04122961033666706,0.9398012768546712,-0.4407579828236974,0.0026195049733878,2,Chop,0.9996840914170354,0.9994929977018783,0.0030740665155274006,0.902326739129321,0.16623690011086115,0.16623690011086115,0.16775346301204608,-0.006916409912613151,0.003331508229914598,6.663016459829197e-07,-0.006917076214259134,-0.04122961033666706,1.688069693070474,1.334780890728157
2022-05-24,0.01894978176706928,0.835958465257214,-0.7156091549069205,-0.0043940331753775,2,Chop,0.9951362278555008,0.99046806009995,0.031576275357886735,0.8693879715115566,0.17253516831985072,0.17253516831985072,0.16623690011086115,0.0031501529787349137,0.0015165629011849313,3.033125802369863e-07,0.0031498496661546767,0.01894978176706928,1.6933868588296377,1.3600746973143099
2022-05-25,-0.0031485281301596416,0.5680341113932648,-0.6027095146030731,0.0024615831985109,2,Chop,0.963563017348095,0.9279178437472094,0.1602654555505633,0.8156119431340779,0.18391099010101375,0.18391099010101375,0.17253516831985072,-0.0005432318308968786,0.006298268208989571,1.2596536417979144e-06,-0.0005444914845386765,-0.0031485281301596416,1.6924648241049751,1.3557924638706973
2022-05-26,-0.010033699544872113,0.5924777386552033,-0.0073069986235442,-0.0011243879417687,2,Chop,0.9661447435542343,0.9333742081179514,0.1526974419757534,0.815408274371801,0.18395692650477646,0.18395692650477646,0.18391099010101375,-0.0018453076176735213,0.011375821781163031,2.2751643562326064e-06,-0.0018475827820297538,-0.010033699544872113,1.6893378552367677,1.3421888496430168
2022-05-27,-0.022097889022563728,0.5109082737414148,-0.0597611803661796,-0.0115119890534386,2,Chop,0.9919951333207079,0.9854218054585414,0.050377128135774635,0.8167318763947078,0.18365880448078462,0.18365880448078462,0.18395692650477646,-0.0040650597468344625,4.593640376271413e-05,9.187280752542827e-09,-0.004065068934115215,-0.022097889022563728,1.68247058040222,1.3125293093962829
2022-05-28,0.006522241153916333,0.4039756003262371,-0.124919627660478,-0.0019616187553219,2,Chop,0.9426647664715584,0.8874596855731428,0.22867556174151404,0.8077379306760305,0.1857037961241446,0.1857037961241446,0.18365880448078462,0.0011978670128636468,0.00029812202399184806,5.962440479836961e-08,0.0011978073884588484,0.006522241153916333,1.6844858560942904,1.3210899420737487
2022-05-29,0.02166399017895866,-0.0451186517685059,-1.166338574569256,-0.001418777072944,2,Bull,1.0,1.0,2.5041929237334737e-284,0.6513925714862766,0.23027588364685575,0.23027588364685575,0.1857037961241446,0.00402308521542881,0.0020449916433599724,4.089983286719945e-07,0.004022676217100138,0.02166399017895866,1.6912619972856422,1.3497100216043554
2022-05-30,0.07459222816391974,-0.8220377142089308,0.3800636443809112,0.0141293741858717,2,Bull,0.9980962541895438,0.9961931668749303,0.013832772742998474,0.7216130669830715,0.20786763275659875,0.20786763275659875,0.23027588364685575,0.0171767912536345,0.04457208752271116,8.914417504542233e-06,0.017167876836129956,0.07459222816391974,1.720297374952669,1.4503878994909964
2022-05-31,0.0020756074770069063,-3.305700331728347,0.1178692707813997,0.0165512355902475,2,Bull,0.9999999766253789,0.9999999532507584,4.341044523529748e-07,0.6478039487421773,0.23155153699086087,0.23155153699086087,0.20786763275659875,0.0004314516127773221,0.022408250890256998,4.4816501780514e-06,0.0004269699625992707,0.0020756074770069063,1.721031890258512,1.4533983354597404
2022-06-01,-0.06474693067083527,-3.598065888489652,1.4520478839231763,0.0080214272605932,2,Bull,0.9999997391587085,0.9999994783174186,4.215026631096878e-06,0.712589357235524,0.21049991622373082,0.21049991622373082,0.23155153699086087,-0.014992251312272617,0.023683904234262115,4.736780846852423e-06,-0.01499698809311947,-0.06474693067083527,1.6952215954924263,1.3592952541966212
2022-06-02,0.02218263391098452,-2.9886290260681463,-0.1938163638473918,0.0111535058120069,2,Bull,0.999999968478726,0.9999999369574529,5.759757145212093e-07,0.71770599106422,0.20899923069832377,0.20899923069832377,0.21049991622373082,0.004669442579883932,0.021051620767130047,4.210324153426009e-06,0.004665232255730506,0.02218263391098452,1.7031301979603286,1.3894480031974035
2022-06-03,-0.02536528971019155,-2.40582639630388,-0.6239441456998569,0.0017476498341768,2,Bull,0.9999997991780762,0.9999995983561504,3.2976661840310403e-06,0.7170878360475954,0.20917939540957994,0.20917939540957994,0.20899923069832377,-0.005301326035870142,0.0015006855254070528,3.001371050814106e-07,-0.005301626172975224,-0.02536528971019155,1.6941008383268377,1.354204252059054
2022-06-04,0.00431741536890466,-2.138195463724351,-1.8563170107258529,-0.0123073127248261,2,Bull,0.9999996090255703,0.9999992180511625,6.15965524767311e-06,0.6949622110659714,0.21583907385398943,0.21583907385398943,0.20917939540957994,0.0009031143365995053,0.0001801647112561755,3.6032942251235104e-08,0.000903078303657254,0.00431741536890466,1.6956307440381382,1.3600509143095298
2022-06-05,0.002468985857085947,-1.9825169142573424,-1.5463357463717051,-0.0122286370488103,2,Bull,0.9999992246635351,0.9999984493275149,1.1684302442286913e-05,0.6652695642009955,0.22547251230432216,0.22547251230432216,0.21583907385398943,0.000532903620752029,0.006659678444409484,1.3319356888818968e-06,0.0005315716850631472,0.002468985857085947,1.6965320933299914,1.3634088607818768
2022-06-06,0.04779217112896654,-1.6720898452177944,0.3724590212765518,0.01027918331115,2,Bull,0.9999881712150588,0.9999763424618219,0.00014602641814433575,0.6920014389404081,0.21676255504566558,0.21676255504566558,0.22547251230432216,0.01077582089292618,0.009633438450332737,1.9266876900665477e-06,0.010773894205236112,0.04779217112896654,1.7148103506193164,1.4285691303751138
2022-06-07,-0.006883334658869973,-1.1739281389861076,1.3926869223672402,0.0044659895971791,2,Bull,0.9999213102273343,0.9998426230867489,0.0008223345777065225,0.6406072735888197,0.23415282058798323,0.23415282058798323,0.21676255504566558,-0.0014920492078910402,0.008709957258656587,1.7419914517313175e-06,-0.0014937911993427714,-0.006883334658869973,1.7122487820090193,1.418735810967411
2022-06-08,-0.030672946983430784,-1.0665675328953304,0.1039324536993536,0.0034044581425312,2,Bull,0.9999240473870878,0.9998483133876385,0.0007978880229976392,0.615426064006556,0.24373358356561592,0.24373358356561592,0.23415282058798323,-0.0071821570519159895,0.01739026554231765,3.4780531084635302e-06,-0.007185635105024453,-0.030672946983430784,1.69994518705248,1.375219002654113
2022-06-09,-0.0033934595457949636,-1.0891197344376164,-0.8923852250356181,0.0018622831595913,2,Bull,0.9999734725240036,0.9999472582592803,0.000307757598398626,0.5925915464477032,0.25312544685994376,0.25312544685994376,0.24373358356561592,-0.0008271000557815538,0.00958076297763269,1.916152595526538e-06,-0.0008290162083770804,-0.0033934595457949636,1.698535904939061,1.3705522526019978
2022-06-10,-0.03474221923780006,-0.9505385841914564,0.0361261197596453,-0.0055799578593858,2,Bull,0.9998438531562347,0.9996885014283627,0.0015297083821065012,0.6114943317629249,0.24530072023325752,0.24530072023325752,0.25312544685994376,-0.008794139769474275,0.00939186329432784,1.8783726588655682e-06,-0.008796018142133141,-0.03474221923780006,1.6835955523041524,1.3229362257652384
2022-06-11,-0.02517319741030233,-0.8465506883394719,-0.351810103970635,-0.0201730315672396,2,Bull,0.9996126735962065,0.9992269721390933,0.0034406978088735024,0.6040096026061033,0.24834042265685713,0.24834042265685713,0.24530072023325752,-0.006175003455321135,0.007824726626686235,1.564945325337247e-06,-0.006176568400646472,-0.02517319741030233,1.6731967092163216,1.2896336909928097
2022-06-12,-0.05800108151881945,-0.7737746624650342,0.5533060781488083,-0.0303965809392295,2,Bull,0.9903804474929054,0.9807610821224816,0.05424814595242,0.6279906719075894,0.2388570510838303,0.2388570510838303,0.24834042265685713,-0.014404013098938446,0.003039702423599605,6.079404847199211e-07,-0.014404621039423166,-0.05800108151881945,1.6490949446956504,1.2148335421521197
2022-06-13,-0.17405255177667042,0.0604449293612033,3.1911360652960576,-0.0590725018978774,0,Chop,0.9997056931368786,0.9994113862737706,0.0026872395696971845,0.950069895162083,0.15788312077229838,0.15788312077229838,0.2388570510838303,-0.04157367925099118,0.009483371573026839,1.8966743146053679e-06,-0.04157557592530579,-0.17405255177667042,1.5805328726144183,1.0033886641566518
2022-06-14,-0.012556416941057361,0.5735791368142236,1.4703934884617058,-0.0609050933769299,0,Chop,0.9999927473126854,0.9999883613021786,9.794882267267702e-05,0.9488864082066741,0.1580800385617168,0.1580800385617168,0.15788312077229838,-0.0019824462923722927,0.08097393031153191,1.6194786062306383e-05,-0.0019986410784345993,-0.012556416941057361,1.5773739546893948,0.9907896977355704
2022-06-15,0.01634917508386348,1.44333167690225,1.6037915370122402,-0.0506868145125972,0,Chop,0.9999995666185499,0.9999991677795745,6.903634077392658e-06,0.9578195372066747,0.15660570094179815,0.15660570094179815,0.1580800385617168,0.002584478227709398,0.00019691778941841043,3.938355788368209e-08,0.0025844388441515144,0.01634917508386348,1.581450581209647,1.0069882919751374
2022-06-16,-0.10211240133010355,1.6903618320630915,-0.2091706904183671,-0.0660746552965574,0,Chop,0.9999999256657502,0.9999998517049178,1.2968573463724117e-06,1.0306661253984737,0.14553694577087933,0.14553694577087933,0.15660570094179815,-0.01599138418515107,0.0014743376199186364,2.948675239837273e-07,-0.015991679052675054,-0.10211240133010355,1.556160531077276,0.9041622993702566
2022-06-17,0.004397810882562394,1.7777236780782564,-0.4868122345809272,-0.0535948768162811,0,Chop,0.9999544470965155,0.9999089174062807,0.0005011268775542972,1.0297748082300946,0.14566291465005787,0.14566291465005787,0.14553694577087933,0.0006400439639260661,0.01106875517091882,2.213751034183764e-06,0.0006378302128918823,0.004397810882562394,1.557153097280107,0.9081386341700298
2022-06-18,-0.07366571122488891,2.3027312419760384,0.5814211295859476,-0.0335175087059247,0,Chop,0.9999995435239317,0.9999990874188052,7.123913140447759e-06,1.0413134476393036,0.1440488455613971,0.1440488455613971,0.14566291465005787,-0.010730362206786803,0.0001259688791785396,2.5193775835707923e-08,-0.01073038740056264,-0.07366571122488891,1.5404442413043056,0.8412399557930954
2022-06-19,0.07765301952407,2.2691874106578096,0.0683394742500323,-0.0154756214128993,0,Chop,0.9998989414242831,0.9997978876010299,0.0010308252998378557,1.0468272433703545,0.1432901187373205,0.1432901187373205,0.1440488455613971,0.011185827816798914,0.001614069088660769,3.228138177321538e-07,0.011185505002981181,0.07765301952407,1.5576748880722284,0.9065647785047245
2022-06-20,0.002248480532576946,2.001755937459478,-0.2788436620185887,-0.0182957603231566,0,Chop,0.9788265462987554,0.9576533223007182,0.1025743662764275,1.0469029479186556,0.14327975701875184,0.14327975701875184,0.1432901187373205,0.0003221850424915042,0.0007587268240765999,1.5174536481532e-07,0.00032203329712668887,0.002248480532576946,1.5581765112522858,0.9086031717607123
2022-06-21,0.005376928208097346,1.7559142769558476,-0.3787566876084449,0.0032021055844835,0,Chop,0.6303181568905984,0.2606386383644607,0.6588163008632597,1.034293544220058,0.1450265264036935,0.1450265264036935,0.14327975701875184,0.0007704049671634605,1.0361718568663303e-05,2.072343713732661e-09,0.0007704028948197467,0.005376928208097346,1.5593769349471946,0.9134886657849192
2022-06-22,-0.03556200532463169,1.5435597819139508,-0.4078854889798993,-0.0047898576569552,1,Bear,0.7004231671433533,0.40086355804923485,0.6106907202309423,1.0203146848442675,0.14701346773509857,0.6,0.1450265264036935,-0.005157434104180987,0.001746769384941671,3.493538769883342e-07,-0.005157783458057976,-0.03556200532463169,1.551334006387247,0.8810031769882851
2022-06-23,0.053519949652552336,1.391889439097605,-0.5978845310304451,0.0206472745185329,1,Bear,0.6426342781607792,0.28533193212111985,0.6524982243070326,1.0684652569443613,0.14038828031617598,0.6,0.6,0.0321119697915314,0.45497347359630647,9.09946947192613e-05,0.03202097509681214,0.053519949652552336,1.6010092339726107,0.9281544226644367
2022-06-24,0.006889809613761697,1.264700059018153,-0.7573823286850975,0.0064946325364713,1,Bear,0.9782692190458413,0.9565752578493305,0.10497236899626575,1.0695134206361931,0.14025069448008745,0.6,0.6,0.004133885768257018,0.0,0.0,0.004133885768257018,0.006889809613761697,1.6076276232597784,0.9345492299287657
2022-06-25,0.01266838104662478,1.1540719833360562,-1.3149461066791222,0.0085786126392808,1,Bear,0.9963337737117689,0.9927573479918554,0.02464365771728875,1.0739595588208537,0.1396700637076981,0.6,0.6,0.0076010286279748675,0.0,0.0,0.0076010286279748675,0.01266838104662478,1.619847246847299,0.946388455680333
2022-06-26,-0.02234031636729734,1.0204101499706688,-1.231720035438655,0.0030351637242019,1,Bear,0.9975881294595862,0.9953029887197823,0.01744285318229105,1.0343715109246805,0.1450155948957903,0.6,0.6,-0.013404189820378404,0.0,0.0,-0.013404189820378404,-0.02234031636729734,1.5981345068705406,0.9252458381740764
2022-06-27,-0.013975180844796839,0.8063983343751698,-0.905933615751974,0.0073525286201689,1,Bear,0.9983119130947161,0.9968677445660408,0.013160921564224114,1.0330864458313467,0.14519598103844233,0.6,0.6,-0.008385108506878102,0.0,0.0,-0.008385108506878102,-0.013975180844796839,1.584733975621845,0.912315360259698
2022-06-28,-0.022179692795419582,0.7433929287719427,-0.8232309581135163,-0.0077873998694254,1,Bear,0.9973468871808275,0.9950756065189886,0.01948103130892321,1.0320939113190055,0.14533561176453558,0.6,0.6,-0.013307815677251748,0.0,0.0,-0.013307815677251748,-0.022179692795419582,1.5636446279767913,0.8920804858365954
2022-06-29,-0.00874651225988825,0.6652874941938131,-0.666496538350972,-0.0109146642441554,1,Bear,0.9969838939284029,0.9945563099180024,0.022005059445879657,1.0306984081567792,0.14553238737241123,0.6,0.6,-0.005247907355932949,0.0,0.0,-0.005247907355932949,-0.00874651225988825,1.555438765831567,0.8842778929304186
2022-06-30,-0.016009711756282033,0.748946372158758,-0.4398090806382521,-0.0166502828047368,1,Bear,0.9924482558419061,0.9855028783158196,0.04653143376824455,1.028725924631825,0.14581143179966435,0.6,0.6,-0.009605827053769219,0.0,0.0,-0.009605827053769219,-0.016009711756282033,1.5404974900542607,0.8701208587521502
2022-07-01,-0.02639361166796203,0.8152333319938532,-0.1060017828353231,-0.0174609418648697,1,Bear,0.9820963287410533,0.9648298359030392,0.09251556621760505,1.0288738067604957,0.14579047402546758,0.6,0.6,-0.015836167000777217,0.0,0.0,-0.015836167000777217,-0.02639361166796203,1.5161019145374834,0.8471552267020522
2022-07-02,-0.0014079558563739067,0.7773837531291036,-0.9978943726138424,-0.0149474968671851,1,Bear,0.9949086430219886,0.9902996395499293,0.03355728426943115,1.016334176006541,0.1475892511943184,0.6,0.6,-0.000844773513824344,0.0,0.0,-0.000844773513824344,-0.0014079558563739067,1.5148211517958237,0.8459624695393594
2022-07-03,0.0028449039765122944,0.2024317292621003,-1.183317255715467,-0.0099425775127987,1,Bear,0.9843636246351827,0.9722394070222254,0.08886125220915277,0.7301870200518424,0.2054268233764963,0.6,0.6,0.0017069423859073765,0.0,0.0,0.0017069423859073765,0.0028449039765122944,1.517406864226893,0.8483691515329321
2022-07-04,0.04727542718300751,-0.3267948414735895,-0.6217054589336801,0.0012618103757803,1,Bear,0.5205599388571718,0.06043967956042895,0.7732720419226697,0.7663071037907596,0.19574397687034562,0.6,0.6,0.028365256309804503,0.0,0.0,0.028365256309804503,0.04727542718300751,1.5604484988569454,0.8884761655805372
2022-07-05,-0.002035878126304793,-1.6046437305760974,0.1325023619998587,0.0040565771017758,2,Bull,0.9999804864818541,0.9999610111737185,0.0002314022253618313,0.7606287099454531,0.19720528299642665,0.19720528299642665,0.6,-0.0012215268757828758,0.0,0.0,-0.0012215268757828758,-0.002035878126304793,1.5585423690773166,0.8866673363892886
2022-07-06,0.017582449257883936,-2.178640673200856,-0.1487236286059437,0.012851789286945,2,Bull,0.999999395641607,0.9999987912832488,9.258226077751489e-06,0.6293466837034172,0.23834240154777436,0.23834240154777436,0.19720528299642665,0.0034673518816713132,0.40279471700357333,8.055894340071467e-05,0.0033867929382705984,0.017582449257883936,1.563820829366903,0.9022571198399765
2022-07-07,0.05165639338861742,-2.2440007252961927,0.0548683197700286,0.0234646591359432,2,Bull,0.9999974281820516,0.9999948563640951,3.56734201127418e-05,0.6663951357205837,0.2250916790348456,0.2250916790348456,0.23834240154777436,0.01231190885553965,0.04113711855134772,8.227423710269544e-06,0.01230368143182938,0.05165639338861742,1.5830615826678924,0.9488644685601112
2022-07-08,0.0043132227124235666,-2.9394094848492216,3.2005464439678737,0.0237583228831255,2,Bull,0.9999988903697857,0.9999977807395666,1.632430629936424e-05,0.5710094068015134,0.2626926950997516,0.2626926950997516,0.2250916790348456,0.0009708705423906516,0.013250722512928775,2.650144502585755e-06,0.0009682203978880658,0.0043132227124235666,1.5845943351833445,0.9529571323369165
2022-07-09,-0.0064127411638449485,-2.8607101842299154,0.56130806423549,0.013020689213755,2,Bull,0.9999999262988721,0.9999998525977497,1.2841129230334202e-06,0.4751359870106018,0.3156990926823925,0.3156990926823925,0.2626926950997516,-0.0016845802593075474,0.03760101606490604,7.520203212981209e-06,-0.0016921004625205286,-0.0064127411638449485,1.5819130423758734,0.946846064907
2022-07-10,-0.03447747972502637,-2.398370540289841,0.4484781294332072,0.0065323688940107,2,Bull,0.999999496520174,0.9999989930403393,7.804804393091597e-06,0.5006756698671257,0.2995951451761346,0.2995951451761346,0.3156990926823925,-0.010884509067166408,0.05300639758264086,1.0601279516528173e-05,-0.010895110346682937,-0.03447747972502637,1.5646779252203313,0.9142011989014479
2022-07-11,-0.04359596339476734,-2.121173227867413,-0.1518669622015125,-0.0057033136365195,2,Bull,0.9999984931419859,0.9999969862840604,2.1707018751832478e-05,0.5343340267405952,0.28072327887293796,0.28072327887293796,0.2995951451761346,-0.013061138982348772,0.016103947506257876,3.220789501251575e-06,-0.013064359771850022,-0.04359596339476734,1.5442364098781811,0.874345716898688
2022-07-12,-0.03291562138901987,-1.8408042144437968,0.1010487933973027,-0.0226177165920469,2,Bull,0.999988388372116,0.9999767767459515,0.0001435603641497254,0.5312342361252027,0.28236131973363177,0.28236131973363177,0.28072327887293796,-0.009240181162465867,0.01887186630319665,3.77437326063933e-06,-0.009243955535726506,-0.03291562138901987,1.5299615571686171,0.8455660843181397
2022-07-13,0.044936759944821686,-1.564925094995561,1.0414035295407087,-0.0144930091455673,2,Bull,0.9999575314369279,0.9999150628934002,0.0004699882224441783,0.5151198190385925,0.29119438712328416,0.29119438712328416,0.28236131973363177,0.012688402842573252,0.0016380408606938013,3.276081721387603e-07,0.012688075234401113,0.044936759944821686,1.5493738245117141,0.8835630844666268
2022-07-14,0.017549651263241726,-1.3308501736221412,0.7300811400580886,-0.00970053066015,2,Bull,0.9999648524644159,0.9999297069815841,0.0003956405614438046,0.5206829404135416,0.28808318528904675,0.28808318528904675,0.29119438712328416,0.005110359943827044,0.008833067389652394,1.7666134779304788e-06,0.005108593330349114,0.017549651263241726,1.5572889452978322,0.8990693084680904
2022-07-15,0.012868197042892807,-1.1827401206551635,-0.0302694960664464,-0.0002313953065662,2,Bull,0.9999711881949027,0.9999424487009871,0.00033053608720917855,0.5207886944721785,0.28802468562038513,0.28802468562038513,0.28808318528904675,0.003707111193043652,0.0031112018342374093,6.222403668474819e-07,0.0037064889526768046,0.012868197042892807,1.5630610195697043,0.9106387094846752
2022-07-16,0.016846296291970084,-1.039034659045841,-0.3063309627331151,0.0118570566307812,2,Bull,0.9999437058537886,0.9998878249311803,0.0006095687104552759,0.5176664812655772,0.28976185522633024,0.28976185522633024,0.28802468562038513,0.004852149193362543,5.849966866161571e-05,1.1699933732323142e-08,0.004852137493428811,0.016846296291970084,1.5706452065472754,0.9259795989995911
2022-07-17,-0.01958489970974724,-0.945689495398042,-0.5228322903379264,0.0145232009666358,2,Bull,0.9999048660714195,0.9998108917933806,0.000982354303459583,0.5211988199622111,0.2877980422343926,0.2877980422343926,0.28976185522633024,-0.005674956874317977,0.0017371696059451103,3.474339211890221e-07,-0.005675304308239166,-0.01958489970974724,1.5617313170398424,0.9078443814199122
2022-07-18,0.07891967823012867,-0.8221852750614987,1.689594596877673,0.0213197846236972,2,Bull,0.9897497647210461,0.9794995357103469,0.057148354683352054,0.6096055961603936,0.24606073327537734,0.24606073327537734,0.2877980422343926,0.022712928888399247,0.0019638129919376524,3.9276259838753047e-07,0.022712536125800858,0.07891967823012867,1.5972021959969045,0.9794911678846019
2022-07-19,0.03940528200341783,-0.5204156852015098,2.295433831140429,0.0256909107717324,2,Bull,0.9799227362168863,0.9598454886834726,0.09833990212754318,0.6230606235411857,0.2407470386227748,0.2407470386227748,0.24606073327537734,0.009696092584684022,0.04173730895901526,8.347461791803053e-06,0.009687745122892218,0.03940528200341783,1.6126754837814463,1.0180882935749518
2022-07-20,-0.006765243636369361,-0.6209976379000902,1.4438729996228017,0.0217642226358799,2,Bull,0.9969080294727521,0.9938167674603023,0.02096216486737878,0.6175675894457339,0.2428883940211707,0.2428883940211707,0.2407470386227748,-0.0016287123710174958,0.005313694652602535,1.062738930520507e-06,-0.0016297751099480164,-0.006765243636369361,1.610047185417556,1.0112006782255818
2022-07-21,-0.0028926217700481673,-0.7245986690490362,0.4222644298377908,0.0178164390234763,2,Bull,0.9995229918759558,0.9990505318605466,0.0041507294132090535,0.6003220234255398,0.24986589554731714,0.24986589554731714,0.2428883940211707,-0.0007025842562376755,0.002141355398395911,4.282710796791822e-07,-0.0007030125273173548,-0.0028926217700481673,1.6089153020766356,1.008275657129859
2022-07-22,-0.019601945764881813,-0.5753654431847626,0.1183677903625581,0.0178130298124494,2,Bull,0.9991036997750808,0.9982384106105852,0.007320235223810723,0.6114301373114903,0.24532647451688036,0.24532647451688036,0.24986589554731714,-0.004897857733012135,0.006977501526146429,1.3955003052292859e-06,-0.004899253233317364,-0.019601945764881813,1.6010328185808027,0.9885114923827489
2022-07-23,-0.011044710597189035,-0.4510846793452708,-0.799324687821593,-0.0001798479530141,2,Bull,0.9991466398295662,0.9986152634470328,0.007448669771059642,0.6166656428168384,0.24324364709994534,0.24324364709994534,0.24532647451688036,-0.0027095599128676142,0.00453942103043678,9.07884206087356e-07,-0.0027104677970737016,-0.011044710597189035,1.5966932706839811,0.9775936690273861
2022-07-24,0.006375470790258249,-0.4578268236585966,-0.8758459627558518,-0.006785810195646,2,Bull,0.9991897465358877,0.9986462600125721,0.007090849340934567,0.590305480243997,0.25410572156301,0.25410572156301,0.24324364709994534,0.001550792767001587,0.0020828274169350236,4.1656548338700475e-07,0.0015503762015182001,0.006375470790258249,1.5991687459319737,0.9838262889090117
2022-07-25,-0.056755659782032404,-0.6501264809326187,0.514828093226944,-0.0167838934247786,2,Bull,0.9963354752197967,0.9926745686175275,0.02424098508849386,0.647354205510857,0.23171240523822362,0.23171240523822362,0.25410572156301,-0.014421937881698049,0.010862074463064642,2.1724148926129283e-06,-0.014424110296590662,-0.056755659782032404,1.5761021595577904,0.9279885787710722
2022-07-26,-0.0057250438268413185,-0.6425311756525993,-0.3498910059173078,-0.0173503778361372,2,Bull,0.9993519428880706,0.9987264764146443,0.005503595361348754,0.6447961888153372,0.23263164795621707,0.23263164795621707,0.23171240523822362,-0.0013265636752116461,0.02239331632478636,4.478663264957272e-06,-0.0013310423384766035,-0.0057250438268413185,1.5740043008536546,0.9226758034867996
2022-07-27,0.07659542154936112,-0.6948538296457883,-0.0038265142801285,0.0018890956267113,2,Bull,0.9976614083598254,0.9953290320792002,0.01654659174722218,0.6892193945762304,0.21763752033157477,0.21763752033157477,0.23263164795621707,0.01781851914092902,0.000919242717993457,1.8384854359869141e-07,0.017818335292385423,0.07659542154936112,1.6020504372379218,0.9933485456082665
2022-07-28,0.03905783089201425,-0.8216350179194895,1.2395931612469582,0.0119096039245519,2,Bull,0.9993061191884817,0.9986124171661107,0.0057420373751225825,0.7063558289154789,0.21235755954659036,0.21235755954659036,0.21763752033157477,0.00850044946486796,0.014994127624642306,2.9988255249284614e-06,0.008497450639343032,0.03905783089201425,1.6156637817500887,1.0321465851194624
2022-07-29,-0.001647644691440151,-0.4656785940842092,0.5893193311427047,0.0103049808282122,2,Bull,0.998795515545786,0.9976538173172012,0.009546541891559087,0.7052159717662085,0.21270079806094866,0.21270079806094866,0.21235755954659036,-0.0003498898056741254,0.005279960784984411,1.0559921569968822e-06,-0.00035094579783112226,-0.001647644691440151,1.6150967713351756,1.0304459742777023
2022-07-30,-0.006254683466181995,0.0874392170119276,-0.4743714317970147,0.0204051760913823,2,Bull,0.9706905293721814,0.9558136559412747,0.1526459749420554,0.6849757208214421,0.21898586393706887,0.21898586393706887,0.21270079806094866,-0.001330376164875531,0.00034323851435830166,6.864770287166034e-08,-0.0013304448125784026,-0.006254683466181995,1.6129479742139405,1.0240008608795939
2022-07-31,-0.013589886059606543,0.192288652436653,-1.0983305509789332,0.0188322076448293,2,Bull,1.0,1.0,2.11642428353065e-282,0.6543036803025435,0.22925134691377785,0.22925134691377785,0.21898586393706887,-0.0029759929395692672,0.0062850658761202105,1.2570131752240422e-06,-0.0029772499527444913,-0.013589886059606543,1.6081458249339327,1.0100848058553011
2022-08-01,-0.0009730647082914476,0.07866111437408,-0.7838999267428609,0.0033185103932988,2,Bull,0.967151267358386,0.939840615942494,0.1594110831921347,0.6299040046313368,0.23813152305292984,0.23813152305292984,0.22925134691377785,-0.0002230763950100767,0.010265482976708984,2.0530965953417968e-06,-0.0002251294916054185,-0.0009730647082914476,1.6077837838819378,1.009101927978342
2022-08-02,-0.01452024708261338,-0.6346459062312626,-0.4021397865904185,-0.0073971052016267,2,Bull,0.9993524528857118,0.9989507856967264,0.005831755562070037,0.6165087215635685,0.2433055604137685,0.2433055604137685,0.23813152305292984,-0.0034577285528875853,0.008880176139151985,1.776035227830397e-06,-0.0034595045881154157,-0.01452024708261338,1.6022216485049008,0.9944495186525549
2022-08-03,-0.005744061707541017,-1.0604560205908569,-0.6484548730386981,-0.0082163886048468,2,Bull,0.9999573630757793,0.9999151505823988,0.0004740612478047245,0.6164564382535669,0.24332619580542125,0.24332619580542125,0.2433055604137685,-0.001397562152804535,0.005174037360838657,1.0348074721677314e-06,-0.0013985969602767028,-0.005744061707541017,1.5999807861776123,0.9887373392523802
2022-08-04,-0.009479525568520927,-1.0343785359409543,-0.7976412982967592,-0.0088613570253146,2,Bull,0.9999531548576871,0.9999068291423886,0.0005166824259547868,0.6185389679460541,0.24250695230746117,0.24250695230746117,0.24332619580542125,-0.0023066168946284204,2.063539165275685e-05,4.1270783305513705e-09,-0.002306621021706751,-0.009479525568520927,1.596290236861888,0.9793645783643858
2022-08-05,0.028675899088160428,-1.411798222846707,-0.328944489758841,-0.0004081999957612,2,Bull,0.9999888520215046,0.9999777085267497,0.0001383218157996119,0.6252387621892781,0.23990835033127808,0.23990835033127808,0.24250695230746117,0.00695410489254609,0.0008192434979600871,1.6384869959201742e-07,0.0069539410438464976,0.028675899088160428,1.6073907450578933,1.0074487381840818
2022-08-06,-0.014185359813054537,-1.7236648241471475,-1.9058352955125049,-0.0030506590167138,2,Bull,0.9999985578079585,0.9999971156365508,2.0838982072195002e-05,0.6216211622988541,0.24130452612854442,0.24130452612854442,0.23990835033127808,-0.003403186271605521,0.0025986019761830847,5.19720395236617e-07,-0.0034037059920007575,-0.014185359813054537,1.6019196595474532,0.9931577153397327
2022-08-07,0.009303252730044901,-2.2041837330259813,-1.6828495472637797,0.0017140409458177,2,Bull,0.9999998113642299,0.9999996227284758,3.1093681013883244e-06,0.5264264387831743,0.2849400959927515,0.2849400959927515,0.24130452612854442,0.002244916991477572,0.0013961757972663358,2.7923515945326715e-07,0.0022446377563181187,0.009303252730044901,1.6055153888978617,1.0023973125663324
2022-08-08,0.02697154534457858,-3.159624065729198,-0.0202332927368268,0.0082571623562416,2,Bull,0.9999999839069958,0.99999996781399,3.0488008010199964e-07,0.5117067272292819,0.2931366582030278,0.2931366582030278,0.2849400959927515,0.007685274719557071,0.04363556986420708,8.727113972841416e-06,0.007676547605584229,0.02697154534457858,1.6178402042122342,1.029433517135499
2022-08-09,-0.02747099349637511,-2.7974661971298524,-0.6861013071823007,0.0046588687706708,2,Bull,0.999999956539413,0.9999999130788227,7.801789256841704e-07,0.525126725981663,0.2856453358369688,0.2856453358369688,0.2931366582030278,-0.00805275523104451,0.008196562210276315,1.639312442055263e-06,-0.008054394543486566,-0.02747099349637511,1.604809480899194,1.001153955681319
2022-08-10,0.03325679505388167,-2.2062138801444635,0.8453075269759451,0.005575047963815,2,Bull,0.9999989668262906,0.999997933652585,1.5273277564343604e-05,0.5438667759091939,0.27580283746739587,0.27580283746739587,0.2856453358369688,0.009499648392027271,0.007491322366059039,1.4982644732118079e-06,0.00949815012755406,0.03325679505388167,1.6200522022748964,1.0344491276027954
2022-08-11,0.00041276206736784357,-1.8262164397948204,1.4318947574410696,0.0084946723398995,2,Bull,0.9999947797920867,0.999989559584439,6.871344835071643e-05,0.5354904300393366,0.28011705081075144,0.28011705081075144,0.27580283746739587,0.00011384094937895966,0.009842498369572905,1.968499673914581e-06,0.00011187244970504508,0.00041276206736784357,1.6202334414834152,1.0348761089632914
2022-08-12,0.018415982056898608,-1.7612706577806954,-0.1406583364412447,0.0103172182052703,2,Bull,0.9999973296001258,0.9999946592282039,3.694074035623905e-05,0.5357928414135572,0.27995894757433115,0.27995894757433115,0.28011705081075144,0.005158630581562154,0.004314213343355577,8.628426686711155e-07,0.0051577677388934835,0.018415982056898608,1.6285902292573746,1.0539343688170724
2022-08-13,0.0008704221288590054,-1.587359306516846,-0.8106395089386184,0.0050969935621263,2,Bull,0.9999968597997501,0.9999937201171596,4.293540268216084e-05,0.5358669262529868,0.2799202426036345,0.2799202426036345,0.27995894757433115,0.000243682463140776,0.00015810323642029278,3.162064728405856e-08,0.00024365084249349195,0.0008704221288590054,1.6289870366388097,1.0548517366140557
2022-08-14,-0.0042973830773317305,-1.4402944377067357,-0.7282320668051148,0.009731715645935,2,Bull,0.9999933051546038,0.9999866137878963,8.648815225644933e-05,0.4638993680428431,0.3233459890942271,0.3233459890942271,0.2799202426036345,-0.0012029245135674516,3.87049706966347e-05,7.74099413932694e-09,-0.0012029322545615909,-0.0042973830773317305,1.6270274755901741,1.0503186346120366
2022-08-15,-0.00752687118445491,-1.009797552237327,1.139058215714819,0.0015749823982677,2,Bull,0.9998732204990075,0.9997464846948855,0.0012647637659615038,0.46487316023892805,0.3226686606791956,0.3226686606791956,0.3233459890942271,-0.0024337836079224096,0.04342574649059261,8.685149298118523e-06,-0.002442468757220528,-0.00752687118445491,1.6230535118139058,1.0424130215466791
2022-08-16,-0.010565706274135412,-1.359133549265822,0.0209571750387481,-0.0006207112700328,2,Bull,0.9999861517182117,0.9999723110283869,0.0001688383494404148,0.3459186511251872,0.4336279628522121,0.4336279628522121,0.3226686606791956,-0.003409222292605047,0.0006773284150315417,1.3546568300630835e-07,-0.003409357758288053,-0.010565706274135412,1.6175199417312862,1.031399191744683
2022-08-17,-0.023181944883864696,-1.2414419236804777,0.6647443189310853,-0.0089402966581855,2,Bull,0.9999454961955901,0.9998910000453265,0.0005896548026107277,0.31909889955858023,0.4700736988046647,0.4700736988046647,0.4336279628522121,-0.010052339534942509,0.11095930217301653,2.2191860434603305e-05,-0.010074531395377112,-0.023181944883864696,1.601224186295666,1.0074893525283952
2022-08-18,-0.005295957030778942,-1.2434042404323349,-0.5252472419365841,-0.0101735724901131,2,Bull,0.9999778608462946,0.9999557607252832,0.00025971645652525304,0.3196045557104335,0.4693299808151115,0.4693299808151115,0.4700736988046647,-0.0024894901101688268,0.036445735952452596,7.28914719049052e-06,-0.002496779257359317,-0.005295957030778942,1.597226282960941,1.0021537322084375
2022-08-19,-0.10602664190168617,-0.9666220513120388,2.159204179087555,-0.030519424254984,2,Bull,0.7147016135667872,0.4294032271412103,0.5978880802166617,0.550423498457428,0.27251743506659465,0.27251743506659465,0.4693299808151115,-0.04976148180960907,0.0007437179895531942,1.4874359791063887e-07,-0.04976163055320698,-0.10602664190168617,1.5177456987583666,0.8958987373131352
2022-08-20,0.013724431302661714,-1.0163124820688472,0.0368892175527946,-0.0262691637575607,2,Bull,0.9960915536956391,0.9921841997315896,0.025581660067731465,0.5557665544335649,0.2698974934770578,0.2698974934770578,0.27251743506659465,0.0037401468163490528,0.19681254574851687,3.9362509149703376e-05,0.0037007843071993492,0.013724431302661714,1.523362548222651,0.9081944379875306
2022-08-21,0.017239723512555944,-0.9763077621664268,-0.6675875208219825,-0.0207080778002224,2,Bull,0.9998293095603729,0.9996591064487982,0.0016548696348802953,0.5636180175005807,0.26613769493244677,0.26613769493244677,0.2698974934770578,0.004652958164276348,0.0026199415895368228,5.239883179073646e-07,0.004652434175958441,0.017239723512555944,1.530449892204377,0.9238514589940767
2022-08-22,-0.006298802571622582,-0.8333447691576823,0.6819034426688089,-0.017331449337774,2,Bull,0.9995473063321889,0.9990952115964771,0.0039430340755461065,0.5617531734210628,0.26702118848123946,0.26702118848123946,0.26613769493244677,-0.0016763487972462018,0.0037597985446110593,7.519597089222119e-07,-0.001677100756955124,-0.006298802571622582,1.5278831735316791,0.9180323010483675
2022-08-23,0.0060185938546632,-0.8521483363366188,0.6634317059562191,-0.0150685391606855,2,Bull,0.999661520561483,0.9993236450500881,0.003047652821651771,0.5631205050144187,0.26637282546860774,0.26637282546860774,0.26702118848123946,0.0016070920840580518,0.0008834935487926909,1.766987097585382e-07,0.0016069153853482932,0.0060185938546632,1.5303383525102419,0.9235575646138396
2022-08-24,-0.00620033327852915,-0.8665098681815379,0.6188365635101525,0.0048967225639458,2,Bull,0.9998345328975509,0.9996700462848306,0.001612138143672764,0.5625664961696141,0.2666351462828226,0.2666351462828226,0.26637282546860774,-0.0016516002942488458,0.0006483630126317141,1.2967260252634284e-07,-0.0016517299668513722,-0.00620033327852915,1.5278106467939787,0.9178311999113271
2022-08-25,0.009577016652955654,-0.9551560790362508,0.4531477258185343,0.0040672396340046,2,Bull,0.9999021572156347,0.9998048310553441,0.0010043614551764285,0.5477546764551546,0.2738452202192758,0.2738452202192758,0.2666351462828226,0.0025535692362138587,0.00026232081421484477,5.2464162842968954e-08,0.0025535167720510156,0.009577016652955654,1.5317119369050851,0.9266212845974802
2022-08-26,-0.06408571655966329,0.1048415087206576,1.986369868852903,-0.0121978483804392,2,Bull,0.7084265429295956,0.416863927607482,0.6036759488085024,0.604533348591762,0.24812526943206595,0.24812526943206595,0.2738452202192758,-0.017549567164191083,0.007210073936453232,1.4420147872906465e-06,-0.017551009178978373,-0.06408571655966329,1.5048288466409132,0.867238095594615
2022-08-27,-0.010832449813926528,0.3779955752205821,-0.0066553133785283,-0.0131045778289,1,Chop,0.3647659456636248,0.017152778203268826,1.0935847454568428,0.6006839828402648,0.2497153316636517,0.2497153316636517,0.24812526943206595,-0.0026878045286898525,0.025719950787209872,5.143990157441975e-06,-0.0026929485188472947,-0.010832449813926528,1.5007764200272329,0.8578437824473611
2022-08-28,-0.0214299343072556,-0.501216144762991,-0.963930688642023,-0.0185942834612837,2,Bull,0.9628433828966991,0.938600753323683,0.1828001852574538,0.5830167165233593,0.2572825027976536,0.2572825027976536,0.2497153316636517,-0.0053513831530666005,0.0015900622315857538,3.180124463171508e-07,-0.005351701165512918,-0.0214299343072556,1.492744713110999,0.8394602465436265
2022-08-29,0.034134991629983055,-0.4615305796906599,0.3991375807875955,-0.0105272184795813,2,Bull,0.9966265878713829,0.9934895322437338,0.02342479755207468,0.6058658755639039,0.2475795486259874,0.2475795486259874,0.2572825027976536,0.008782336079538997,0.007567171134001877,1.5134342268003755e-06,0.008780822645312197,0.034134991629983055,1.505852239691554,0.8681152150330967
2022-08-30,-0.02500132778356697,-1.2940227046903556,0.7070976346239013,-0.0174428873668858,2,Bull,0.9999116847815714,0.9998233718731095,0.0009127250737070403,0.5829158937431449,0.25732700310637907,0.25732700310637907,0.2475795486259874,-0.006189817447705868,0.009702954171666167,1.9405908343332335e-06,-0.006191758038540202,-0.02500132778356697,1.4965283669815899,0.8464111819881526
2022-08-31,0.012696624168793951,-2.014623411875144,0.5360491894677494,-0.0020864192211944,2,Bull,0.9999986986974474,0.9999973973951353,1.8936746236208345e-05,0.589263435859263,0.25455507820754264,0.25455507820754264,0.25732700310637907,0.0032671842469237686,0.00974745448039166,1.949490896078332e-06,0.00326523475602769,0.012696624168793951,1.5014148834188394,0.8571577466581208
2022-09-01,0.0038518173635346637,-1.7593167191089036,-0.0457771766375959,0.0008504342142978,2,Bull,0.9999976900605778,0.9999953801543223,3.2289401615136576e-05,0.5794958570413291,0.2588456814270238,0.2588456814270238,0.25455507820754264,0.000980499670215737,0.002771924898836431,5.543849797672863e-07,0.0009799452852359697,0.0038518173635346637,1.5028861878550288,0.8604593617499868
2022-09-02,-0.007849479691159277,-1.4949243427910428,-0.3125897886117506,0.003566525137517,2,Bull,0.9999938681036574,0.9999877379223735,7.974268468122422e-05,0.5776544738749168,0.2596708011171406,0.2596708011171406,0.2588456814270238,-0.0020318039195057072,0.004290603219481159,8.581206438962319e-07,-0.0020326620401496034,-0.007849479691159277,1.4998313281503106,0.8537052034648624
2022-09-03,-0.006918477935497839,-1.8932754450214304,-1.3988143047840276,-0.0046441687755791,2,Bull,0.9999991906714605,0.9999983813464234,1.2161875355271234e-05,0.5772599012317792,0.25984829308241275,0.25984829308241275,0.2596708011171406,-0.0017965267080219847,0.0008251196901167823,1.6502393802335648e-07,-0.001796691731960008,-0.006918477935497839,1.4971365936036884,0.8477988628512712
2022-09-04,0.007766470822269511,-2.957769306171751,-0.9765655013583266,0.0019093909455881,2,Bull,0.999999985041285,0.9999999700825823,2.844842094913112e-07,0.5822948087304555,0.2576014722285375,0.2576014722285375,0.25984829308241275,0.002018104186441095,0.0001774919652721696,3.549839305443392e-08,0.0020180686880480404,0.007766470822269511,1.500157918084971,0.8543832679827589
2022-09-05,-0.008761151996171085,-2.364529923366217,-0.2953355358898593,-0.0023821642874048,2,Bull,0.999999795912593,0.9999995918251914,3.347996231278362e-06,0.5822784551876289,0.25760870707755307,0.25760870707755307,0.2576014722285375,-0.002256885652631662,0.002246820853875231,4.4936417077504625e-07,-0.002257335016802437,-0.008761151996171085,1.4967715590857442,0.8468978863089766
2022-09-06,-0.0504480646723607,-1.6876561187860113,2.1089206126991646,-0.0132421406945838,2,Bull,0.9999186956290687,0.9998373912581896,0.0008469695951308837,0.6058984467025693,0.24756623955108734,0.24756623955108734,0.25760870707755307,-0.012995860714811621,7.234849015547162e-06,1.4469698031094325e-09,-0.012995862161781424,-0.0504480646723607,1.4773197222161913,0.8041735269695757
2022-09-07,0.02374515374913594,-1.0303107062438677,0.6488856721771026,-0.0069232140065248,2,Bull,0.9998862948579057,0.9997726999545204,0.0011472327277139223,0.6233315633794522,0.24064239453359385,0.24064239453359385,0.24756623955108734,0.005878498421235987,0.010042467526465731,2.008493505293146e-06,0.005876489927730694,0.02374515374913594,1.4860011766838326,0.8232687510084532
2022-09-08,0.00204607030353663,-2.035795174244376,0.2036184961989312,-0.0051303043587179,2,Bull,0.9999989966921904,0.9999979933847193,1.4861208436265805e-05,0.44707351565980963,0.33551528942309133,0.33551528942309133,0.24064239453359385,0.0004923712572271319,0.006923845017493491,1.3847690034986982e-06,0.0004909864882236332,0.00204607030353663,1.4867307831830687,0.8249532167517212
2022-09-09,0.10086009766789074,-0.4282971705124401,2.505295940544136,0.0134884210104062,2,Bull,0.7399865316433469,0.4799730655469832,0.5730710483505832,0.6303020994326775,0.23798112069595206,0.23798112069595206,0.33551528942309133,0.03384010486028362,0.09487289488949749,1.89745789778995e-05,0.03382113028130572,0.10086009766789074,1.5370136986943308,0.9081580787647405
2022-09-10,0.01390523841339878,-0.3192630630758121,0.6533474846268854,0.0180216990923202,2,Bull,0.9652599518579205,0.931618570320278,0.1557269509773,0.6287604983439306,0.23856460511606495,0.23856460511606495,0.23798112069595206,0.0033091842211650443,0.09753416872713927,1.9506833745427853e-05,0.0032896773874196163,0.01390523841339878,1.5420699779030798,0.9207862333670185
2022-09-11,0.004083651963045384,-0.5689184409236889,0.2419686471035991,0.0289280424194014,2,Bull,0.9963237762174582,0.9926677867037411,0.02440333033305084,0.6282191108170448,0.23877019564863927,0.23877019564863927,0.23856460511606495,0.0009742148179953654,0.0005834844201128842,1.1669688402257683e-07,0.0009740981211113428,0.004083651963045384,1.5435721053711773,0.9245464038764529
2022-09-12,0.027242163871664303,-0.6293557670323363,2.229627752602686,0.0296274444439071,2,Bull,0.9898878439489711,0.9797756919570236,0.05651633572958585,0.6380344363591921,0.23509702839229668,0.23509702839229668,0.23877019564863927,0.006504616797529578,0.00020559053257432347,4.1118106514864694e-08,0.006504575679423063,0.027242163871664303,1.5536123869472105,0.9497330485178131
2022-09-13,-0.09728219892342403,2.0571192843077077,1.9699306399296128,0.009761790598515,0,Bear,0.9999902997090362,0.9999806749873433,0.00012211629539907884,0.7660952522167777,0.19579810678366577,0.6,0.23509702839229668,-0.022870755882365274,0.003673167256342591,7.346334512685183e-07,-0.022871490515816544,-0.09728219892342403,1.5180789559738923,0.8573409291677533
2022-09-14,-0.0027439686753737906,1.9862960985475449,0.3251653468309082,-0.0109590226701378,0,Bear,0.9772966654417906,0.9545936715128926,0.10838541396135087,0.7641278890495471,0.19630221871181278,0.6,0.6,-0.0016463812052242744,0.3649029716077033,7.298059432154067e-05,-0.001719361799545815,-0.0027439686753737906,1.5154688290082965,0.8549884125140012
2022-09-15,-0.02703458624126178,1.2794383078865756,0.1844428805759806,-0.0191469876010699,0,Bear,0.8762948064905078,0.7525998192602321,0.3743490692173405,0.7227336673913696,0.20754533345791,0.6,0.6,-0.016220751744757067,0.0,0.0,-0.016220751744757067,-0.02703458624126178,1.4908867853560352,0.8318741545406119
2022-09-16,0.0036162281734326176,1.3270627336204832,-0.5940467790516347,-0.0192404723589925,0,Bear,0.5000441661585968,0.00011616565578514981,0.6934476657347741,0.7217456503600319,0.20782944784658525,0.6,0.6,0.0021697369040595705,0.0,0.0,0.0021697369040595705,0.0036162281734326176,1.494121617433997,0.8348824012950121
2022-09-17,0.017794492715736767,1.195813617886867,-1.2456827705765776,-0.021130006590178,1,Chop,0.755721366065671,0.5115951261698211,0.5572387936876368,0.7195265031802143,0.20847043067492213,0.20847043067492213,0.6,0.01067669562944206,0.0,0.0,0.01067669562944206,0.017794492715736767,1.5100738991767093,0.849738710103353
2022-09-18,-0.03581280604750071,1.111950352665733,-0.4492762083859558,-0.0088361280149933,1,Chop,0.9610244352870683,0.9221533910283821,0.16539793697151048,0.7202272300900411,0.20826760462978797,0.20826760462978797,0.20847043067492213,-0.007465911100399928,0.3915295693250779,7.830591386501558e-05,-0.007544217014264944,-0.03581280604750071,1.498681573973743,0.8193071824873682
2022-09-19,0.006396912022913548,2.030372877514306,0.6189532829842772,-0.0070079518753359,0,Bear,0.5699332440018366,0.13990273061523073,0.6837099694399057,0.713601623112616,0.21020131561041583,0.6,0.20826760462978797,0.001332269544039696,0.00020282604513416347,4.05652090268327e-08,0.001332228978830669,0.006396912022913548,1.5006781609966302,0.824548218453481
2022-09-20,-0.03400047754708742,1.7004872867589926,0.180272626094809,-0.008401130136501,0,Bear,0.6645952190800927,0.32920636515692425,0.638114822898386,0.724632003728566,0.20700162182760462,0.6,0.6,-0.02040028652825245,0.391732395370212,7.83464790740424e-05,-0.02047863300732649,-0.03400047754708742,1.4699463236754706,0.7965131852654624
2022-09-21,-0.018344813515223775,2.1454405337278577,1.2204941937860097,-0.0127933384742323,0,Bear,0.9987957303065459,0.9975921958038291,0.009304679295525703,0.7268144735143244,0.20638003983975936,0.6,0.6,-0.011006888109134265,0.0,0.0,-0.011006888109134265,-0.018344813515223775,1.4537667889643413,0.7819012994193506
2022-09-22,0.045641677549128984,1.9271566604677488,0.5311685015302247,-0.0072239015075538,0,Bear,0.9920033618217705,0.9840069708753495,0.04658103311629363,0.7567994653247264,0.19820309986032852,0.6,0.6,0.02738500652947739,0.0,0.0,0.02738500652947739,0.045641677549128984,1.4935782019724673,0.8175885864026936
2022-09-23,-0.00598857629671097,1.9524266497919165,0.1813170023439188,-0.0012590555573959,0,Bear,0.9274309985684802,0.8548627156070031,0.2602430264945,0.7566799141285299,0.19823441484204768,0.6,0.6,-0.003593145778026582,0.0,0.0,-0.003593145778026582,-0.00598857629671097,1.4882115577618973,0.8126923947737009
2022-09-24,-0.018864440709329067,1.701066006292508,-1.49663744536206,-0.0063113261038444,0,Bear,0.6378437455751111,0.27569588070360274,0.6547466749780724,0.7590542391155058,0.19761433672353734,0.6,0.6,-0.01131866442559744,0.0,0.0,-0.01131866442559744,-0.018864440709329067,1.4713669905452946,0.7973614072775699
2022-09-25,-0.007149858037088313,1.5402475446797377,-1.7326253509495333,-0.0009412022018446,1,Chop,0.7941392415921756,0.5883258737474322,0.508864948615846,0.7588381459497595,0.19767061105271724,0.19767061105271724,0.6,-0.004289914822252988,0.0,0.0,-0.004289914822252988,-0.007149858037088313,1.4650549514835807,0.7916603864112822
2022-09-26,0.022121968157295297,1.097184885126645,0.8480163563347394,0.0071521541326591,1,Chop,0.8173812433245796,0.635318867158809,0.47912032366994217,0.7338825885413641,0.20439236785564574,0.20439236785564574,0.19767061105271724,0.004372862963341315,0.40232938894728276,8.046587778945656e-05,0.004292397085551858,0.022121968157295297,1.4713435490875022,0.8091734722708647
2022-09-27,-0.005850034170169328,1.5951165624594137,2.152567763572635,-0.0031461882112004,0,Bear,0.9973594788706196,0.9948068431216233,0.01869867596419612,0.7271303467232936,0.20629038614046716,0.6,0.20439236785564574,-0.0011957023360773466,0.006721756802928497,1.3443513605856995e-06,-0.0011970466874379323,-0.005850034170169328,1.4695822821659839,0.8044397798084855
2022-09-28,0.016409099157190264,1.755725246684657,1.389267670111422,0.0013333468795797,0,Bear,0.9968062101748849,0.9936133017680264,0.02155005237171639,0.7306647078389709,0.20529252116698385,0.6,0.6,0.009845459494314158,0.39560763214435424,7.912152642887085e-05,0.009766337967885287,0.016409099157190264,1.4839347194052332,0.8176399119213513
2022-09-29,0.007504185755091534,1.3459033529853437,0.1979755239921665,0.0066070721724638,0,Bear,0.5129597179429892,0.025929887796606044,0.6929340370625995,0.5762412863820983,0.26030762381114236,0.6,0.6,0.00450251145305492,0.0,0.0,0.00450251145305492,0.007504185755091534,1.4906161524749413,0.8237756337011858
2022-09-30,-0.007243323491751529,1.3605429365113204,0.4669394422640495,0.0065883790815312,1,Chop,0.7617964803027883,0.5236714148810351,0.5497078163545982,0.5703754507245903,0.26298467055242974,0.26298467055242974,0.6,-0.004345994095050917,0.0,0.0,-0.004345994095050917,-0.007243323491751529,1.4841379434782977,0.8178087603016655
2022-10-01,-0.006178716506548767,1.2292601658401183,-1.88544304041079,0.0009282421487624,1,Chop,0.9737314567429176,0.9476198630151569,0.12248185007905087,0.568754070213458,0.2637343763424915,0.2637343763424915,0.26298467055242974,-0.0016249077249115872,0.33701532944757023,6.740306588951405e-05,-0.0016923107908011013,-0.006178716506548767,1.4816263208215121,0.8127557518151894
2022-10-02,-0.013973887936277964,1.0742976798506878,-1.5029410210224208,-0.0006965286044592,2,Bull,1.0,1.0,1.3082240598658481e-289,0.5494187486636101,0.27301580145354626,0.27301580145354626,0.2637343763424915,-0.0036853946199541347,0.0007497057900617832,1.4994115801235665e-07,-0.003685544561112147,-0.013973887936277964,1.4761657209932078,0.8013983940197587
2022-10-03,0.0299741763073446,-0.0144987153326265,-0.5427103981677959,0.0020164868255715,2,Bull,0.984386289728701,0.9740038133151557,0.0903947854144568,0.4013920662393295,0.37369946398134013,0.37369946398134013,0.27301580145354626,0.008183423767459584,0.00928142511105473,1.8562850222109461e-06,0.008181567482437374,0.0299741763073446,1.4882430704547747,0.8254196507745297
2022-10-04,0.035702295702777984,-0.1020195999087295,-0.02140407462518,0.0076561088151088,2,Bull,0.9845555177208518,0.975487051422599,0.09020527174830918,0.4318899378327088,0.3473107077991292,0.3473107077991292,0.37369946398134013,0.013341928767031436,0.10068366252779387,2.0136732505558774e-05,0.013321792034525878,0.035702295702777984,1.5080691351361974,0.8548890272253656
2022-10-05,-0.00869820607502516,-0.143072841532826,-0.2584707318616769,0.0073651322984541,2,Bull,0.9868360340009993,0.976818816649689,0.07732032894669594,0.4164766400448567,0.3601642579133471,0.3601642579133471,0.3473107077991292,-0.0030209801084996736,0.026388756182210926,5.277751236442185e-06,-0.0030262578597361157,-0.00869820607502516,1.503505329062966,0.8474530262952816
2022-10-06,-0.010234041758595132,-0.2444247466402517,-0.1405014963862835,0.0065540672480448,2,Bull,0.9940556264116456,0.9900384501915279,0.04013837671232312,0.4190975930813977,0.3579118622398454,0.3579118622398454,0.3601642579133471,-0.0036859360554386215,0.012853550114217904,2.570710022843581e-06,-0.003688506765461465,-0.010234041758595132,1.4979596394848098,0.8387801566357279
2022-10-07,-0.020687828067475794,-0.2631711237958013,-0.6973029472072803,0.0052112792218052,2,Bull,0.9959746199650774,0.9933961233489007,0.028846742754345605,0.4207610287334134,0.3564968943334276,0.3564968943334276,0.3579118622398454,-0.007404419069328003,0.002252395673501717,4.5047913470034344e-07,-0.007404869548462704,-0.020687828067475794,1.4868674437655625,0.8214276169688375
2022-10-08,-0.0066873874171619555,-0.517640894426804,-1.7208338385518949,-0.002121033523096,2,Bull,0.999674708485653,0.9994291285563308,0.003118717340314699,0.392534880871024,0.38213164564421426,0.38213164564421426,0.3564968943334276,-0.0023840328454226793,0.0014149679064177634,2.829935812835527e-07,-0.002384315839003963,-0.0066873874171619555,1.4833222821688927,0.8159344122590108
2022-10-09,0.0015365479891413887,-2.03599311754184,-1.4872963852918195,-0.0089541830658233,2,Bull,0.9999996017497577,0.9999992034997658,6.26694294332854e-06,0.39155942233465313,0.383083617565969,0.383083617565969,0.38213164564421426,0.0005871636117019071,0.02563475131078663,5.126950262157327e-06,0.0005820366614397498,0.0015365479891413887,1.4841856301178455,0.8171881346394386
2022-10-10,-0.01580535214708789,-2.064665456042486,-0.5516477649977168,-0.0103756122802358,2,Bull,0.9999993537406439,0.9999987074815465,9.856793116844544e-06,0.36846565087459454,0.4070935774989017,0.4070935774989017,0.383083617565969,-0.006054771477410483,0.000951971921754724,1.903943843509448e-07,-0.0060549618717948344,-0.01580535214708789,1.4751989427168162,0.8042721884010404
2022-10-11,-0.004716403712704758,-2.618710602837119,-0.3801528380528481,-0.0092720846710578,2,Bull,0.9999999343665585,0.9999998687331167,1.151156778881796e-06,0.35945200795483656,0.41730188364630527,0.41730188364630527,0.4070935774989017,-0.0019200176603340821,0.0240099599329327,4.80199198658654e-06,-0.0019248196523206688,-0.004716403712704758,1.472359450800792,0.8004789160656406
2022-10-12,0.005549896374470987,-2.3424484717277227,-0.6348652572432352,-0.0040245397826684,2,Bull,0.9999998623310896,0.9999997246621859,2.3126193721568884e-06,0.3004994353650003,0.49916899117565117,0.49916899117565117,0.41730188364630527,0.0023159822111085433,0.01020830614740359,2.041661229480718e-06,0.0023139405498790624,0.005549896374470987,1.4757664030379978,0.8049214910997536
2022-10-13,0.011700026522297709,-1.7027326636672822,0.9816949282323532,-0.0003470569947765,2,Bull,0.9999951164276784,0.9999902328624929,6.460796341008695e-05,0.30395958283591806,0.4934866622743467,0.4934866622743467,0.49916899117565117,0.005840290435863709,0.0818671075293459,1.637342150586918e-05,0.00582391701435784,0.011700026522297709,1.4843611441018685,0.8143390938939882
2022-10-14,-0.010228526229371489,-1.2935481435470513,0.4438958744246069,-0.002700071838479,2,Bull,0.9999789589538358,0.9999579252622106,0.0002476984842680685,0.29566892873483497,0.5073241907489191,0.5073241907489191,0.4934866622743467,-0.005047641268918144,0.00568232890130449,1.136465780260898e-06,-0.005048777734698405,-0.010228526229371489,1.4768669346072756,0.8060096051124909
2022-10-15,-0.006170546675591737,-1.220941685820751,-1.3629166873134164,-0.0007731107441798,2,Bull,0.9999893165948252,0.9999786705972536,0.00013322321889010325,0.2952017197120685,0.508127121164151,0.508127121164151,0.5073241907489191,-0.003130467598673011,0.013837528474572425,2.767505694914485e-06,-0.0031332351043679256,-0.006170546675591737,1.4722395632832839,0.801036085223169
2022-10-16,0.010458171486817167,-1.1429226598255633,-1.097568978495509,0.0022618042957245,2,Bull,0.9999836113491397,0.9999673513796731,0.000197725667745122,0.28289124493314577,0.5302391031417346,0.5302391031417346,0.508127121164151,0.005314080570237416,0.0008029304152319394,1.6058608304638788e-07,0.005313919984154369,0.010458171486817167,1.4800629265200775,0.8094134579695618
2022-10-17,0.014563494131467007,-1.862516689383461,-0.2373931546142841,0.0040645238471237,2,Bull,0.9999988430461726,0.999997686098974,1.697227478322082e-05,0.28801330335076947,0.5208092760122125,0.5208092760122125,0.5302391031417346,0.007722134066878981,0.022111981977583572,4.422396395516715e-06,0.007717711670483464,0.014563494131467007,1.4914856254411313,0.8212013461146318
2022-10-18,-0.011127327349328565,-1.9900070828353136,0.1881694583170335,-0.0005009469272015,2,Bull,0.9999990989090232,0.9999981978186304,1.3443978967619788e-05,0.28396133817546687,0.5282409252040896,0.5282409252040896,0.5208092760122125,-0.005795215300754702,0.009429827129522117,1.8859654259044235e-06,-0.005797101266180606,-0.011127327349328565,1.4828393322333964,0.812063569916705
2022-10-19,-0.010130621895940859,-1.939380201892012,-0.6297002962481847,-0.0004813660605154,2,Bull,0.9999992998963484,0.9999985997952036,1.0622032629591709e-05,0.28471696360918636,0.5268389986270571,0.5268389986270571,0.5282409252040896,-0.005351409083204608,0.00743164919187711,1.486329838375422e-06,-0.005352895413042983,-0.010130621895940859,1.4749018483736045,0.803836860934411
2022-10-20,-0.004492679159130498,-1.925555341968358,-0.3116733979963404,-0.0001457925572231,2,Bull,0.9999991681025243,0.999998336207889,1.247813138509753e-05,0.28382157727598045,0.5285010443520439,0.5285010443520439,0.5268389986270571,-0.0023669185893489602,0.0014019265770325307,2.8038531540650613e-07,-0.0023671989746643666,-0.004492679159130498,1.4714104622304038,0.80022547982195
2022-10-21,0.00621191065339352,-1.651939736243419,0.6204955343687655,-0.0009950447239078,2,Bull,0.999995395021786,0.9999907900834114,6.119316000355707e-05,0.2843989769305153,0.5274280576496173,0.5274280576496173,0.5285010443520439,0.003283001267740063,0.0016620457249868492,3.324091449973699e-07,0.0032826688585950656,0.00621191065339352,1.4762406155329784,0.805196409005173
2022-10-22,0.0018613913940529582,-1.5378295588227862,-1.4071054657991944,-0.0035354652713906,2,Bull,0.9999972953310189,0.9999945911813252,3.738492124858024e-05,0.27780926734812667,0.5399387912140199,0.5399387912140199,0.5274280576496173,0.000981750047491065,0.0010729867024266149,2.1459734048532297e-07,0.0009815354501505797,0.0018613913940529582,1.4776895980300762,0.8066951946714176
2022-10-23,0.01850815095417208,-1.373369703029041,-0.6019367846303681,0.0023916303893094,2,Bull,0.9999919875875606,0.9999839829158828,0.00010209565897941267,0.25799525797397105,0.5814060350486495,0.5814060350486495,0.5399387912140199,0.009993268653802281,0.012510733564402576,2.5021467128805155e-06,0.0099907665070894,0.01850815095417208,1.4924528497739493,0.8216256311084014
2022-10-24,-0.011381303255268389,-1.3295956149044172,0.444349224576786,0.0021414941174439,2,Bull,0.9999828440109277,0.9999656927600062,0.00020545487442864921,0.20535994749716624,0.7304248069213684,0.7304248069213684,0.5814060350486495,-0.0066171583993318815,0.04146724383462963,8.293448766925927e-06,-0.006625451848098807,-0.011381303255268389,1.4825646752822141,0.8122744606384553
2022-10-25,0.038050125599863024,-1.0597987555891597,2.241214395327225,0.0106500550692426,2,Bull,0.9995953176319985,0.9991906353760714,0.003566146076963482,0.2663100019033268,0.5632533473318493,0.5632533473318493,0.7304248069213684,0.027792755644613764,0.14901877187271884,2.9803754374543768e-05,0.02776295189023922,0.038050125599863024,1.5237250470362422,0.8431816058873096
2022-10-26,0.033017194358947406,-0.9159904793406576,2.6531030212132336,0.0160111118103534,2,Bull,0.9987308767095636,0.9974617534664176,0.009732646069700285,0.297190120170772,0.5047274112403423,0.5047274112403423,0.5632533473318493,0.018597045242183377,0.16717145958951907,3.3434291917903816e-05,0.01856361095026547,0.033017194358947406,1.5520108860045978,0.8710210968487804
2022-10-27,-0.023607984321621485,-0.8883679580050783,1.6185797687087462,0.0109172366672185,2,Bull,0.9995815348345,0.9991630897725947,0.003673803350354037,0.3017005551651754,0.49718171687777574,0.49718171687777574,0.5047274112403423,-0.0119155968112546,0.058525936091507025,1.1705187218301406e-05,-0.011927301998472901,-0.023607984321621485,1.5334995834623035,0.8504580444505728
2022-10-28,0.015142492579417856,-0.7338705414801329,1.0516000016176394,0.0102441049922676,2,Bull,0.999575885410352,0.9991527079754671,0.0037241561404931516,0.30422861141876606,0.49305027328125717,0.49305027328125717,0.49718171687777574,0.007528570458443949,0.007545694362566524,1.5091388725133048e-06,0.007527061319571435,0.015142492579417856,1.5450423288605617,0.8633360990777719
2022-10-29,0.010775490653264773,-0.6135735656188908,0.6786713656624123,0.0146754637739743,2,Bull,0.9993435326650489,0.9986948742793103,0.005509631499114438,0.30596108976054426,0.49025841853745256,0.49025841853745256,0.49305027328125717,0.005312858611331828,0.004131443596518569,8.262887193037139e-07,0.005312032322612525,0.010775490653264773,1.5532496436512735,0.8726389691440104
2022-10-30,-0.008822978719624204,-0.5485812023398884,-0.0785900820521955,0.0053008429100768,2,Bull,0.9994917823440835,0.9990654997477866,0.004587190179251458,0.29891024713013964,0.5018228763990582,0.5018228763990582,0.49025841853745256,-0.00432553959387256,0.0027918547438046115,5.583709487609223e-07,-0.004326097964821321,-0.008822978719624204,1.5465301335290143,0.864939694089338
2022-10-31,-0.006799218852899474,-0.4097566274658764,1.0099169171835702,-0.0026624397322925,2,Bull,0.9982652653482641,0.9965636491216496,0.012924665454654483,0.30017438542126257,0.4997095264790534,0.4997095264790534,0.5018228763990582,-0.003412003562028719,0.011564457861605648,2.31289157232113e-06,-0.00341431645360104,-0.006799218852899474,1.5412497902481164,0.8590587798146647
2022-11-01,-0.0005124320157945651,-0.3117281542493678,0.4758858330270941,0.0019566707288728,2,Bull,0.9978857534239491,0.9961161978016191,0.01607390494655882,0.30055574396718815,0.4990754727228756,0.4990754727228756,0.4997095264790534,-0.000256067159965409,0.002113349920004781,4.2266998400095625e-07,-0.00025648982994940997,-0.0005124320157945651,1.540854475351506,0.8586185705924383
2022-11-02,-0.01603042401585493,-1.2074067788249694,1.6213829109794424,-0.0042779125901816,2,Bull,0.9999140821036556,0.9998281647864838,0.0008902952001918052,0.3089854317631483,0.4854597808837213,0.4854597808837213,0.4990754727228756,-0.008000391443660937,0.0006340537561778103,1.2681075123556207e-07,-0.008000518254412172,-0.01603042401585493,1.5285268409940638,0.8448545508379542
2022-11-03,0.002501116490787244,-1.6287216940180211,0.6440963363774761,-0.0059327874226771,2,Bull,0.9999941759731915,0.999988351994364,7.602463493545995e-05,0.3040822128248451,0.4932876494371006,0.4932876494371006,0.4854597808837213,0.0012141914635822376,0.013615691839154287,2.7231383678308573e-06,0.0012114683252144067,0.002501116490787244,1.5303786028461681,0.8469676304873718
2022-11-04,0.04533199824767065,-1.3748544335615214,1.942920220622252,0.0048982079707817,2,Bull,0.9999136203972662,0.9998272408044527,0.0008946091650238252,0.3514512078074461,0.42680177694020716,0.42680177694020716,0.4932876494371006,0.022361714859880217,0.007827868553379247,1.5655737106758495e-06,0.022360149286169542,0.04533199824767065,1.564598096870168,0.8853623656284592
2022-11-05,0.006385182519711849,-1.56094997015744,-0.0278182863137814,0.007535088245304,2,Bull,0.9999953839671563,0.9999907683549126,6.13328192114405e-05,0.3507051168790218,0.42770975609045236,0.42770975609045236,0.42680177694020716,0.0027252072455005664,0.06648587249689342,1.3297174499378683e-05,0.0027119100710011877,0.006385182519711849,1.5688411462061393,0.8910155659290807
2022-11-06,-0.01687848726805324,-1.5696973601752229,-0.2731306520875231,0.0042618771948523,2,Bull,0.999995723446595,0.9999914473682142,5.714965072333259e-05,0.35979071824362674,0.416909031817852,0.416909031817852,0.42770975609045236,-0.007219093672594857,0.0009079791502452084,1.8159583004904167e-07,-0.007219275268424905,-0.01687848726805324,1.557515250119246,0.8759765710439095
2022-11-07,-0.015587859865227252,-1.4615383065470473,1.0507743933431668,0.0043503900249778,2,Bull,0.9999843787976467,0.9999687577592911,0.00018850111896351421,0.36373362845092355,0.412389694730243,0.412389694730243,0.416909031817852,-0.006498719564524247,0.01080072427260037,2.160144854520074e-06,-0.006500879709378767,-0.015587859865227252,1.5473900308326978,0.8623219710092547
2022-11-08,-0.10542864681146098,3.5983668346584063,3.46218169797533,-0.0172355626354717,1,Bear,0.9999999957377668,0.999999991475537,8.641022424973514e-08,0.588870798677279,0.2547248060812828,0.6,0.412389694730243,-0.043477687474401006,0.004519337087608988,9.038674175217976e-07,-0.04347859134181853,-0.10542864681146098,1.480111692035719,0.771408532489957
2022-11-09,-0.15488954817014716,3.312692050358178,2.2145114323658306,-0.0572798719190353,1,Bear,0.9999999999999716,0.9999999999999566,4.4706569726019467e-13,0.8811100064421266,0.17023980990261556,0.6,0.6,-0.0929337289020883,0.18761030526975697,3.7522061053951395e-05,-0.09297125096314225,-0.15488954817014716,1.342503856461985,0.6519254134379913
2022-11-10,0.1020374090112842,2.924393837190556,1.26508685024691,-0.0381494266207208,1,Bear,0.9999999999959073,0.999999999992558,1.1307026049522745e-10,1.0001691745209458,0.14997462811413476,0.6,0.6,0.06122244540677052,0.0,0.0,0.06122244540677052,0.1020374090112842,1.4246952255226075,0.7184461934938141
2022-11-11,-0.03191845360130116,2.449901824035069,0.1187933459545614,-0.0411574198873704,1,Bear,0.9999992170539197,0.9999984346462107,1.1795784292963576e-05,1.0065511101176732,0.14902372914025588,0.6,0.6,-0.019151072160780696,0.0,0.0,-0.019151072160780696,-0.03191845360130116,1.3974107844515042,0.6955145020017504
2022-11-12,-0.013898139747380939,2.03074753081128,-1.0020101323678106,-0.0408194758638012,1,Bear,0.9999255975518601,0.9998512113853725,0.0007818244561284534,1.0008942307801867,0.14986598522311048,0.6,0.6,-0.008338883848428564,0.0,0.0,-0.008338883848428564,-0.013898139747380939,1.3857579382314218,0.6858481442565999
2022-11-13,-0.026896704984698754,1.760899609394105,-1.0942813189853038,-0.0251130874984487,1,Bear,0.9806865216921108,0.9613736170440157,0.09536168747160276,1.0042018276186655,0.14937236307934787,0.6,0.6,-0.01613802299081925,0.0,0.0,-0.01613802299081925,-0.026896704984698754,1.3633945447645328,0.667401089056227
2022-11-14,0.016064732404599078,1.638746847557666,-0.1558221680088735,0.0090777686165004,1,Bear,0.6445389361937125,0.2890819022681835,0.6508117813324124,0.9889412581526444,0.15167736077692018,0.6,0.6,0.009638839442759447,0.0,0.0,0.009638839442759447,0.016064732404599078,1.3765360858786522,0.6781227089584533
2022-11-15,0.01590431717951544,1.4377335404195415,-0.6503748091833494,-0.0081488497498532,0,Chop,0.8642271752542328,0.7284814334066458,0.39747291622350595,0.977442581882524,0.1534616997257319,0.1534616997257319,0.6,0.009542590307709263,0.0,0.0,0.009542590307709263,0.01590431717951544,1.38967180578997,0.6889077876083608
2022-11-16,-0.012825680370738035,1.3022995013911398,-0.7187502519096443,-0.0043302951037406,0,Chop,0.9887209448316949,0.9774845412290899,0.06208006654099102,0.9757182038971578,0.15373291120415564,0.15373291120415564,0.1534616997257319,-0.001968250709832414,0.4465383002742681,8.930766005485362e-05,-0.0020575583698872676,-0.012825680370738035,1.3868124749345705,0.6800720765195837
2022-11-17,0.0010839194206494296,1.1557027093014192,-0.9147344593921654,-0.0013338832701345,0,Chop,0.9977874709448229,0.9956399689758795,0.016030057612815205,0.970644682529527,0.15453646705104884,0.15453646705104884,0.15373291120415564,0.00016663408804715857,0.0002712114784237385,5.42422956847477e-08,0.00016657984575147382,0.0010839194206494296,1.3870434899427313,0.6808092198507646
2022-11-18,0.0006146278457023498,1.0475777552012615,-0.9107738507420496,0.0041683832959456,0,Chop,0.9984002381994362,0.9968945261057881,0.012255334945791249,0.9673270553459943,0.1550664784686994,0.1550664784686994,0.15453646705104884,9.498241582603831e-05,0.0008035558468932058,1.6071116937864116e-07,9.482170465665966e-05,0.0006146278457023498,1.3871750117708805,0.6812276641548958
2022-11-19,0.0008242927596795972,0.9477695815499302,-1.2643085759241746,0.0011202953669617,0,Chop,0.9983742294898277,0.9969273376920983,0.012628224381754968,0.9686266380291123,0.1548584295649855,0.1548584295649855,0.1550664784686994,0.00012782017547076106,0.0005300114176505499,1.0600228353010999e-07,0.00012771417318723096,0.0008242927596795972,1.387352173680575,0.6817891951861521
2022-11-20,-0.02543603029442077,0.8503143899944999,-0.9911181275365932,-0.0071477741278254,0,Chop,0.9971819605318353,0.9946460541363044,0.02027760606198344,0.9705120062111754,0.15455759335280314,0.15455759335280314,0.1548584295649855,-0.0039389837057613964,0.00020804890371389773,4.1609780742779546e-08,-0.003939025315542139,-0.02543603029442077,1.3818873583468747,0.6644471845629883
2022-11-21,-0.03145906258707414,0.7931702744321886,-0.3867454060833943,-0.0108744505710927,0,Chop,0.9939653112571386,0.9883754572497987,0.03844305878202873,0.9727968408368026,0.15419457969350472,0.15419457969350472,0.15455759335280314,-0.004862237002593388,0.0003008362121823538,6.016724243647076e-08,-0.004862297169835825,-0.03145906258707414,1.375168211355353,0.6435442989980161
2022-11-22,0.02517471508039186,0.724583903185913,-0.585218477014067,-0.0060562914391442,0,Chop,0.9972240708254575,0.9948968178501246,0.020341301334796228,0.9861854769121725,0.15210120561667798,0.15210120561667798,0.15419457969350472,0.003881804610724758,0.0003630136592984168,7.260273185968335e-08,0.0038817320079928986,0.02517471508039186,1.3805062458177453,0.6597453433669017
2022-11-23,0.025667956985737504,0.6603431291432353,-0.4811199841919454,-0.0010456256111371,0,Chop,0.997501734671076,0.9955798920518802,0.018814597079154796,0.9971672707102514,0.15042611646605653,0.15042611646605653,0.15210120561667798,0.003904127203247706,0.0020933740768267484,4.186748153653497e-07,0.0039037085284323405,0.025667956985737504,1.3858953398230982,0.676679658461984
2022-11-24,-0.00037586363225689277,0.5477925374711283,-0.6617541511263421,-0.0012856568895244,0,Chop,0.9978940183220996,0.9966732747393617,0.01651578819040521,0.9672846109384695,0.15507328277916926,0.15507328277916926,0.15042611646605653,-5.653970652123039e-05,0.0016750891506214505,3.3501783012429013e-07,-5.687472435135468e-05,-0.00037586363225689277,1.385816517407666,0.67642531918768
2022-11-25,-0.004988374895103048,0.470132211456518,-0.8813302299510348,0.002803874190339,0,Chop,0.9973786370823956,0.9959355167874394,0.020003050023234818,0.9643267719041674,0.15554893255095345,0.15554893255095345,0.15507328277916926,-0.0007735636707168239,0.004647166313112738,9.294332626225477e-07,-0.0007744931039794465,-0.004988374895103048,1.3847432120715528,0.6730510561070321
2022-11-26,-0.0034899891216231276,0.4095181102561557,-0.8589863424210945,0.0083976888834292,0,Chop,0.9962599531478635,0.993977713933039,0.02713566988750051,0.9648977972209295,0.15545687888605988,0.15545687888605988,0.15554893255095345,-0.0005428640824829172,0.00047564977178418677,9.512995435683736e-08,-0.000542959212437274,-0.0034899891216231276,1.3839913529876986,0.6707021152429216
2022-11-27,-0.0011944668045808346,0.3742746647770462,-0.7076747835558203,0.0031238525064347,0,Chop,0.9961609838300728,0.9936533824031161,0.027664210051595202,0.9658258518865881,0.15530750156148618,0.15530750156148618,0.15545687888605988,-0.00018568808137314177,9.205366489356548e-05,1.8410732978713095e-08,-0.00018570649210612047,-0.0011944668045808346,1.38373433680843,0.6699009838305018
2022-11-28,-0.013918848240971523,-2.9345006190085265,-0.3820003550899758,-0.004793508538907,2,Bull,0.9999996173447862,0.9999992346895612,6.0368190482718205e-06,0.8686761840861279,0.17267654247687736,0.17267654247687736,0.15530750156148618,-0.002161701544918774,0.00014937732457370734,2.987546491474147e-08,-0.002161731420383689,-0.013918848240971523,1.3807430748150875,0.6605767337000875
2022-11-29,0.01394046411034608,-3.595714214120595,-0.5522397150842511,-0.0019302429903864,2,Bull,0.9999999944147362,0.9999999888294591,1.117230206275214e-07,0.5599214404271475,0.26789472445557616,0.26789472445557616,0.17267654247687736,0.0024071911430975593,0.017369040915391182,3.4738081830782364e-06,0.0024037173349144812,0.01394046411034608,1.3840619908790837,0.6697854799483631
2022-11-30,0.043059766583943886,-3.2545578412650005,0.0007643129468961,0.0076793853054228,2,Bull,0.9999999860345667,0.9999999720691203,2.665539903578448e-07,0.38695277907979936,0.38764419874877354,0.38764419874877354,0.26789472445557616,0.011535484304127073,0.0952181819786988,1.904363639573976e-05,0.011516440667731333,0.043059766583943886,1.4000014586775047,0.6986262863762545
2022-12-01,-0.011802068595367332,-2.7274238550241643,-0.6298021348063324,0.006016969410674,2,Bull,0.999999969150736,0.9999999383014843,5.643609540942086e-07,0.3652097693907533,0.41072285730535507,0.41072285730535507,0.38764419874877354,-0.004575003424229233,0.11974947429319738,2.3949894858639477e-05,-0.004598953319087872,-0.011802068595367332,1.393562917322392,0.6903810510219152
2022-12-02,0.007136986045805121,-2.230055176137416,-0.96595484798827,0.0076832599807512,2,Bull,0.999999821722115,0.9999996434442766,2.948702250128662e-06,0.36108260379357554,0.4154174098228014,0.4154174098228014,0.41072285730535507,0.002931323301281527,0.023078658556581533,4.615731711316307e-06,0.0029267075695702106,0.007136986045805121,1.397641468461192,0.6953082909493468
2022-12-03,-0.010614234867796273,-1.9347746643244648,-1.2505175745580106,0.0083441826553862,2,Bull,0.9999994317937444,0.9999988635892879,8.739479911267678e-06,0.3433050614575862,0.43692918293467053,0.43692918293467053,0.4154174098228014,-0.004409337956030792,0.0046945525174463265,9.389105034892653e-07,-0.004410276866534281,-0.010614234867796273,1.3914774826251286,0.6879281254436844
2022-12-04,0.01305884246336571,-2.0153379638386206,-1.2205879147287453,0.0081678583259902,2,Chop,1.0,1.0,6.739367732384263e-215,0.34111674153464144,0.4397321554057089,0.4397321554057089,0.43692918293467053,0.00570578936759096,0.021511773111869137,4.302354622373827e-06,0.005701487012968586,0.01305884246336571,1.399410973421154,0.696911670459972
2022-12-05,-0.009128269217154126,-1.7368534881070894,-0.3551690363512987,-0.0022697488342293,2,Chop,0.9997546181034926,0.9995092378646057,0.002285157994858768,0.337579988875712,0.44433913425841726,0.44433913425841726,0.4397321554057089,-0.004013993497982767,0.0028029724710383896,5.60594494207678e-07,-0.004014554092476975,-0.009128269217154126,1.3937929623707488,0.6905500731114368
2022-12-06,0.006733035250819497,-1.5920861990339037,-0.6463035680511381,0.0014372719350079,2,Chop,0.9997709688651552,0.9995419460926427,0.0021487581203460952,0.3333217371274066,0.4500156554226316,0.4500156554226316,0.44433913425841726,0.0029917510542805405,0.004606978852708332,9.213957705416664e-07,0.0029908296585099987,0.006733035250819497,1.3979615597004296,0.695199571096152
2022-12-07,-0.014224977832437721,-1.4150136080575708,-0.6153183328363135,-0.0028351208406405,2,Chop,0.9996182420655583,0.9992365374542264,0.0033869229518848783,0.33981593173672336,0.4414154428645634,0.4414154428645634,0.4500156554226316,-0.006401462722636866,0.005676521164214354,1.135304232842871e-06,-0.006402598026869709,-0.014224977832437721,1.3890109737766518,0.6853103726081891
2022-12-08,0.022614200081039638,-1.277826151149739,-0.4258779883379243,0.0038105661491265,2,Chop,0.999396813477165,0.9987938208147644,0.005076350637233265,0.35273534882710716,0.4252479954129075,0.4252479954129075,0.4414154428645634,0.009982257143799958,0.008600212558068199,1.7200425116136398e-06,0.009980537101288343,0.022614200081039638,1.4028740493345264,0.7008081184919625
2022-12-09,-0.005838370505888547,-1.1589757487426997,-0.5058901529111558,3.112355527574579e-05,2,Chop,0.999445490491108,0.9988916403718714,0.004716849756794008,0.354154674946098,0.4235437525223403,0.4235437525223403,0.4252479954129075,-0.002482755354106947,0.016167447451655936,3.2334894903311876e-06,-0.002485988843597278,-0.005838370505888547,1.3993865200989086,0.6967165410426718
2022-12-10,-0.00025846420531521353,-1.0817440914721317,-1.6299887460223643,0.0018050845576435,2,Chop,0.9996226587811604,0.99924589877828,0.003355954203193923,0.33344232759671333,0.4498529058416953,0.4498529058416953,0.4235437525223403,-0.00010947089941191015,0.001704242890567198,3.4084857811343964e-07,-0.0001098117479900236,-0.00025846420531521353,1.3992328510190228,0.6965364647555613
2022-12-11,-0.00143319679738864,-1.0827333174196163,-1.3804724674090147,0.0001718381480019,2,Chop,0.9995869109986619,0.9991746644280556,0.0036377907024047803,0.2974150668141662,0.5043456661653408,0.5043456661653408,0.4498529058416953,-0.0006447277439482911,0.026309153319355016,5.261830663871003e-06,-0.0006499895746121621,-0.00143319679738864,1.3983233642534056,0.6955381909250092
2022-12-12,0.0059599279123048595,-1.027260139838215,-0.2914305869622043,0.0042088192969504,2,Chop,0.9991605201103428,0.9983230318564211,0.006798961550272455,0.2820742321121826,0.5317749121456231,0.5317749121456231,0.5043456661653408,0.0030058638132288034,0.05449276032364553,1.0898552064729106e-05,0.0029949652611640743,0.0059599279123048595,1.4025112941532187,0.6996835484031771
2022-12-13,0.03286478873072886,-0.8476742877911165,1.338613152879184,0.0062589370268882,2,Chop,0.9898227442780118,0.9796458256264056,0.0568182820652217,0.29456159695394507,0.5092313511032893,0.5092313511032893,0.5317749121456231,0.017476670139967804,0.02742924598028229,5.485849196056458e-06,0.017471184290771748,0.03286478873072886,1.4270148274432584,0.7226785003998143
2022-12-14,0.0019289306421712124,-0.6514956933914899,1.1037256001439553,0.0078123972565002,2,Chop,0.9914260536820096,0.9828578448203644,0.049388401322596656,0.2941575606463658,0.509930799230175,0.509930799230175,0.5092313511032893,0.000982271957097382,0.022543561042333793,4.508712208466759e-06,0.0009777632448889153,0.0019289306421712124,1.4284101100914437,0.7240724971036738
2022-12-15,-0.02562838102102438,-0.5552116013560494,0.0270564073934385,0.0027384138933583,2,Chop,0.993626633394397,0.987384945509287,0.03921553945351831,0.31788489803849707,0.47186890892134936,0.47186890892134936,0.509930799230175,-0.013068700817026411,0.0006994481268857156,1.3988962537714312e-07,-0.013068840706651787,-0.02562838102102438,1.4097424458988876,0.7055156912610563
2022-12-16,-0.04218980898149945,-0.3231016670237303,0.666562967524958,-0.0054129085434637,2,Chop,0.9499324072277449,0.9001150712969741,0.20028986970328708,0.37050292509944505,0.40485510326197605,0.40485510326197605,0.47186890892134936,-0.019908059131700292,0.038061890308825674,7.612378061765135e-06,-0.01991567150976206,-0.04218980898149945,1.3816664784329968,0.6757501190133017
2022-12-17,0.008827572352892032,-0.2320351729717129,-1.3958547863310156,-0.0048393796553463,2,Chop,0.9869205732372849,0.9775938499474175,0.07755464388105958,0.37206515975623494,0.4031551895325946,0.4031551895325946,0.40485510326197605,0.0035738877164826683,0.06701380565937332,1.3402761131874664e-05,0.0035604849553507937,0.008827572352892032,1.38658588114277,0.6817153520813671
2022-12-18,-0.002212331171359141,-0.2200131152418539,-1.8995310302547983,-0.0118548036357639,2,Chop,0.9902543149718174,0.981965399436183,0.05894039413472133,0.3663316715370942,0.4094650057709008,0.4094650057709008,0.4031551895325946,-0.0008919127926981615,0.0016999137293814415,3.399827458762883e-07,-0.0008922527754440377,-0.002212331171359141,1.385348696041929,0.6802071719579634
2022-12-19,-0.01917645189485355,-0.0946507485059554,-0.5206709955019239,-0.0160758801431689,2,Chop,0.9489908526634997,0.9055565730462343,0.22290483831460878,0.37224039942158443,0.40296539610714327,0.40296539610714327,0.4094650057709008,-0.00785208598579161,0.006309816238306176,1.2619632476612353e-06,-0.007853347949039271,-0.01917645189485355,1.374469070701164,0.6671632118463772
2022-12-20,0.027988705082472278,0.0425340653994461,0.7995217346595376,-0.0053524629224695,2,Chop,0.8599578694114772,0.7296806914101366,0.44046173089836266,0.3431694018937291,0.43710190702389956,0.43710190702389956,0.40296539610714327,0.011278479630084456,0.006499609663757511,1.2999219327515022e-06,0.011277179708151704,0.027988705082472278,1.3899692054147572,0.6858362462246204
2022-12-21,-0.005264509420176635,0.1055790180030566,-0.9587442037827238,0.0020325969897949,2,Chop,0.7859384951142844,0.6205117075996609,0.6339976344840498,0.34025596661070107,0.44084458384125946,0.44084458384125946,0.43710190702389956,-0.002301127107104491,0.03413651091675629,6.8273021833512584e-06,-0.0023079544092878424,-0.005264509420176635,1.3867612198583459,0.6822256548456722
2022-12-22,0.0007612154110786702,0.4140633583008419,-0.5504607690850489,0.0004193256014323,0,Bear,0.8950198438995802,0.8049955843254222,0.3788697548569375,0.338613673853188,0.442982701475414,0.6,0.44084458384125946,0.00033557769111052963,0.0037426768173599023,7.485353634719805e-07,0.00033482915574705764,0.0007612154110786702,1.3872255479468139,0.6827449755279741
2022-12-23,-0.0019858084288219657,0.7183046318690166,-0.7941166868451859,0.0004646301499397,0,Bear,0.9975686594829496,0.9958210075881261,0.018507795080621628,0.33578511800513533,0.4467142584851124,0.6,0.6,-0.0011914850572931795,0.15915541615874051,3.183108323174811e-05,-0.0012233161405249275,-0.0019858084288219657,1.3855285325434619,0.6813891748008347
2022-12-24,0.0030199561547248985,0.6349927547307034,-1.8237348928984891,0.0049039117598554,0,Bear,0.9949253051912484,0.9913715133904527,0.034972563648666306,0.3307970134220783,0.45345028495952133,0.6,0.6,0.001811973692834939,0.0,0.0,0.001811973692834939,0.0030199561547248985,1.388039073795103,0.6834469402330374
2022-12-25,-0.0003425096739709631,0.093931601122073,-1.2724188116745083,-0.0007623311914332,0,Bear,0.9784333167543139,0.9617797076551639,0.11564829041901152,0.3286866872937165,0.45636165320550104,0.6,0.6,-0.00020550580438257786,0.0,0.0,-0.00020550580438257786,-0.0003425096739709631,1.3877538237087281,0.6832128530443617
2022-12-26,0.004609855984671537,0.0635852040873967,-1.1088912761044976,0.0012125418895364,0,Bear,0.9737171618101844,0.9524485290430461,0.134382341032583,0.3279266945366999,0.4574193028473098,0.6,0.6,0.0027659135908029223,0.0,0.0,0.0027659135908029223,0.004609855984671537,1.3915922308704127,0.6863623659037728
2022-12-27,-0.012048246868378581,-0.001682421444377,-0.3036478243389434,-0.001349350566355,0,Bear,0.9591460070918477,0.9280625041051016,0.19312275580448557,0.32630423213527043,0.4596937006254244,0.6,0.6,-0.007228948121027148,0.0,0.0,-0.007228948121027148,-0.012048246868378581,1.3815324828278261,0.6780929026781997
2022-12-28,-0.009895050300250239,-0.2363521752805576,-0.0186744417875697,-0.0029311989406406,0,Bear,0.7749965273166173,0.5811863352436645,0.6237269122353712,0.31149422007031885,0.48154986620983836,0.6,0.6,-0.005937030180150143,0.0,0.0,-0.005937030180150143,-0.009895050300250239,1.3733302827824196,0.6713831392979561
2022-12-29,0.00540864482551941,-0.2556514987201129,-0.4728552646745346,-0.0024534612064817,0,Bear,0.5932264799424645,0.20496339925199442,0.7509412311605478,0.3125464594116051,0.4799286489515433,0.6,0.6,0.003245186895311646,0.0,0.0,0.003245186895311646,0.00540864482551941,1.3777869962190397,0.675014412240261
2022-12-30,-0.002391695878759684,-0.0601493807285712,-0.2141227804520589,-0.0028632984474395,0,Bear,0.7001394196958642,0.4157480278147876,0.6716671636647213,0.3125226594090367,0.4799651976712403,0.6,0.6,-0.0014350175272558104,0.0,0.0,-0.0014350175272558104,-0.002391695878759684,1.3758098477306402,0.6733999830524027
2022-12-31,-0.003323665649558149,-0.2536084141069053,-1.122117562157468,-0.0044500027742854,2,Chop,0.5261114036849839,0.06445975810052013,0.7486050873219083,0.31261227015729065,0.47982761497022364,0.47982761497022364,0.6,-0.001994199389734889,0.0,0.0,-0.001994199389734889,-0.003323665649558149,1.3730662085719045,0.6711618266603184
2023-01-01,0.00467760631157723,-1.058547555353138,-1.3564438987090337,-0.0011048321382942,2,Chop,0.9985833371510472,0.9974748412034659,0.011450187058716949,0.31205976170508,0.4806771599786111,0.4806771599786111,0.47982761497022364,0.002244444680253767,0.12017238502977634,2.403447700595527e-05,0.0022204102032478117,0.00467760631157723,1.3761149787911522,0.6743012574567944
2023-01-02,0.003805700684704715,-2.850138843362607,-0.7444248784510862,0.0016353180586967,2,Chop,0.9999038185624426,0.9998076371248914,0.0009857852985796747,0.27236099394654384,0.5507396555816668,0.5507396555816668,0.4806771599786111,0.0018293133968525182,0.0008495450083874645,1.6990900167749292e-07,0.0018291434878508408,0.003805700684704715,1.378632090543142,0.676867446213995
2023-01-03,-0.0005162548994983624,-3.2589792163924827,-0.2696039863283244,0.0004503381136931,2,Chop,0.9998490130763383,0.9996980261526777,0.001479406390578626,0.27168080008008116,0.5521185153893308,0.5521185153893308,0.5507396555816668,-0.0002843220455420761,0.07006249560305572,1.4012499120611145e-05,-0.0002983345446626873,-0.0005162548994983624,1.3782207969661524,0.676518010078576
2023-01-04,0.010934153962035356,-2.574934464604523,0.913165609643204,0.0031155080818521,2,Chop,0.9996600019176566,0.9993200038353275,0.003055358958502701,0.2585196154964565,0.580226764270644,0.580226764270644,0.5521185153893308,0.00603694885255733,0.0013788598076639458,2.757719615327892e-07,0.006036673080595797,0.010934153962035356,1.3865406653503154,0.6839151621588649
2023-01-05,-0.0015728177184386805,-2.9221389560878226,-0.2031115526359098,0.003465677668076,2,Chop,0.9998642103167679,0.9997284206335363,0.0013449065690673229,0.18272425473852208,0.8209090808149667,0.8209090808149667,0.580226764270644,-0.0009125909355572124,0.028108248881313247,5.6216497762626495e-06,-0.0009182125853334751,-0.0015728177184386805,1.385267526261314,0.6828394882739126
2023-01-06,0.006820792235553174,-2.255281880907445,0.0199798232944926,0.0038943148528712,2,Chop,0.9998216898773152,0.9996433797576899,0.001717464811875808,0.18117560237219324,0.8279260454277476,0.8279260454277476,0.8209090808149667,0.005599250284517818,0.2406823165443227,4.813646330886454e-05,0.005551113821208954,0.006820792235553174,1.3929573039724152,0.6874969945536604
2023-01-07,0.00018340582830352,-1.927571990529766,-1.854443788697824,0.0031698558815909,2,Chop,0.9999085151278979,0.999817030318586,0.0009422302909529494,0.18078417703634356,0.8297186316800561,0.8297186316800561,0.8279260454277476,0.00015184646213573378,0.007016964612780896,1.4033929225561793e-06,0.0001504430692131776,0.00018340582830352,1.3931668647445077,0.6876230855094027
2023-01-08,0.00799308234902105,-1.823359753421892,-1.1408243479784692,0.0048717233312948,2,Chop,0.9998618867664821,0.999723774066986,0.0013655835021833382,0.15977016997183585,0.9388485974975295,0.9388485974975295,0.8297186316800561,0.006632009349535755,0.0017925862523084923,3.585172504616985e-07,0.006631650832285293,0.00799308234902105,1.4024058609426029,0.6931193134569673
2023-01-09,0.006148589187306557,-1.7435074744578354,1.619710005419103,0.0039146103763491,2,Chop,0.9987589864206056,0.9975179728581937,0.009544891495155033,0.11124844200143892,1.3483334894529115,1.3483334894529115,0.9388485974975295,0.005772594335091236,0.10912996581747336,2.1825993163494674e-05,0.005750768341927741,0.006148589187306557,1.4104707721702456,0.6973810193732022
2023-01-10,0.014418133870887372,-1.4908984779421626,0.6889597294023044,0.0071128006942143,2,Chop,0.9991235933479734,0.9982471916149809,0.00704570958383367,0.12174388035249935,1.2320947842773484,1.2320947842773484,1.3483334894529115,0.019440452753532785,0.40948489195538207,8.189697839107641e-05,0.019358555775141707,0.014418133870887372,1.4377754492825106,0.7074359522695408
2023-01-11,0.02762115049773119,-1.230878073418087,1.425241962095525,0.0112728723466499,2,Chop,0.994966580639169,0.989933167856065,0.031655948504618385,0.1639504566701778,0.9149105348438145,0.9149105348438145,1.2320947842773484,0.034031875463994284,0.11623870517556312,2.3247741035112626e-05,0.03400862772295917,0.02762115049773119,1.48667221928637,0.7269761471746836
2023-01-12,0.05080318049018759,-0.242679118879716,3.519924574029424,0.0213968272790267,1,Bull,0.8731065187091701,0.7462130377157482,0.3804383925021422,0.2593507746453351,0.5783672719124381,0.5783672719124381,0.9149105348438145,0.04648036503404437,0.31718424943353396,6.34368498867068e-05,0.04641692818415766,0.05080318049018759,1.5556789769223678,0.7639088475916602
2023-01-13,0.053649212803668606,0.4872063585065014,2.090702116919547,0.0305280533699562,1,Bull,0.9999166348754325,0.9998361260179883,0.0008787932815164693,0.32954694586517363,0.45517035397247757,0.45517035397247757,0.5783672719124381,0.031028948849507656,0.3365432629313764,6.730865258627527e-05,0.03096164019692138,0.053649212803668606,1.6038453496677527,0.8048919559187104
2023-01-14,0.052192440560842025,0.8902225552833805,2.666013976377956,0.0397368236446633,1,Bull,0.9999998536549519,0.9999997140048555,2.476611658532507e-06,0.37606655901258307,0.3988655635689773,0.3988655635689773,0.45517035397247757,0.02375645164476596,0.12319691793996052,2.4639383587992105e-05,0.02373181226117797,0.052192440560842025,1.6419075064020312,0.8469012314858976
2023-01-15,-0.0045631527773636734,1.070678251460752,0.2277930008987203,0.0359405663150131,1,Bull,0.9868356110363468,0.9736821566094467,0.07017081042772019,0.38105815505502383,0.3936407028957047,0.3936407028957047,0.3988655635689773,-0.0018200845041945056,0.05630479040350028,1.1260958080700057e-05,-0.0018313454622752056,-0.0045631527773636734,1.6389006065407061,0.84303669177929
2023-01-16,0.013737719952276949,1.1792098876129076,1.0492118002682511,0.0331638802059223,1,Bull,0.9979805631587094,0.9959667556944076,0.014586610725063872,0.3674014788311214,0.4082727170212304,0.4082727170212304,0.3936407028957047,0.005407725738198645,0.005224860673272602,1.0449721346545204e-06,0.0054066807660639905,0.013737719952276949,1.6477616189275803,0.854618093760448
2023-01-17,-0.00038332437933474676,1.2160419332809351,0.7747601067751638,0.0229265792320178,1,Bull,0.9459940301387032,0.8920300100991289,0.21048807306057601,0.3587535550134105,0.4181143236180416,0.4181143236180416,0.4082727170212304,-0.00015650088585147384,0.014632014125525727,2.9264028251051456e-06,-0.00015942728867657897,-0.00038332437933474676,1.6474989207602895,0.854290497810089
2023-01-18,-0.02259283115330066,1.7397233638951828,1.2243313000070777,0.0076781704406239,1,Bull,0.9799888857182789,0.9599827748465102,0.09812886559966415,0.38782528381775194,0.3867721014045295,0.3867721014045295,0.4181143236180416,-0.009446386316278924,0.009841606596811159,1.9683213193622317e-06,-0.009448354637598286,-0.02259283115330066,1.6319327666918857,0.8349896568371965
2023-01-19,0.019055334102897954,1.5709950669125723,0.1946219362780453,0.0010507491490351,0,Bear,0.5249146244640898,0.04984998179743505,0.6921340699384426,0.38453241764973173,0.3900841466547928,0.6,0.3867721014045295,0.007370071613943237,0.03134222221351207,6.268444442702415e-06,0.007363803169500535,0.019055334102897954,1.643949998371663,0.8509006637206935
2023-01-20,0.0726845526110478,1.9097509605887408,0.96012148901263,0.0165002902267174,1,Bull,0.9959209359037372,0.9918420366983967,0.026515118918547367,0.45681849402089436,0.3283579845459128,0.3283579845459128,0.6,0.043610731566628674,0.21322789859547048,4.2645579719094095e-05,0.04356808598690958,0.0726845526110478,1.7155737532588995,0.9127479977796757
2023-01-21,0.004447222994453112,1.8954717586913776,1.242076686611727,0.0146421908351526,1,Bull,0.9935185770581226,0.9870387262206528,0.039133724000586394,0.4569268606397047,0.32828010984076894,0.32828010984076894,0.3283579845459128,0.001460281179284863,0.27164201545408717,5.432840309081744e-05,0.0014059527761940455,0.004447222994453112,1.7179857689400595,0.9168071916635426
2023-01-22,-0.002514790230431855,1.7681599497315617,0.3079709337248522,0.0142158976649332,1,Bull,0.7926967588350547,0.5854001221005176,0.5104366664793089,0.4608797534617071,0.3254645032100829,0.3254645032100829,0.32828010984076894,-0.0008255556130726619,7.787470514386552e-05,1.5574941028773104e-08,-0.0008255711880136906,-0.002514790230431855,1.716567449387805,0.9145016138947575
2023-01-23,0.00937544219856928,1.579447430895274,0.4502036321017769,0.0206095523353072,1,Bull,0.7567374738752844,0.5134871206884286,0.5549442043787784,0.4562197888526364,0.3287888944432691,0.3287888944432691,0.3254645032100829,0.0030513736375321985,0.0028156066306860295,5.631213261372059e-07,0.003050810516206061,0.00937544219856928,1.7218043714141744,0.923075470916326
2023-01-24,-0.013077079200906103,1.4669748829456275,0.3903761728280302,0.0141830696745464,0,Bear,0.5548598129794038,0.10974839392516261,0.6874221351665114,0.47250364511215703,0.3174578684242634,0.6,0.3287888944432691,-0.004299598413012987,0.0033243912331861747,6.64878246637235e-07,-0.0043002632912596235,-0.013077079200906103,1.7144001592810516,0.9110043398747396
2023-01-25,0.021043184701323544,1.6334598023831757,0.8144277298378088,0.0038547960926015,0,Bear,0.5303033232906904,0.06063205638428265,0.6915845247474643,0.4673711591812053,0.3209440656603358,0.6,0.6,0.012625910820794126,0.2712111055567309,5.424222111134618e-05,0.01257166859968278,0.021043184701323544,1.7359530299307764,0.9301747724624311
2023-01-26,-0.003687148593844675,1.4606581746164382,0.2240349591699091,0.002227921774942,0,Bear,0.920038865828191,0.8401009851899643,0.278887037594096,0.4733889393327675,0.31686418405005845,0.6,0.6,-0.002212289156306805,0.0,0.0,-0.002212289156306805,-0.003687148593844675,1.7321125998668025,0.9267450798581165
2023-01-27,0.001993046474165044,1.422460384853159,-0.0120994554341051,0.0031294891158614,0,Bear,0.9903616842380936,0.9807407483109503,0.054460038055918404,0.47233882368395214,0.3175686445380295,0.6,0.6,0.0011958278844990263,0.0,0.0,0.0011958278844990263,0.001993046474165044,1.7341839084128154,0.9285921258719776
2023-01-28,-0.002066314313093378,1.3127947968071942,-1.7380449760133614,0.0008411378135288,0,Bear,0.9961870447830747,0.9924258000374895,0.025315100705911694,0.47730501199488695,0.31426445612435105,0.6,0.6,-0.0012397885878560268,0.0,0.0,-0.0012397885878560268,-0.002066314313093378,1.7320338869939218,0.9266733626712625
2023-01-29,0.03177133538504421,1.2459783935660935,0.2078037397547482,0.0098108207307189,0,Bear,0.9846621166042423,0.9693731334534987,0.07962249359199268,0.4808038052121921,0.311977564182964,0.6,0.6,0.019062801231026525,0.0,0.0,0.019062801231026525,0.03177133538504421,1.7650513047070893,0.9561150128690779
2023-01-30,-0.040096914665951826,1.3563019970586423,0.0860011519709049,-0.0024171991427361,0,Bear,0.9811353351474803,0.9622937210099735,0.09376472900395474,0.5377097346365078,0.2789609157836804,0.6,0.6,-0.024058148799571095,0.0,0.0,-0.024058148799571095,-0.040096914665951826,1.722587437779569,0.917777750787231
2023-01-31,0.013012288539514132,1.2719605091041752,-0.7693636764551759,0.0009226882839356,0,Bear,0.9977487324082329,0.9955190939961497,0.016095045238608698,0.5339321743325125,0.2809345591273279,0.6,0.6,0.007807373123708479,0.0,0.0,0.007807373123708479,0.013012288539514132,1.736036320644527,0.9297201396956207
2023-02-01,0.024945734590003956,1.0612126433311164,0.0302428920086151,0.0055132259071034,0,Bear,0.9945077876008164,0.9890965406081467,0.03448270718186409,0.5093821655259494,0.2944743851507274,0.6,0.6,0.014967440754002373,0.0,0.0,0.014967440754002373,0.024945734590003956,1.7620203414205702,0.952912691543449
2023-02-02,-0.010674749877368259,0.9135101733017744,1.0542788468817808,0.0037915387942484,0,Bear,0.9259003637743044,0.853062077875729,0.27050493063546954,0.48029244972483554,0.31230971897629567,0.6,0.6,-0.006404849926420955,0.0,0.0,-0.006404849926420955,-0.010674749877368259,1.7507348655664703,0.942740586906253
2023-02-03,-0.000961136247671562,0.6861398396671556,0.2374312897470312,-0.0027549555322947,0,Bear,0.9885818161125689,0.9778397212641189,0.06498784815806008,0.4387049122994817,0.3419154784790797,0.6,0.6,-0.0005766817486029371,0.0,0.0,-0.0005766817486029371,-0.000961136247671562,1.7497252487228554,0.9418344847560262
2023-02-04,-0.0050223137428644544,0.54738947515793,-2.231648575181308,0.0042599646523227,0,Bear,0.9932134726038172,0.9888823972921903,0.045088798895998795,0.43891303682524896,0.34175334841949967,0.6,0.6,-0.0030133882457186725,0.0,0.0,-0.0030133882457186725,-0.0050223137428644544,1.744452647225117,0.9371042964797324
2023-02-05,-0.016254488231275857,0.4185002614375238,-1.243532585220312,-0.0015933907018352,2,Bull,1.0,1.0,2.0562384418205508e-297,0.4467947299285183,0.33572464031524757,0.33572464031524757,0.6,-0.009752692938765514,0.0,0.0,-0.009752692938765514,-0.016254488231275857,1.727439536210514,0.9218721457211245
2023-02-06,-0.008555376421285297,0.2984168363271286,-0.3430032739593571,-0.008293612904093,2,Bull,0.8846421253798338,0.792812127711709,0.41592500475617644,0.4497068310346597,0.3335506371003718,0.3335506371003718,0.33572464031524757,-0.002872250671797556,0.2642753596847524,5.2855071936950484e-05,-0.0029251057437345066,-0.008555376421285297,1.7223865929011906,0.9139851825021823
2023-02-07,0.02191019571493288,-0.4050365228420684,0.3926248058643731,-0.0017766237856328,2,Bull,0.9937309790226879,0.989881847615289,0.04222764059835054,0.43991395415282614,0.34097577170259524,0.34097577170259524,0.3335506371003718,0.007308159739709699,0.0021740032148757638,4.3480064297515277e-07,0.0073077249390667235,0.02191019571493288,1.7349733203608488,0.9340107767313537
2023-02-08,-0.014063722484005989,-0.4575367002301373,-0.0380656455697518,-0.0043971410328997,2,Bull,0.998710134201574,0.9978658660731176,0.010702226790656626,0.4435760262220933,0.3381607461465845,0.3381607461465845,0.34097577170259524,-0.004795388626995082,0.007425134602223438,1.4850269204446876e-06,-0.004796873653915527,-0.014063722484005989,1.7266508725501635,0.920875108370333
2023-02-09,-0.05007294792111713,-1.3555388094123584,1.4168806864335663,-0.0134072678685502,2,Bull,0.9998232016293709,0.9996464034569117,0.0017044120859443393,0.38577207170390965,0.3888306360215962,0.3888306360215962,0.3381607461465845,-0.016932705430764035,0.002815025556010764,5.630051112021528e-07,-0.016933268435875237,-0.05007294792111713,1.6974130298302332,0.8747641770270522
2023-02-10,-0.0077228177249046275,-1.841048062528539,0.3520795271201469,-0.011700933767276,2,Bull,0.9999969347002113,0.9999938694117726,4.198054860642936e-05,0.3854119891286479,0.38919391256905356,0.38919391256905356,0.3888306360215962,-0.0030028681278535226,0.0506698898750117,1.013397797500234e-05,-0.003013002105828525,-0.0077228177249046275,1.6922987207968938,0.8680085327355962
2023-02-11,0.010095720621826006,-2.024565627157549,-1.7351398430252285,-0.0079707143586537,2,Bull,0.9999995687722821,0.9999991375454602,6.751585119025839e-06,0.3891720044594129,0.38543368557139784,0.38543368557139784,0.38919391256905356,0.003929193009012542,0.0003632765474573807,7.265530949147614e-08,0.00392912035370305,0.010095720621826006,1.6989479661453226,0.8767717043794558
2023-02-12,-0.0037871607629455096,-1.896215970673534,-1.2945196880535506,-0.0131101856542294,2,Bull,0.9999988783107663,0.999997756630255,1.6489699338833646e-05,0.38589088567923485,0.3887109169110693,0.3887109169110693,0.38543368557139784,-0.0014596993307134747,0.0037602269976557134,7.520453995311427e-07,-0.0014604513761130057,-0.0037871607629455096,1.6964667352502212,0.8734512289825691
2023-02-13,0.0009128497942385424,-1.7287640062895149,-0.1089547089819969,-0.0101148711985805,2,Bull,0.9999967784423185,0.9999935570012858,4.396153867334047e-05,0.38318731484687657,0.39145345941303067,0.39145345941303067,0.3887109169110693,0.00035483468052054475,0.003277231339671449,6.554462679342899e-07,0.00035417923425261046,0.0009128497942385424,1.697067588539447,0.8742485587572233
2023-02-14,0.018747466050136215,-2.2406057203797167,0.4939357496622271,0.0036492115956701,2,Bull,0.99999954054904,0.9999990810981085,7.164326487085963e-06,0.3806680900503748,0.39404406074633186,0.39404406074633186,0.39145345941303067,0.0073387604405541675,0.002742542501961376,5.485085003922752e-07,0.007338211932053775,0.018747466050136215,1.7095210301671688,0.8906385039319048
2023-02-15,0.08977000786319626,-0.8628881880957006,1.4690621141376574,0.0231477767132902,2,Bull,0.9829633748290926,0.96592675496798,0.08627053459273833,0.5460530674931474,0.2746985758886564,0.2746985758886564,0.39404406074633186,0.035373338431643996,0.00259060133330119,5.18120266660238e-07,0.03537282031137733,0.08977000786319626,1.7699916103857927,0.9705911294331372
2023-02-16,-0.028558101481565734,0.2087252127080995,2.226492075951701,0.0154170122926119,2,Bull,0.7955038066730226,0.5910313884961937,0.5068118161816534,0.5621661932229091,0.2668250097716607,0.2668250097716607,0.2746985758886564,-0.007844869807069837,0.11934548485767543,2.386909697153509e-05,-0.007868738904041371,-0.028558101481565734,1.756064008541323,0.9428728894616782
2023-02-17,0.03910624942610064,0.9164023105604456,2.184509334862538,0.0239956943304211,0,Bear,0.9902847871408637,0.980598338903159,0.05488496642548587,0.5846827618551451,0.25654937991341437,0.6,0.2668250097716607,0.010434525385252302,0.007873566116995745,1.574713223399149e-06,0.010432950672028903,0.03910624942610064,1.77438493771936,0.9797451118540748
2023-02-18,0.0030758236488141917,0.7334800117495707,-0.956136273075726,0.0244282891013363,0,Bear,0.5183376788565843,0.03742085716732857,0.6980434963488138,0.570446333425379,0.26295199252011975,0.6,0.6,0.001845494189288515,0.3331749902283393,6.663499804566787e-05,0.0017788591912428471,0.0030758236488141917,1.777541318674625,0.9827586350389257
2023-02-19,-0.01280971909443967,0.7316559149930955,-0.0870226814801907,0.0181168520724211,1,Chop,0.8995267792517826,0.7998694052074973,0.33086104150945256,0.5432155206263306,0.276133494541999,0.276133494541999,0.6,-0.007685831456663802,0.0,0.0,-0.007685831456663802,-0.01280971909443967,1.763879435692036,0.9701697729864421
2023-02-20,0.02040504474431612,1.1974644725432964,0.3658433816741046,0.0042438594486451,1,Chop,0.9695815626341336,0.9393326358718399,0.1372424813856448,0.5466995917566201,0.27437371869627636,0.27437371869627636,0.276133494541999,0.00563451631153386,0.323866505458001,6.47733010916002e-05,0.00556974301044226,0.02040504474431612,1.7737037908502444,0.9899661306138134
2023-02-21,-0.015946381537723795,1.2360470578552356,0.6532643703419322,0.0067662034374134,1,Chop,0.9581653047224804,0.9166061521490457,0.1753903186840027,0.5438215673327733,0.27582576530697345,0.27582576530697345,0.27437371869627636,-0.0043752680022549235,0.001759775845722622,3.519551691445244e-07,-0.004375619957424068,-0.015946381537723795,1.7659427371444414,0.9741797529856215
2023-02-22,-0.010180396881003117,1.3114962105656147,0.5206266441143843,-0.0030911258240072,1,Chop,0.9650872032791388,0.9303312292167556,0.15242930599563204,0.5436133740049518,0.27593140119954745,0.27593140119954745,0.27582576530697345,-0.00280801576083141,0.0014520466106970886,2.9040932213941775e-07,-0.0028083061701535497,-0.010180396881003117,1.7609834292595807,0.9642622164667903
2023-02-23,-0.010027916762018151,1.4625254342636549,0.5318962379496861,-0.0057118739061737,1,Chop,0.940292173546884,0.8807032664061956,0.22702117176906916,0.5457789529988784,0.2748365417460652,0.2748365417460652,0.27593140119954745,-0.0027670171232560973,0.00010563589257400752,2.1127178514801504e-08,-0.002767038250434612,-0.010027916762018151,1.756110720752438,0.9545926752233022
2023-02-24,-0.03179206740644356,1.625897408092438,-0.0798769429549511,-0.0095083435685745,1,Chop,0.9107232763226304,0.8214935796641069,0.3012632352472444,0.563204773038067,0.2663329701395508,0.2663329701395508,0.2748365417460652,-0.008737621860944744,0.0010948594534822553,2.1897189069645106e-07,-0.00873784083283544,-0.03179206740644356,1.7407661047896672,0.9242442005469056
2023-02-25,-0.000981248083164121,1.4584319786106588,-1.6449068046271609,-0.0137856021340705,1,Chop,0.956023199814022,0.912159056934386,0.18116768817857742,0.5586475721846764,0.26850559721114003,0.26850559721114003,0.2663329701395508,-0.00026133871643284134,0.008503571606514382,1.7007143213028764e-06,-0.00026303943075414423,-0.000981248083164121,1.7403082146643873,0.9233372876967434
2023-02-26,0.016511545833869257,1.3414823642187188,-1.4319430325026734,-0.0072940166597519,1,Chop,0.9905083999122648,0.9810986272055725,0.05412254126895998,0.5611204388343973,0.26732228879702113,0.26732228879702113,0.26850559721114003,0.004433442475002176,0.002172627071589217,4.3452541431784345e-07,0.004433007949587858,0.016511545833869257,1.7480230148147275,0.9385830136426686
2023-02-27,-0.001628652491694882,1.298425571151666,-0.5467977834800589,-0.0055836677818902,1,Chop,0.996135907664656,0.9923209184150386,0.025588776352316437,0.5538203708154892,0.2708459419416589,0.2708459419416589,0.26732228879702113,-0.00043537511173484734,0.0011833084141188999,2.3666168282377998e-07,-0.00043561177341767113,-0.001628652491694882,1.7472615554092692,0.937054388078837
2023-02-28,-0.016092730875103014,1.1149310673533055,-0.7965686435271746,-0.0067966306045072,1,Chop,0.9971874921440745,0.9944679404279898,0.019736672294433946,0.5549158329006432,0.2703112636306005,0.2703112636306005,0.2708459419416589,-0.004358650852280892,0.0035236531446377617,7.047306289275524e-07,-0.00435935558290982,-0.016092730875103014,1.7396446209928922,0.9219746239961499
2023-03-01,0.021336804939163678,0.9182873750429013,-0.1780532800062185,0.0038291438646141,1,Chop,0.9971758351606633,0.994570460691374,0.020166450424982052,0.5122252695368511,0.29283990642560154,0.29283990642560154,0.2703112636306005,0.005767578704944972,0.0005346783110584119,1.0693566221168239e-07,0.0057674717692827605,0.021336804939163678,1.7496779722330533,0.9416466167072145
2023-03-02,-0.007261350209481709,0.8548331752664202,-0.7210253503148745,0.0025731234393506,1,Chop,0.9986286796195708,0.9974592846249166,0.010983182485945115,0.5120257627826201,0.2929540091592663,0.2929540091592663,0.29283990642560154,-0.0021264131158681455,0.022528642795001053,4.505728559000211e-06,-0.0021309188444271457,-0.007261350209481709,1.7459495504703428,0.9348089908497298
2023-03-03,-0.04856242572977136,1.0554736966118614,-0.0029292371534552,-0.0104416708733774,1,Chop,0.9687573581904331,0.937837517961668,0.1408326684880194,0.557967339685081,0.26883293937000075,0.26883293937000075,0.2929540091592663,-0.014226557312035627,0.00011410273366474488,2.282054673294898e-08,-0.01422658013258236,-0.04856242572977136,1.7211106592831302,0.8894123986600673
2023-03-04,-0.0004173035221196778,0.9356281838992984,-1.9575864790196689,-0.0101994010794624,1,Chop,0.9921541160094943,0.9849480738388856,0.048066826268709756,0.5575845245208447,0.26901750928059054,0.26901750928059054,0.26883293937000075,-0.0001121849324608871,0.024121069789265537,4.824213957853108e-06,-0.00011700914641874021,-0.0004173035221196778,1.7209092735939953,0.8890412437334896
2023-03-05,0.00366895467532336,0.8020532634071827,-1.4976536570354129,-0.0062470639693771,1,Chop,0.9974309334577597,0.9953855739961243,0.01918738715752259,0.5576739306551917,0.2689743804659655,0.2689743804659655,0.26901750928059054,0.000987013048418868,0.00018456991058979355,3.691398211795871e-08,0.00098697613443675,0.00366895467532336,1.7226077699765634,0.892303095761241
2023-03-06,-0.0002565841781915384,0.6939492726193969,-0.9098208204311756,-0.0105657417928481,1,Chop,0.9974346692553245,0.9954732611920698,0.019265950879445645,0.552212093929321,0.2716347607178608,0.2716347607178608,0.2689743804659655,-6.901457036643795e-05,4.312881462503748e-05,8.625762925007497e-09,-6.902319612936295e-05,-0.0002565841781915384,1.7224888700826024,0.8920741449047174
2023-03-07,-0.009406138966041635,-0.8368204072413579,-0.1887350195635953,-0.0109946995441601,2,Bull,0.9859627818306896,0.9752756346935157,0.08153542753795487,0.37968727089630827,0.395061966775717,0.395061966775717,0.2716347607178608,-0.002555034307319666,0.0026603802518953,5.320760503790601e-07,-0.0025555663833700453,-0.009406138966041635,1.7180869354304902,0.8836831715297309
2023-03-08,-0.022837315061132093,-2.625019829797892,-0.124903736296142,-0.0058496774104323,2,Bull,0.9999998940886939,0.9999997881773995,1.8069170168143677e-06,0.37345648363199047,0.4016532221939202,0.4016532221939202,0.395061966775717,-0.009022154603927548,0.12342720605785618,2.4685441211571237e-05,-0.009046840045139119,-0.022837315061132093,1.7025436777420073,0.863502220527286
2023-03-09,-0.06442451332853331,-2.263107862167118,1.254869461494582,-0.018651119371715,2,Bull,0.9999888680255269,0.9999777360510527,0.0001380997514143771,0.40348925503375976,0.371757111567815,0.371757111567815,0.4016532221939202,-0.025876313366680562,0.006591255418203212,1.3182510836406426e-06,-0.025877631617764203,-0.06442451332853331,1.658485879636246,0.8078715102117078
2023-03-10,-0.00866965688311379,-1.4341168396465802,2.250254150065433,-0.0211188416834024,2,Bull,0.9998382688825879,0.9996765377666161,0.0015735620455059067,0.3996244439099602,0.3753524147131416,0.3753524147131416,0.371757111567815,-0.0032230066011504086,0.0298961106261052,5.97922212522104e-06,-0.0032289858232756297,-0.00866965688311379,1.653130652242798,0.8008675414125292
2023-03-11,0.021812221244110887,-1.3809709768777825,0.8543560082661004,-0.0167050805989419,2,Bull,0.9999520556003985,0.9999041122215719,0.0005247847707880907,0.421658982832835,0.35573770773778796,0.35573770773778796,0.3753524147131416,0.008187269914234309,0.0035953031453266338,7.190606290653268e-07,0.008186550853605243,0.021812221244110887,1.6666640903950372,0.8183362414130465
2023-03-12,0.07160391184533008,-0.7247798107906189,0.7245222416283318,-0.0005030704366676,2,Bull,0.9976826599196168,0.9953668991582314,0.016387826051566003,0.5310166031507976,0.2824770432976521,0.2824770432976521,0.35573770773778796,0.025472211464916364,0.01961470697535367,3.922941395070734e-06,0.025468288523521294,0.07160391184533008,1.7091111723210102,0.8769323175030249
2023-03-13,0.08778363436848541,1.3312651842989909,2.7148226507307105,0.0216211194492558,0,Bear,0.9994844034607188,0.9989688198777062,0.004418775481974979,0.6613785469325398,0.22679901048453555,0.6,0.2824770432976521,0.024796861486331916,0.07326066444013585,1.4652132888027171e-05,0.024782209353443888,0.08778363436848541,1.7514667232017795,0.953912623428619
2023-03-14,0.02241616479750579,2.976065278244726,2.5464271901013635,0.0389892550744636,0,Bear,0.9999999999718341,0.9999999999454284,7.186362280194966e-10,0.6668418055231329,0.2249409061603839,0.6,0.6,0.013449698878503473,0.31752295670234787,6.350459134046957e-05,0.013386194287163002,0.02241616479750579,1.774912197046059,0.9752956859978161
2023-03-15,-0.015069419825617957,2.466569539040845,1.4220664841004245,0.0377093024859628,0,Bear,0.9999998699645771,0.9999997414708252,2.2001763541753986e-06,0.6688085184135685,0.22427944003435238,0.6,0.6,-0.009041651895370774,0.0,0.0,-0.009041651895370774,-0.015069419825617957,1.7588640588155209,0.960598545851401
2023-03-16,0.027387721969650478,2.000754687257435,0.5560702773268353,0.0388244026310707,0,Bear,0.9999658855294399,0.9999318003635626,0.0003852443066272219,0.6609973743568114,0.22692979702976682,0.6,0.6,0.016432633181790286,0.0,0.0,0.016432633181790286,0.027387721969650478,1.7877668267106712,0.9869071517496298
2023-03-17,0.09043081735478727,2.172177767899865,1.7164131336697783,0.0425897837329622,0,Bear,0.9999999996248334,0.9999999993763753,8.757793560473466e-09,0.7566139469562996,0.19825169837724876,0.6,0.6,0.05425849041287236,0.0,0.0,0.05425849041287236,0.09043081735478727,1.8847683559382036,1.076153972135634
2023-03-18,-0.016843655914946763,1.930887220923476,0.4658490609929217,0.0216643256762757,0,Bear,0.9932199921944868,0.9864403661119487,0.04061893543802298,0.76314784966953,0.19655431128444548,0.6,0.6,-0.010106193548968058,0.0,0.0,-0.010106193548968058,-0.016843655914946763,1.865720522138122,1.0580276049174782
2023-03-19,0.03901251239696352,1.7570653984563942,0.5702628275483588,0.0249835951961673,0,Bear,0.996883984613512,0.99376849271358,0.02109937757692905,0.774246395182509,0.19373677544167484,0.6,0.6,0.02340750743817811,0.0,0.0,0.02340750743817811,0.03901251239696352,1.9093923891376314,1.099303919970651
2023-03-20,-0.009728058677075274,1.647747644471498,1.0261793224144442,0.0260518674258758,0,Bear,0.9979921008642074,0.9959851556324403,0.014484526457264224,0.7707881130035477,0.1946060110028054,0.6,0.6,-0.0058368352062451645,0.0,0.0,-0.0058368352062451645,-0.009728058677075274,1.8982475804181764,1.0886098269332376
2023-03-21,0.014607259457310753,1.474208495988597,0.2906506729207668,0.0234957749234079,0,Bear,0.9433352281045165,0.8866751610745341,0.21773906285883424,0.7692701676059278,0.19499001302340913,0.6,0.6,0.008764355674386451,0.0,0.0,0.008764355674386451,0.014607259457310753,1.9148844973710046,1.1045114331230297
2023-03-22,-0.031304934786025286,1.5555619619282306,0.0204129645332554,-0.0008513755047546,0,Bear,0.6643441953785745,0.328697278856435,0.6382144213259096,0.7855756909435637,0.19094277194325263,0.6,0.6,-0.01878296087161517,0.0,0.0,-0.01878296087161517,-0.031304934786025286,1.8789172967832226,1.069934774738694
2023-03-23,0.03690243092144147,1.389845538224954,-0.7243892209772178,0.009897841862523,1,Chop,0.8081598647471653,0.616360792007624,0.48926821409652305,0.7524258529330478,0.19935519149864628,0.19935519149864628,0.6,0.02214145855286488,0.0,0.0,0.02214145855286488,0.03690243092144147,1.9205192662342094,1.1094179688539367
2023-03-24,-0.03011973318555565,1.3467455599771252,-0.6974167245597113,-0.0039286072539807,1,Chop,0.9731393307259942,0.9463268854691144,0.12400724397269762,0.7721566740314614,0.19426109369338726,0.19426109369338726,0.19935519149864628,-0.006004525177094578,0.4006448085013537,8.012896170027074e-05,-0.006084654138794849,-0.03011973318555565,1.908833570732282,1.076002595640795
2023-03-25,5.171583626720892e-05,1.2225391412323674,-1.824666520171323,-0.0019726523513123,1,Chop,0.9936168744611096,0.9874098694126333,0.03942963191342454,0.772912026097987,0.19407124606052323,0.19407124606052323,0.19426109369338726,1.0046374914536147e-05,0.005094097805259018,1.0188195610518037e-06,9.027555353484344e-06,5.171583626720892e-05,1.9088508028330025,1.0760582420148543
2023-03-26,0.01800847790347154,1.1137142956639634,-1.719924148020236,-0.0012924086620801,1,Chop,0.9960154225351757,0.9922489153459526,0.026838275635214726,0.7721180280776292,0.19427081682506564,0.19427081682506564,0.19407124606052323,0.0034949277463801206,0.00018984763286403195,3.796952657280639e-08,0.003494889776853548,0.01800847790347154,1.9155220259893624,1.0954364130890273
2023-03-27,-0.030997440056033318,1.1055859233840384,-1.29383995886707,-0.0012309097160817,1,Chop,0.9962190393133485,0.9925746994704806,0.025450934976124197,0.7884599938937424,0.190244275120717,0.190244275120717,0.19427081682506564,-0.006021897999171601,0.00019957076454241163,3.991415290848233e-08,-0.0060219379133245095,-0.030997440056033318,1.903986871277249,1.061480688539104
2023-03-28,0.004714100093914092,1.0377014729320273,-1.2780889725289677,-0.0076685758815872,1,Chop,0.9974983752030233,0.9951595163128891,0.018087354897450048,0.7750878178780563,0.19352645795756698,0.19352645795756698,0.190244275120717,0.0008968305552131905,0.00402654170434863,8.053083408697259e-07,0.0008960252468723207,0.004714100093914092,1.9056928915836269,1.0664846147526341
2023-03-29,0.03885339931269162,0.8326079263659544,-0.9714921595564362,0.0061260506180622,1,Chop,0.9967155555640811,0.9937979379717432,0.023210971282989577,0.7033001062157163,0.21328021803823244,0.21328021803823244,0.19352645795756698,0.007519160748596177,0.003282182836849973,6.564365673699946e-07,0.007518504312028807,0.03885339931269162,1.9200208518064008,1.1079211673504603
2023-03-30,-0.011169598741333131,0.8120313712094179,-0.754518398266891,0.0038817877025421,1,Chop,0.9985436846943503,0.9973387979174667,0.011637671906447666,0.7051005186101895,0.21273562568874888,0.21273562568874888,0.21328021803823244,-0.002382254454951097,0.019753760080665456,3.950752016133092e-06,-0.00238620520696723,-0.011169598741333131,1.9154392880523348,1.0955461324741262
2023-03-31,0.015746414888453637,0.8095679942343617,-0.9609382408335536,0.0034293750995385,1,Chop,0.9985415002714323,0.9973638983983637,0.011696554410343389,0.704685025241461,0.21286105795791863,0.21286105795791863,0.21273562568874888,0.0033498234236498154,0.0005445923494835636,1.0891846989671273e-07,0.0033497145051799185,0.015746414888453637,1.9218554628193152,1.1127970564055045
2023-04-01,-0.0023712364214005313,0.6105870862270389,-1.4372886850834223,0.0091546158264651,1,Chop,0.997194108843769,0.9956082007204562,0.02121042976018156,0.6623730722796356,0.22645848129628396,0.22645848129628396,0.21286105795791863,-0.0005047438933276661,0.0001254322691697507,2.5086453833950142e-08,-0.0005047689797815,-0.0023712364214005313,1.9208853697980603,1.1101583514957285
2023-04-02,-0.007480171844976413,-0.3127059536439943,-1.2152050601228332,0.006715761438687,1,Chop,0.6652270323140759,0.3356072549093627,0.6641292845330616,0.5731516897431553,0.26171082225583076,0.26171082225583076,0.22645848129628396,-0.0016939483558485809,0.013597423338365333,2.7194846676730667e-06,-0.001696667840516254,-0.007480171844976413,1.9176262653658058,1.1018541762514047
2023-04-03,-0.014613274150394037,-2.034453476703552,-0.6000556049379764,-0.00397757325393,2,Bull,0.9999973672398692,0.9999947351328246,3.646315884829011e-05,0.5766474127246349,0.26012429205440507,0.26012429205440507,0.26171082225583076,-0.0038244519937494998,0.035252340959546796,7.050468191909359e-06,-0.0038315024619414093,-0.014613274150394037,1.9102788756089732,1.0857524791000863
2023-04-04,0.01350558587463783,-2.1859152673855125,-0.8715796083817018,0.000957463669264,2,Bull,0.9999997460813896,0.9999994921629981,4.109994252037886e-06,0.5696585127678737,0.263315647248341,0.263315647248341,0.26012429205440507,0.0035131309644201385,0.0015865302014256843,3.1730604028513687e-07,0.0035128136583798533,0.01350558587463783,1.9169893293345268,1.1004162024451734
2023-04-05,0.0003512057047058866,-2.0277792001149275,-0.6470157065502492,-0.0021215781674854,2,Bull,0.9999994717309423,0.999998943464709,8.163728057028668e-06,0.5629488597279799,0.26645404357419045,0.26645404357419045,0.263315647248341,9.247795745194024e-05,0.0031913551939359297,6.38271038787186e-07,9.183968641315306e-05,0.0003512057047058866,1.9171653850333903,1.1008026748930229
2023-04-06,-0.004761257346579407,-2.374570325233783,-0.8911305181082022,-0.0025995823525212,2,Bull,0.9999998781663709,0.9999997563327786,2.0614990403166895e-06,0.41598297688019864,0.36059167883497156,0.36059167883497156,0.26645404357419045,-0.0012686562724934037,0.0031383963258494463,6.276792651698893e-07,-0.0012692839517585736,-0.004761257346579407,1.9147319577773003,1.0955614700700542
2023-04-07,-0.00422660089629551,-2.1292995562789265,-1.0864874822830008,-0.001948868162785,2,Bull,0.9999997080206384,0.999999416041834,4.685277822762177e-06,0.4089497076111354,0.3667932687278821,0.3667932687278821,0.36059167883497156,-0.0015240771129605933,0.09413763526078112,1.8827527052156223e-05,-0.0015429046400127495,-0.00422660089629551,1.911777708955265,1.0909309689787092
2023-04-08,0.0007851839396583646,-2.0071005863922933,-1.1483953487813467,0.0011308234552254,2,Bull,0.9999995595953071,0.9999991191938968,6.886020652422651e-06,0.3730669839471648,0.402072567271843,0.402072567271843,0.3667932687278821,0.0002880001837799277,0.006201589892910531,1.2403179785821062e-06,0.0002867598658013456,0.0007851839396583646,1.9123259300745272,1.0917875504548273
2023-04-09,0.01369069252890777,-1.86208933168862,-0.8458880055965837,0.0011678447860794,2,Bull,1.0,1.0,7.824345842403921e-304,0.3749412996696256,0.4000626234884513,0.4000626234884513,0.402072567271843,0.005504651892827388,0.03527929854396089,7.055859708792179e-06,0.005497596033118595,0.01369069252890777,1.9228391255217345,1.1067348781149937
2023-04-10,0.045533646757390224,-1.591489920953491,0.3036833743766227,0.0102043329966162,2,Bull,0.9999866292168303,0.9999732585856471,0.00016342536914626607,0.41736588224211185,0.3593968898324702,0.3593968898324702,0.4000626234884513,0.018216310178757945,0.002009943783391699,4.0198875667833977e-07,0.018215908190001268,0.045533646757390224,1.9578653864963809,1.157128553109165
2023-04-11,0.019439489564332186,-1.7393325577650025,0.7058445113850307,0.0150444823787986,2,Bull,0.9999940003699768,0.9999880007501186,7.813818524560646e-05,0.39391996584638966,0.38078801026930675,0.38078801026930675,0.3593968898324702,0.006986492089351749,0.040665733655981084,8.133146731196217e-06,0.006978358942620552,0.019439489564332186,1.971528073924685,1.1796225415419215
2023-04-12,-0.0031803678161343176,-1.6441728517083671,0.4835118690409759,0.0152537289948308,2,Bull,0.999993064013323,0.9999861280965839,8.93279472110598e-05,0.368110552273435,0.4074862811555019,0.4074862811555019,0.38078801026930675,-0.0012110459326303271,0.021391120436836553,4.2782240873673105e-06,-0.0012153241567176944,-0.0031803678161343176,1.9691320282307974,1.175870907975615
2023-04-13,0.008590133768281546,-1.5845477764609042,0.3638443548634201,0.0168147189605554,2,Bull,0.9999909065248568,0.9999818132224056,0.00011465211981277038,0.33684291677698475,0.4453114271638707,0.4453114271638707,0.4074862811555019,0.003500361663865345,0.02669827088619514,5.3396541772390285e-06,0.003495022009688106,0.008590133768281546,1.9760141880094457,1.1859717963693561
2023-04-14,0.002845797962018112,-1.3713756818892426,1.522624868787139,0.0146457400471775,2,Bull,0.9999540698223024,0.9999081397730014,0.0005046993376854299,0.3362616496373258,0.44608119945221864,0.44608119945221864,0.4453114271638707,0.0012672663518863202,0.03782514600836878,7.565029201673757e-06,0.0012597013226846464,0.002845797962018112,1.978503375695725,1.1893468324904748
2023-04-15,-0.0054997371675221595,-1.2600844331342322,-1.109588623966332,0.004439063262195,2,Bull,0.9999891979499437,0.9999784467202378,0.0001346548583543703,0.33399929223263786,0.44910274808463274,0.44910274808463274,0.44608119945221864,-0.0024533293523602323,0.0007697722883479585,1.5395445766959171e-07,-0.002453483306817902,-0.0054997371675221595,1.9736491506909728,1.1828057375107521
2023-04-16,-0.00010359312238552485,-1.338444946813093,-0.8096566777505126,0.0005304467248515,2,Bull,0.9999914513070471,0.999982925098968,0.00010846564441115543,0.2957148934243652,0.5072453343928901,0.5072453343928901,0.44910274808463274,-4.652395594600689e-05,0.003021548632414106,6.043097264828213e-07,-4.712826567248971e-05,-0.00010359312238552485,1.973556136029455,1.1826832069712279
2023-04-17,-0.02912872327682135,-1.2328077111653395,0.39974836832849,-0.0046592243672858,2,Bull,0.9999559578332554,0.9999119378328618,0.000485990618027125,0.33077760985190235,0.4534768845665184,0.4534768845665184,0.5072453343928901,-0.014775408978989206,0.05814258630825736,1.1628517261651473e-05,-0.014787037496250858,-0.02912872327682135,1.9443730874450313,1.1482331551112193
2023-04-18,0.03183646099781629,-1.1397924573623124,0.8139675340121062,-9.958921378926125e-06,2,Bull,0.9999230063839627,0.9998460390914764,0.0008064942717910864,0.3176050321894939,0.4722847083559587,0.4722847083559587,0.4534768845665184,0.014437099148913205,0.05376844982637169,1.0753689965274339e-05,0.01442634545894793,0.03183646099781629,1.9724232853055945,1.1847888351703173
2023-04-19,-0.05319953662867234,-1.1609369745919975,1.94064842973739,-0.011219025839517,2,Bull,0.9993689648402,0.9987379298446687,0.005280399736651139,0.39595945433996005,0.37882666610408566,0.37882666610408566,0.4722847083559587,-0.02512532764134466,0.018807823789440292,3.7615647578880586e-06,-0.02512908920610255,-0.05319953662867234,1.9228580846169563,1.1217586181364319
2023-04-20,-0.020211126619281063,-1.1342351512994102,1.129923349171512,-0.0141613037298688,2,Bull,0.9998476405519685,0.9996952890131959,0.0014915618092483387,0.4006789334645639,0.37436457839944315,0.37436457839944315,0.37882666610408566,-0.007656513715389785,0.09345804225187304,1.869160845037461e-05,-0.00767520532384016,-0.020211126619281063,1.908099754008915,1.0990866126690066
2023-04-21,-0.034910877271712444,-1.0318957382696266,0.9050592848299538,-0.0211227605597341,2,Bull,0.9994777069506734,0.9989554352434348,0.004469509360117825,0.42698868325036937,0.35129736661438843,0.35129736661438843,0.37436457839944315,-0.013069395851379331,0.0044620877046425145,8.924175409285029e-07,-0.013070288268920259,-0.034910877271712444,1.883160340178163,1.0607165348231367
2023-04-22,0.019624756556398195,-1.026833591919539,-0.8911786550977281,-0.0113720645930902,2,Bull,0.9999447102598825,0.9998899990857725,0.0006005029554063992,0.4359570189486179,0.34407061586426496,0.34407061586426496,0.35129736661438843,0.00689412529871114,0.02306721178505472,4.6134423570109445e-06,0.006889511856354129,0.019624756556398195,1.8961343956692363,1.081532838594387
2023-04-23,-0.008161741227378502,-1.2058581325060875,-0.8816600935848674,-0.0193717050381292,2,Bull,0.9999582930803009,0.9999166261948694,0.00046263200867881834,0.4328565828477015,0.346535101795545,0.346535101795545,0.34407061586426496,-0.002808215330628883,0.007226750750123467,1.4453501500246935e-06,-0.0028096606807789075,-0.008161741227378502,1.890806901412252,1.0727056474368675
2023-04-24,-0.0023965485595713668,-1.0531747577921,0.2343151591016788,-0.009211107424309,2,Bull,0.9999298433421594,0.9998599442365564,0.0007428884260652064,0.42837936985366576,0.3501569182737253,0.3501569182737253,0.346535101795545,-0.0008304881990490303,0.002464485931280014,4.928971862560028e-07,-0.0008309810962352863,-0.0023965485595713668,1.8892356766205471,1.0701348562626585
2023-04-25,0.02802320777395386,-0.971646249872532,0.2330840111249229,0.0004357594543379,2,Bull,0.9998994363144269,0.9997995446486876,0.0010302545494071105,0.4461884081832842,0.33618085375804596,0.33618085375804596,0.3501569182737253,0.009812520074271986,0.0036218164781803286,7.243632956360658e-07,0.00981179571097635,0.02802320777395386,1.9077724711294364,1.1001234676858573
2023-04-26,0.004057925868580612,0.8973081541700432,2.630227856034038,0.0082295200823965,1,Chop,0.8099017911022948,0.6198396441117527,0.48671044839024974,0.4458839274855356,0.33641042153255446,0.33641042153255446,0.33618085375804596,0.0013641969829862905,0.013976064515679343,2.7952129031358686e-06,0.0013614017700831545,0.004057925868580612,1.910369715948548,1.1045876871640123
2023-04-27,0.03631313286229464,1.3500440546709087,1.5663685268571663,0.0115671953435758,1,Chop,0.9972932671866569,0.994874882637989,0.019623425275939126,0.4702959738979223,0.3189480844515107,0.3189480844515107,0.33641042153255446,0.012216116333372197,0.00022956777450849897,4.59135549016998e-08,0.012216070419817295,0.03631313286229464,1.933706926926462,1.1446987266060538
2023-04-28,-0.004540602889751968,1.5088816770840627,-0.2548797024051438,0.0122914230111011,1,Chop,0.5516999333237665,0.10340790268977146,0.6878877117739762,0.47126131826133427,0.3182947426141576,0.3182947426141576,0.3189480844515107,-0.0014482165939413841,0.017462337081043777,3.4924674162087555e-06,-0.0014517090613575929,-0.004540602889751968,1.9308997470586329,1.1395011042601308
2023-04-29,-0.0031328032278842735,1.4587163940426668,-1.5446296939975386,0.0121441720774385,0,Bear,0.8805139266971171,0.7610864649047869,0.36640499435231605,0.4690145043654405,0.31981953351942605,0.6,0.3182947426141576,-0.0009971547970802268,0.0006533418373531052,1.3066836747062106e-07,-0.0009972854654476974,-0.0031328032278842735,1.9289740888056546,1.1359312715225272
2023-04-30,0.0006944394889976754,1.4140263810259004,-0.7304875536368365,0.0066784184204473,0,Bear,0.9895072481678676,0.9790487230890532,0.058483853676183375,0.4253967014742477,0.3526120430181111,0.6,0.6,0.00041666369339860525,0.2817052573858424,5.6341051477168483e-05,0.00036032264192143674,0.0006944394889976754,1.9296691418455312,1.1367201070542596
2023-05-01,-0.041052856211014906,1.6212363762331887,0.0340431245585699,-0.0023437379954717,0,Bear,0.9409082972523639,0.8818690294002645,0.22488184783160714,0.4483845985173451,0.33453423800906373,0.6,0.6,-0.024631713726608943,0.0,0.0,-0.024631713726608943,-0.041052856211014906,1.8821380839565207,1.0900544999471915
2023-05-02,0.020749270291120427,1.5077898211493614,-0.3615824998878909,-0.0054565105097066,0,Bear,0.9822838835118642,0.9646042725462267,0.08927456456408472,0.4603862167889066,0.3258134030297806,0.6,0.6,0.012449562174672255,0.0,0.0,0.012449562174672255,0.020749270291120427,1.905569879054056,1.112672335398648
2023-05-03,0.011294600825028724,1.492101324621195,0.126958961104677,-0.0022894697667504,0,Bear,0.9835395574275155,0.9671317312485854,0.08427873604959987,0.4617783538347398,0.324831163596901,0.6,0.6,0.006776760495017234,0.0,0.0,0.006776760495017234,0.011294600825028724,1.9184834697309245,1.1252395252760283
2023-05-04,-0.005482697825375376,1.2718145503797438,-0.4813753348720973,-0.0027594486862486,0,Bear,0.9966195201897355,0.9932881442584991,0.022865347716352027,0.46135036587891143,0.32513250469464205,0.6,0.6,-0.0032896186952252253,0.0,0.0,-0.0032896186952252253,-0.005482697825375376,1.912172390642417,1.1190701769777711
2023-05-05,0.02352452363535224,1.2065496477512303,-0.0892081582029653,0.0018065681430222,0,Bear,0.9949405976507082,0.9899705785174236,0.03224249339132356,0.4745149221284646,0.3161122927961173,0.6,0.6,0.014114714181211345,0.0,0.0,0.014114714181211345,0.02352452363535224,1.939162157401538,1.1453957698057025
2023-05-06,-0.02155362050914689,1.308323779562892,-0.531414223675286,0.0057064152833958,0,Bear,0.9958824531145177,0.991814717675174,0.02699408987717035,0.48225195614728483,0.3110407289964178,0.6,0.6,-0.012932172305488134,0.0,0.0,-0.012932172305488134,-0.02155362050914689,1.9140845782537392,1.120708344050528
2023-05-07,-0.015678412319992844,1.157717491846525,-1.3281214684422258,-0.0015791212388268,0,Bear,0.9977125810535995,0.9955194078748203,0.01658591809751324,0.47121848743927397,0.3183236736214229,0.6,0.6,-0.009407047391995707,0.0,0.0,-0.009407047391995707,-0.015678412319992844,1.8960786939138181,1.1031374165420476
2023-05-08,-0.027097480312589104,1.101368435877471,0.1782119954526425,-0.0092575374663503,0,Bear,0.9864590654608371,0.9731464968767988,0.07286119296569765,0.4576824922221667,0.3277381209661555,0.6,0.6,-0.01625848818755346,0.0,0.0,-0.01625848818755346,-0.027097480312589104,1.8652513208661485,1.073245172115219
2023-05-09,-0.0012826051136456092,0.8367666019755575,-0.7021745715123133,-0.0084175189240044,0,Bear,0.9978188783265061,0.9959005715976683,0.016346929739053703,0.40228773295313647,0.37286744713509296,0.6,0.6,-0.0007695630681873655,0.0,0.0,-0.0007695630681873655,-0.0012826051136456092,1.8638158923367223,1.0718686223692684
2023-05-10,-0.0013393336115541375,0.9890133639266512,0.6002466863167882,-0.0133902903733857,0,Bear,0.9684355315351502,0.9376763745755672,0.14388833320122402,0.3939223949536196,0.38078566215475257,0.6,0.6,-0.0008036001669324825,0.0,0.0,-0.0008036001669324825,-0.0013393336115541375,1.862318129574509,1.070433032696159
2023-05-11,-0.0227376278728039,0.8608181494133161,-0.1434623474118307,-0.0136270918461171,0,Bear,0.9881392140689828,0.9767576225747414,0.06639409308515172,0.37692673347461864,0.39795532308694853,0.6,0.6,-0.013642576723682338,0.0,0.0,-0.013642576723682338,-0.0227376278728039,1.8369113116078843,1.0460939247359569
2023-05-12,-0.007278017155925187,1.1623618543995655,0.3207389698084228,-0.0119470128133035,0,Bear,0.9800963345867385,0.9604266784440109,0.09893636050546084,0.36670388765905493,0.40904938575252675,0.6,0.6,-0.004366810293555112,0.0,0.0,-0.004366810293555112,-0.007278017155925187,1.8288898683840071,1.0384804352050194
2023-05-13,-0.0007804618022563855,1.1199580513400096,-1.5011827116755931,-0.006683609111237,0,Bear,0.9966780991751489,0.9934977837701848,0.02286047119038087,0.3656188844254092,0.4102632724667204,0.6,0.6,-0.0004682770813538313,0.0,0.0,-0.0004682770813538313,-0.0007804618022563855,1.8280334411743226,1.0376699408929513
2023-05-14,0.0054570113859458225,0.9962621486511204,-1.3486915548947545,-0.0053356858113187,0,Bear,0.9981529555151664,0.9964814429539129,0.014050978582062706,0.3667801605115828,0.4089643229087988,0.6,0.6,0.0032742068315674932,0.0,0.0,0.0032742068315674932,0.0054570113859458225,1.8340188007557494,1.043332517575258
2023-05-15,0.009683688179724162,1.1857892948697135,-0.4915370345127328,-0.003131081453063,0,Bear,0.9976516001692544,0.9953683379931354,0.016860645763611987,0.34662732951643604,0.43274141196326943,0.6,0.6,0.005810212907834497,0.0,0.0,0.005810212907834497,0.009683688179724162,1.8446748404651117,1.0534358243432234
2023-05-16,-0.005754943306692564,-2.188360530534005,-0.8067636735816974,0.0002654554601591,2,Bull,0.9999950252002459,0.9999900506385397,6.572529713265778e-05,0.3458618923223571,0.43369912479456973,0.43369912479456973,0.6,-0.0034529659840155384,0.0,0.0,-0.0034529659840155384,-0.005754943306692564,1.8383052409894163,1.0473733608968891
2023-05-17,0.013305949198470446,-2.17440627384195,-0.1103984425182789,0.0043822487310382,2,Bull,0.9999996035219785,0.9999992070440569,6.24082130408114e-06,0.30817477990393644,0.48673677984537755,0.48673677984537755,0.43369912479456973,0.005770778521937639,0.16630087520543024,3.3260175041086054e-05,0.005737518346896553,0.013305949198470446,1.8488525510367892,1.0613096576288144
2023-05-18,-0.020896322938492334,-1.7034713867663205,-0.0500479600667241,0.0003590765037911,2,Bull,0.999996639345019,0.9999932787987228,4.57174756351224e-05,0.31688064154959855,0.4733643534249214,0.4733643534249214,0.48673677984537755,-0.010171008937690856,0.05303765505080782,1.0607531010161564e-05,-0.010181616468701018,-0.020896322938492334,1.8300282434549533,1.039132188285262
2023-05-19,0.0021562704301694635,-1.5298468296468892,-1.302910714213009,-0.0003010716873641,2,Bull,0.9999969481395639,0.9999938976601946,4.1821764271306186e-05,0.318111892733643,0.47153219802943963,0.47153219802943963,0.4733643534249214,0.0010207015579864452,0.013372426420456163,2.6744852840912326e-06,0.001018027072702354,0.0021562704301694635,1.8318912617506002,1.0413728382958987
2023-05-20,0.008865600285434393,-1.698497845992519,-2.160321183324163,-0.0004646892662221,2,Bull,0.9999987351315026,0.9999974703236927,1.8443132149404974e-05,0.32241487245044137,0.4652390842269741,0.4652390842269741,0.47153219802943963,0.0041804159894413065,0.0018321553954817604,3.664310790963521e-07,0.0041800495583622106,0.008865600285434393,1.8395486580102482,1.0506052336283385
2023-05-21,-0.01394736681453699,-1.9892622958333983,-1.526498813778901,-0.002103173967791,2,Bull,0.9999995273319067,0.9999990546652578,7.357037898541496e-06,0.28028289419985336,0.5351735803507286,0.5351735803507286,0.4652390842269741,-0.0064888601641728775,0.006293113802465555,1.2586227604931111e-06,-0.0064901187869333705,-0.01394736681453699,1.8276097687054178,1.0359520570576517
2023-05-22,0.0036358955711424203,-1.8415897612659289,-0.8218038729003448,-0.0040371846932566,2,Bull,0.9999989086920196,0.9999978174064255,1.6073193405019522e-05,0.26202353200123674,0.5724676667563279,0.5724676667563279,0.5351735803507286,0.0019458352505896464,0.06993449612375452,1.3986899224750904e-05,0.0019318483513648954,0.0036358955711424203,1.8311404336240296,1.0397186705538235
2023-05-23,0.013848962643426162,-1.800023125089813,-0.0794152581154722,0.002911872423127,2,Bull,0.9999981407393879,0.9999962815080731,2.6393172859074527e-05,0.26496655727807406,0.5661091782333109,0.5661091782333109,0.5724676667563279,0.007928083331477723,0.03729408640559928,7.458817281119857e-06,0.007920624514196603,0.013848962643426162,1.8456442094315284,1.0541176955819962
2023-05-24,-0.03327040018789597,-1.4825450342524886,0.6042163674646563,-0.0041734617004859,2,Bull,0.9999809683326659,0.9999619372398576,0.00022590096454912657,0.2945689378522096,0.5092186606425475,0.5092186606425475,0.5661091782333109,-0.01883467890986318,0.006358488523017014,1.271697704603403e-06,-0.01883595060756778,-0.03327040018789597,1.8108797462635327,1.0190467780048404
2023-05-25,0.005354526205137628,-1.2621744307008316,0.0066472308899348,-0.0048756765165453,2,Bull,0.9999796065127552,0.9999592474635263,0.00024090321154930682,0.27054041491169584,0.5544458119093219,0.5544458119093219,0.5092186606425475,0.002726624662555606,0.056890517590763356,1.1378103518152672e-05,0.002715246559037453,0.005354526205137628,1.8157967312634054,1.0245032906819282
2023-05-26,0.009139332662057487,-1.3885273493933523,-0.2643891728044065,-0.0002583366212264,2,Bull,0.9999906721995065,0.9999813541953916,0.00011744409404960465,0.26723132323488624,0.5613114442731538,0.5613114442731538,0.5544458119093219,0.005067264718123847,0.045227151266774346,9.04543025335487e-06,0.005058219287870492,0.009139332662057487,1.824981429312334,1.033866567068843
2023-05-27,0.00556333034484893,-1.3163055071435112,-1.4726427721475677,0.0001271503335148,2,Bull,0.9999928333914608,0.9999856846937215,9.218799299932977e-05,0.2646877432062931,0.5667055005380153,0.5667055005380153,0.5613114442731538,0.0031227609908358158,0.006865632363831975,1.3731264727663951e-06,0.0031213878643630492,0.00556333034484893,1.8306779041984775,1.0396183083139419
2023-05-28,0.04430949975360071,-1.2911577624848218,0.3568747378472512,0.0062192577555497,2,Bull,0.9999566841943434,0.9999133766527181,0.0004785875014607222,0.3108748041769138,0.4825093509818101,0.4825093509818101,0.5667055005380153,0.025110437236453356,0.0053940562648614465,1.0788112529722893e-06,0.025109358425200384,0.04430949975360071,1.876645051856092,1.0856832754900172
2023-05-29,-0.012171112107334788,-1.0505850514579511,0.5167974004323345,0.0104391153716619,2,Bull,0.9999202211760476,0.9998405990826186,0.0008337221620650896,0.3156532353651789,0.47520501358544653,0.47520501358544653,0.4825093509818101,-0.00587267540363696,0.08419614955620519,1.683922991124104e-05,-0.005889514633548201,-0.012171112107334788,1.8655925233612096,1.0724693026309697
2023-05-30,-0.0015702994220325468,-1.4015369347771778,0.0952850931963986,0.0090541502462279,2,Bull,0.999988345469931,0.9999766958769237,0.00014409105555250875,0.31567581301653347,0.4751710261442924,0.4751710261442924,0.47520501358544653,-0.0007462141581801952,0.007304337396363547,1.4608674792727096e-06,-0.0007476750256594679,-0.0015702994220325468,1.8641976664234354,1.0707852047049007
2023-05-31,-0.017577792723265092,-1.1875174495343013,0.889532242154794,0.0037107251691634,2,Bull,0.9999467887834008,0.999893592504685,0.0005770113251992482,0.3091934262720987,0.48513321194609055,0.48513321194609055,0.4751710261442924,-0.00835245780566555,3.398744115412633e-05,6.7974882308252666e-09,-0.00835246460315378,-0.017577792723265092,1.8486270214013518,1.051963164325459
2023-06-01,-0.014792581991188054,-1.6152837989696387,0.7320974945385605,-0.0003604572980439,2,Bull,0.9999926635558403,0.9999853272064769,9.407383688459405e-05,0.31440255257982125,0.47709536315522644,0.47709536315522644,0.48513321194609055,-0.007176372814360957,0.00996218580179814,1.992437160359628e-06,-0.007178365251521316,-0.014792581991188054,1.8353569014279012,1.036401912965465
2023-06-02,0.01589161106579633,-1.4275693175028334,0.7105974128218759,-0.0060440350356048,2,Bull,0.9999823907403753,0.999964782530315,0.00021039043806533197,0.32156472220974514,0.4664690795968607,0.4664690795968607,0.47709536315522644,0.007581813952557715,0.00803784879086411,1.607569758172822e-06,0.007580206382799542,0.01589161106579633,1.84926928552682,1.0528720090741592
2023-06-03,-0.006422915434419119,-1.42519804160382,-1.5685127858885008,-0.0048943957010216,2,Bull,0.9999950924224861,0.9999901884598036,6.493106530361079e-05,0.32230729010297526,0.46539437551063734,0.46539437551063734,0.4664690795968607,-0.002996091451021957,0.010626283558365757,2.1252567116731515e-06,-0.00299821670773363,-0.006422915434419119,1.843724775457855,1.046109501196609
2023-06-04,0.0016214839752998166,-1.6893277657850976,-1.1052910216948988,-0.0042560390215552,2,Bull,0.9999981764562875,0.9999963530859869,2.5922957072784462e-05,0.3196114747645146,0.46931982060568367,0.46931982060568367,0.46539437551063734,0.0007546295220851638,0.0010747040862233437,2.1494081724466874e-07,0.0007544145812679191,0.0016214839752998166,1.8451157083123053,1.047805750989208
2023-06-05,-0.051410345698891795,-0.8639269049803432,2.409843541774729,-0.0110225496166805,2,Bull,0.9967085296874898,0.9934170598770256,0.022101485574233203,0.3873618427911986,0.3872348368624815,0.3872348368624815,0.46931982060568367,-0.02412789422068008,0.0039254450950463315,7.850890190092663e-07,-0.02412867930969909,-0.051410345698891795,1.8005955030971494,0.993937695105566
2023-06-06,0.05581511856233619,-0.1759958473138846,2.1266302801364847,0.0030989904940242,2,Bull,0.9567575181633172,0.9135168180566137,0.17813521200558324,0.4568469368994329,0.32833754127374165,0.32833754127374165,0.3872348368624815,0.021613558330946317,0.08208498374320217,1.6416996748640432e-05,0.021597141334197677,0.05581511856233619,1.8394832186632595,1.0494144454014582
2023-06-07,-0.03332542412080894,-0.1448425071090946,1.4037459313069902,-0.0067444165432967,2,Bull,0.9666309497994975,0.9334157866401133,0.1472463109620249,0.4704969535458509,0.31881184111722877,0.31881184111722877,0.32833754127374165,-0.01094198781773105,0.05889729558873985,1.177945911774797e-05,-0.010953767276848797,-0.03332542412080894,1.8193339475763532,1.014442263929951
2023-06-08,0.006138366063704449,0.0248586411059811,-0.4002358698996854,-0.004232160243672,2,Bull,0.9592225073870332,0.9289821755959387,0.19370681855254987,0.47130305079119533,0.31826655852999247,0.31826655852999247,0.31881184111722877,0.001956983786221132,0.009525700156512884,1.905140031302577e-06,0.0019550786461898294,0.006138366063704449,1.8228908885275483,1.0206692818964462
2023-06-09,-0.001050860137740086,0.2156218128158647,-0.6962705961338905,-0.00476662906628,2,Bull,0.6719784769821862,0.3552765386096803,0.6819985226933225,0.4693302657302948,0.31960436168887296,0.31960436168887296,0.31826655852999247,-0.00033445363953489105,0.0005452825872362954,1.0905651744725909e-07,-0.0003345626960523383,-0.001050860137740086,1.8222810172372732,1.0195967012342855
2023-06-10,-0.024045314677471934,0.712813225696803,1.371040771721083,0.0007063771380039,0,Bear,0.4839673747930098,0.1802781284789567,1.0421919753191276,0.47652196380904915,0.3147808734795437,0.6,0.31960436168887296,-0.007684987449101506,0.0013378031588804906,2.6756063177609813e-07,-0.007685255009733282,-0.024045314677471934,1.8082763229204086,0.9950801777089947
2023-06-11,0.0034340762243438776,0.810278620161452,-0.8942350953773629,-0.0097698313295945,0,Bear,1.0,1.0,1.726275601825286e-21,0.47647919845111825,0.31480912595471555,0.6,0.6,0.0020604457346063264,0.280395638311127,5.6079127662225405e-05,0.002004366606944101,0.0034340762243438776,1.8119007715981978,0.998497358888581
2023-06-12,-0.0014531650030546537,0.7441057846831793,-0.6285072662946816,-0.0033953795060436,0,Bear,0.9947901977773977,0.9906535170715639,0.03523486747134299,0.47132668455383225,0.31825059967057273,0.6,0.6,-0.0008718990018327923,0.0,0.0,-0.0008718990018327923,-0.0014531650030546537,1.8103209771240212,0.9970463774710016
2023-06-13,0.0006263269559741463,0.6415119191146245,0.0024390364013019,-0.0044977873275897,0,Bear,0.9883094280875089,0.980124904620515,0.0707734043896495,0.45059136133726174,0.33289586279424244,0.6,0.6,0.00037579617358448773,0.0,0.0,0.00037579617358448773,0.0006263269559741463,1.811001288820184,0.997670854493568
2023-06-14,-0.031115354032620144,0.9436531442806264,0.0275082597377987,-0.0105106861065657,0,Bear,0.5812206462520546,0.18700226159704103,0.7733806394753455,0.46764025772667034,0.3207593818573102,0.6,0.6,-0.018669212419572086,0.0,0.0,-0.018669212419572086,-0.031115354032620144,1.7771913210670813,0.966627972647974
2023-06-15,0.017819375410116443,1.289116447704909,0.3768795711975829,-0.002137748089048,2,Chop,0.8455210141585958,0.6916176406117451,0.4341938852647976,0.473269533654384,0.31694412873308037,0.31694412873308037,0.6,0.010691625246069866,0.0,0.0,0.010691625246069866,0.017819375410116443,1.7961923846624983,0.9838526793745079
2023-06-16,0.0289427732653721,1.8206029803635728,0.4215521505930703,0.0029639913191575,2,Chop,0.9977526814411912,0.995511695961255,0.015992489528263862,0.4908362516540735,0.3056008994741396,0.3056008994741396,0.31694412873308037,0.009173242055712452,0.2830558712669196,5.661117425338392e-05,0.009116630881459068,0.0289427732653721,1.812567607625554,1.0123281044001733
2023-06-17,0.0069349007932065195,1.343522180093815,-0.8977225719470664,0.0046416044784098,2,Chop,0.9665292899203416,0.9330705590631917,0.14671407692583405,0.4486932390451059,0.3343041235014484,0.3343041235014484,0.3056008994741396,0.0021193119201678365,0.011343229258940768,2.2686458517881537e-06,0.0021170432743160485,0.0069349007932065195,1.8164048916885207,1.0193484993743633
2023-06-18,-0.006602603438313832,1.00074305657769,-1.173013765771234,0.0031958183995522,2,Chop,0.8646797249852977,0.7294475799055535,0.3971112920267378,0.4471072559743623,0.3354899702379269,0.3354899702379269,0.3343041235014484,-0.002207277555273155,0.028703224027308794,5.740644805461759e-06,-0.0022130182000786166,-0.006602603438313832,1.8123851546045022,1.012618145467554
2023-06-19,0.019359247201741925,0.9519460359487696,-0.3554371688594375,0.0132907386464246,2,Chop,0.9853148918734305,0.971021146458261,0.07836620942155206,0.45687305608427126,0.3283187703945758,0.3283187703945758,0.3354899702379269,0.0064948332675410685,0.0011858467364785352,2.3716934729570705e-07,0.006494596098193773,0.019359247201741925,1.824155864158021,1.0322216704666298
2023-06-20,0.05352849528514009,1.1682546818800892,1.7354557044061103,0.0204325626214293,2,Chop,0.9999354750122439,0.9998709508332357,0.0006870994776207217,0.5071966216835355,0.2957432947839945,0.2957432947839945,0.3283187703945758,0.01757440975308904,0.007171199843351128,1.4342399686702257e-06,0.01757297551312037,0.05352849528514009,1.8562117104909848,1.0874749432874222
2023-06-21,0.05827421320682117,2.308422600952494,2.9340686258237048,0.0262988506097191,2,Chop,0.9999998090460491,0.999999618092099,3.145247115210097e-06,0.5545753699398845,0.27047721217092613,0.27047721217092613,0.2957432947839945,0.01723420781473026,0.03257547561058127,6.515095122116255e-06,0.017227692719608143,0.05827421320682117,1.8881899554618617,1.1508466899896292
2023-06-22,-0.0038377235796951737,2.0577554736098795,0.7837460743328126,0.0241443257351388,2,Chop,0.9999991240627749,0.9999986634732586,1.36994687607344e-05,0.5539789814467106,0.270768395595581,0.270768395595581,0.27047721217092613,-0.0010380167749185776,0.025266082613068397,5.053216522613679e-06,-0.0010430699914411913,-0.0038377235796951737,1.8862204411811787,1.146430058510842
2023-06-23,0.02584590576815378,2.275718296624455,1.2154678588241894,0.0306340275764323,2,Chop,0.9999998405126561,0.9999996811833802,2.65692307655221e-06,0.5587069813522841,0.2684770461198511,0.2684770461198511,0.270768395595581,0.0069982544375575715,0.000291183424654895,5.8236684930979e-08,0.0069981962008726405,0.02584590576815378,1.8994205819066612,1.1760605817728922
2023-06-24,-0.004793067902493928,2.0671044256094766,-0.758912141073415,0.0258035645555851,2,Chop,0.9999979073361243,0.9999961025694483,3.02967665058992e-05,0.5604027880081478,0.2676646212506336,0.2676646212506336,0.2684770461198511,-0.0012868287123134405,0.002291349475729898,4.5826989514597965e-07,-0.0012872869822085865,-0.004793067902493928,1.8969754825178338,1.1704236435470083
2023-06-25,-0.0022426607224285255,1.3879746712918088,-0.5986451658499925,0.0146493333540714,2,Chop,0.99788985898766,0.9957898701471528,0.015172800984916492,0.4998039413291138,0.30011768134742883,0.30011768134742883,0.2676646212506336,-0.0006002809328625036,0.0008124248692175096,1.6248497384350193e-07,-0.0006004434178363471,-0.0022426607224285255,1.895836456075559,1.1677987804130239
2023-06-26,-0.006884835938176551,0.702118147226774,0.0803512418529486,0.0016175235250719,2,Chop,0.9094601389002871,0.819316757211126,0.30633394702951217,0.455365138197592,0.32940598086564987,0.32940598086564987,0.30011768134742883,-0.0020662609982229963,0.032453060096795217,6.4906120193590435e-06,-0.002072751610242355,-0.006884835938176551,1.8919068580084721,1.1597586774010775
2023-06-27,0.013682563415242946,0.3850166905468036,0.0967942621067098,0.0051215809240595,2,Chop,0.7139890807394997,0.4327257883375992,0.622706781801581,0.4218584132545283,0.3555695353869771,0.3555695353869771,0.32940598086564987,0.004507118222554559,0.02928829951822104,5.857659903644208e-06,0.0045012605626509146,0.013682563415242946,1.9004228237366345,1.175627149050996
2023-06-28,-0.01980891791303767,0.3459665529779377,-0.249564523680295,-0.0040093838121787,0,Bear,0.6566346958380952,0.32006016536888143,0.6766074130559201,0.4378774093726691,0.34256163206706525,0.6,0.3555695353869771,-0.007043447738857572,0.026163554521327237,5.232710904265448e-06,-0.007048680449761837,-0.01980891791303767,1.887027350532681,1.1523392473591063
2023-06-29,0.011865197537731036,0.3583772423565903,-0.5183694888916679,-0.0006777307241337,0,Bear,0.9530478209721127,0.9096383903045405,0.20200225847232994,0.43717056253701214,0.34311550880624664,0.6,0.6,0.007119118522638621,0.24443046461302287,4.8886092922604574e-05,0.007070232429716017,0.011865197537731036,1.9003690725021782,1.1660119801595024
2023-06-30,0.0010472432791648364,0.7582026387751173,1.6445197332531858,-1.974992381507815e-05,2,Chop,0.7268372851729045,0.5477059105244616,0.7622421267792148,0.4155735858817821,0.36094690590530065,0.36094690590530065,0.6,0.0006283459674989018,0.0,0.0,0.0006283459674989018,0.0010472432791648364,1.9015631617456448,1.16723307836915
2023-07-01,0.0036951443630783326,0.5811133945731616,-1.1827162131057545,0.0020962461364358,0,Bear,0.7025639952778892,0.40814438152971616,0.6255258673645783,0.4155171868133884,0.3609958980285598,0.6,0.36094690590530065,0.001333750924726537,0.23905309409469933,4.781061881893987e-05,0.0012859403059075972,0.0036951443630783326,1.9040084584595625,1.1715461730990844
2023-07-02,0.001002809469143997,0.5170957155305074,-0.9301952353252216,-0.0004397046527838,0,Bear,0.9615176483112757,0.9243838130598084,0.16893436778784296,0.4145474197960667,0.3618403898733498,0.6,0.6,0.0006016856814863982,0.23905309409469933,4.781061881893987e-05,0.0005538750626674583,0.001002809469143997,1.9050630412638112,1.1727210106950077
2023-07-03,0.017342426317960315,0.3196794507838187,-0.1748218743444987,0.0069905641934157,0,Bear,0.9619626298429065,0.942865907820826,0.1880210189401687,0.41470194915406505,0.3617055581869807,0.6,0.6,0.010405455790776189,0.0,0.0,0.010405455790776189,0.017342426317960315,1.9248860905183236,1.1930588384145098
2023-07-04,-0.012234379050443955,-0.2040683415140377,-0.5582284239692848,0.0021706488757807,0,Bear,0.9898877028049704,0.98018968475422,0.058246202031681876,0.38631053308864394,0.388288661975418,0.6,0.6,-0.007340627430266373,0.0,0.0,-0.007340627430266373,-0.012234379050443955,1.9107562188821265,1.1784625043558643
2023-07-05,-0.008595533521292817,-0.5357881589106288,-0.5788403937629026,0.0002420935156891,0,Bear,0.990220966276263,0.9804765557299965,0.05521364045396179,0.3926613226830191,0.3820085945187156,0.6,0.6,-0.00515732011277569,0.0,0.0,-0.00515732011277569,-0.008595533521292817,1.9009018374038744,1.1683329903960868
2023-07-06,-0.020020299639946313,0.1972437215742935,0.7498670335069222,-0.0045009952849157,0,Bear,0.8622772656086897,0.7426387225151512,0.45436376757141017,0.4001141417069707,0.3748930226761508,0.6,0.6,-0.012012179783967788,0.0,0.0,-0.012012179783967788,-0.020020299639946313,1.8780678627813046,1.1449426138491225
2023-07-07,0.01437090998029806,0.0470815508280258,-0.4898434074787547,-0.0018273751826849,0,Bear,0.9863719945808924,0.9742305811198575,0.07677171006683917,0.40157138729207414,0.3735325890908178,0.6,0.6,0.008622545988178834,0.0,0.0,0.008622545988178834,0.01437090998029806,1.8942615892970571,1.1613964810853554
2023-07-08,-0.0016401345457067653,-0.0887970588540148,-1.378009934800261,-0.0056238873554183,0,Bear,0.9946262794241512,0.9895470715413996,0.03458512325323308,0.3989526414795583,0.37598447636217935,0.6,0.6,-0.0009840807274240592,0.0,0.0,-0.0009840807274240592,-0.0016401345457067653,1.8923974829743302,1.1594916345954651
2023-07-09,-0.004012544787339061,-0.3187686557057433,-1.2336987954087055,-0.0039795205027973,0,Bear,0.9943509658136273,0.988784360002462,0.03530425269614302,0.39753230654580757,0.37732782350034116,0.6,0.6,-0.0024075268724034365,0.0,0.0,-0.0024075268724034365,-0.004012544787339061,1.887841485180801,1.1548391224811059
2023-07-10,0.008029538805166095,-0.7887046681512168,-0.1414465866899936,-0.0006545060375055,0,Bear,0.9798570394671217,0.9597290725716405,0.09871795681488493,0.3353033669948066,0.4473560803889073,0.6,0.6,0.004817723283099657,0.0,0.0,0.004817723283099657,0.008029538805166095,1.8969365830587581,1.1641119480287918
2023-07-11,0.006765948365584515,-2.932820968511889,-0.5021677381644823,0.0047027435636005,0,Bear,0.9940002156636663,0.988000431341334,0.036676837002117726,0.2292523257647724,0.6543008865869027,0.6,0.6,0.004059569019350708,0.0,0.0,0.004059569019350708,0.006765948365584515,1.9046373280430167,1.1719882693609145
2023-07-12,-0.007516669538967959,-2.412389273424558,0.0843475766133505,0.0003252276597473,0,Bear,0.9804929957349512,0.9609859924965831,0.09611423005425712,0.2312670707702932,0.6486007692335413,0.6,0.6,-0.004510001723380775,0.0,0.0,-0.004510001723380775,-0.007516669538967959,1.8960474104111273,1.1631788208365814
2023-07-13,0.03505911799946575,-2.344604000933001,1.9361645156192304,0.0076650781687818,1,Bull,0.9985765843202836,0.9971532163505524,0.010752998330180506,0.25278677649742143,0.5933854692811832,0.5933854692811832,0.6,0.021035470799679448,0.0,0.0,0.021035470799679448,0.03505911799946575,1.9359316603476384,1.2039588443707705
2023-07-14,-0.036955452769762046,-1.5084794872526504,1.2229363558998765,0.0010764965722972,1,Bull,0.9986263349360641,0.997257326806278,0.010456681232317815,0.3004225488612837,0.49929674243347355,0.49929674243347355,0.5933854692811832,-0.021928828684283853,0.006614530718816791,1.3229061437633584e-06,-0.021930151590427615,-0.036955452769762046,1.8934763855675063,1.1594660001608892
2023-07-15,-0.0012621409438578614,-1.5864165761807678,-1.2624172500737991,-0.0007818393775075,0,Bear,0.7744305934868876,0.5488623229846483,0.5338821263600934,0.3003332274080143,0.4994452371938826,0.6,0.49929674243347355,-0.0006301828617601398,0.09408872684770964,1.881774536954193e-05,-0.0006490006071296817,-0.0012621409438578614,1.8922475182436873,1.158002590649075
2023-07-16,-0.0015417915284865274,-1.533463965624579,-1.0583467146751098,-0.0024433873563217,0,Bear,0.9791151779654232,0.9582305513614428,0.10146545012339926,0.29894815389292667,0.5017592450285712,0.6,0.6,-0.0009250749170919164,0.10070325756652643,2.0140651513305288e-05,-0.0009452155686052217,-0.0015417915284865274,1.8904589364297888,1.1562171920648467
2023-07-17,-0.003418965294113633,-1.3608166875033922,-0.1464494320685333,-0.0016238465073508,0,Bear,0.9778726096391401,0.9557458296991558,0.10621390856941804,0.292734187742186,0.5124102557235526,0.6,0.6,-0.00205137917646818,0.0,0.0,-0.00205137917646818,-0.003418965294113633,1.8865808883336286,1.1522641256127195
2023-07-18,-0.009643886494910275,-1.196847388982192,-0.151958121236143,-0.010564447406226,0,Bear,0.9268135078172044,0.8536329473404843,0.2618663073446933,0.2831797809956982,0.5296988346857952,0.6,0.6,-0.0057863318969461645,0.0,0.0,-0.0057863318969461645,-0.009643886494910275,1.8756645051632945,1.1411518211731533
2023-07-19,0.0019193869502834365,-1.2090397164668385,-0.3308243936508681,-0.0027894794622169,0,Bear,0.9785019689458371,0.9570052767904793,0.10382758807162142,0.2780568488159743,0.5394580303946195,0.6,0.6,0.001151632170170062,0.0,0.0,0.001151632170170062,0.0019193869502834365,1.8778245807478868,1.143342133087005
2023-07-20,-0.004083626307646249,-1.8956042591457647,0.3008604741628253,-0.0033537765349746,0,Bear,0.9508234041024293,0.9016468617062496,0.1960843941454132,0.27823738426183797,0.5391080008818695,0.6,0.6,-0.002450175784587749,0.0,0.0,-0.002450175784587749,-0.004083626307646249,1.8732235804324349,1.1386731510736905
2023-07-21,0.003910458253167224,-1.6644772509795187,-0.5527655403136325,-0.0022633265786438,0,Bear,0.9854388086859818,0.9708776883548184,0.07604063386096033,0.2783107300523117,0.5389659247841639,0.6,0.6,0.002346274951900334,0.0,0.0,0.002346274951900334,0.003910458253167224,1.8776186779985125,1.1431258848949666
2023-07-22,-0.004589155219131938,-1.5456205281698916,-1.1921071814002686,-0.0024973645636475,0,Bear,0.9905374909936321,0.9810751038231285,0.05351833585286863,0.2785141224580339,0.5385723304663007,0.6,0.6,-0.002753493131479163,0.0,0.0,-0.002753493131479163,-0.004589155219131938,1.8724486678651064,1.137879902774176
2023-07-23,0.010449658783391701,-1.42807304282468,-0.816803552911049,0.0015213444920128,0,Bear,0.9861584276450758,0.9723171616685419,0.07299194234390881,0.2710574185152886,0.5533882851154633,0.6,0.6,0.00626979527003502,0.0,0.0,0.00626979527003502,0.010449658783391701,1.8841885376662704,1.1497703594946451
2023-07-24,-0.030633538164858885,-1.1076281413155054,0.4974108457656012,-0.0049892405310156,0,Bear,0.5431155840141177,0.08628442630031202,0.6899602690928612,0.2950618696749294,0.5083679574228126,0.6,0.6,-0.01838012289891533,0.0,0.0,-0.01838012289891533,-0.030633538164858885,1.8495569207792368,1.1145488253062423
2023-07-25,0.0017284554802405464,-1.101825887391403,-0.5834074660106962,-0.0038268241734382,0,Bear,0.9442254430427446,0.888455613567754,0.21522822703240518,0.2943746560998909,0.5095547354086764,0.6,0.6,0.0010370732881443277,0.0,0.0,0.0010370732881443277,0.0017284554802405464,1.8514750468566796,1.1164752733313386
2023-07-26,0.004355653333464597,-1.8746896746518489,0.2096917208711728,-0.0037377851573787,0,Bear,0.9506180370050684,0.9012361311059593,0.19669227218765065,0.2841969301232746,0.527803027059213,0.6,0.6,0.002613392000078758,0.0,0.0,0.002613392000078758,0.004355653333464597,1.8563136769324804,1.121338252577355
2023-07-27,-0.004927238584293436,-1.7310116088907654,-0.3989759696071077,-0.003805401830411,0,Bear,0.9818124566208885,0.9636249724803746,0.09089976583475673,0.2760716605041166,0.5433371890692971,0.6,0.6,-0.0029563431505760618,0.0,0.0,-0.0029563431505760618,-0.004927238584293436,1.8508257767083605,1.1158131514732117
2023-07-28,0.0037094442045335473,-1.5771458790742998,-0.349773337782418,-0.0051534447461827,0,Bear,0.9805288128952843,0.9610577924135342,0.09597598324757364,0.2771124737425308,0.5412964561796203,0.6,0.6,0.0022256665227201283,0.0,0.0,0.0022256665227201283,0.0037094442045335473,1.8549450976789676,1.1199521981012863
2023-07-29,0.0012840607690722545,-1.5233912160918577,-1.447621925963654,0.0012300750406035,0,Bear,0.9895009051819429,0.9790019672517483,0.05828445654421422,0.27716248310798425,0.541198788226901,0.6,0.6,0.0007704364614433527,0.0,0.0,0.0007704364614433527,0.0012840607690722545,1.8563742150161953,1.1213902847821045
2023-07-30,-0.0027837737874393067,-1.8816197217958832,-0.8436426880502956,0.0003276291870675,0,Bear,0.9913552503195275,0.9827105143643674,0.04967697640977241,0.27395011772870376,0.5475449371719083,0.6,0.6,-0.001670264272463584,0.0,0.0,-0.001670264272463584,-0.0027837737874393067,1.853273579488531,1.1182685879018388
2023-07-31,-0.0015450628224417467,-1.6596475656770802,-0.1403917697131063,-0.0008525140441137,0,Bear,0.9803541557777325,0.9607084083036147,0.09665886345045009,0.2711812623850589,0.5531355620987198,0.6,0.6,-0.000927037693465048,0.0,0.0,-0.000927037693465048,-0.0015450628224417467,1.8515555250240423,1.1165407926811672
2023-08-01,0.01513023382608844,-1.145118736275102,1.3133368732895694,0.0031589804379626,1,Bull,0.75638096935986,0.5128101077895764,0.5556747112035205,0.2799667188283187,0.5357779689948899,0.5357779689948899,0.6,0.009078140295653065,0.0,0.0,0.009078140295653065,0.01513023382608844,1.868364205845402,1.1334343159507994
2023-08-02,-0.01780750751690934,-1.3156619234323343,1.7802136449542691,-0.0011444099063259,1,Bull,0.9960881823304032,0.9921888012911722,0.025674249271982204,0.23612529051248912,0.635255968026289,0.635255968026289,0.5357779689948899,-0.00954087021027092,0.06422203100511004,1.2844406201022008e-05,-0.009553714616471943,-0.01780750751690934,1.8505143874231238,1.1132506758495826
2023-08-03,0.0009161807791750279,-1.798317768511304,0.2913077900487439,-0.0012179859043053,1,Bull,0.6006784499526424,0.20135747302575085,0.6727439040849745,0.18367973698658174,0.8166388000161273,0.8166388000161273,0.635255968026289,0.0005820093077619121,0.09947799903139909,1.9895599806279817e-05,0.0005621137079556322,0.0009161807791750279,1.8515545869270635,1.1142706147211996
2023-08-04,-0.0035908335462961935,-1.5451261902216094,0.0110665933175262,-0.0013793978560767,0,Bear,0.8349579072044245,0.6699166583388153,0.4479481580658583,0.18378360951040235,0.8161772445301214,0.6,0.8166388000161273,-0.002932413998304978,0.1813828319898383,3.627656639796766e-05,-0.002968690564702946,-0.0035908335462961935,1.8460578942948207,1.1102694544182066
2023-08-05,-0.0011000318899209226,-1.4381893183882453,-1.5695018878049438,-0.0012903916695725,0,Bear,0.9808724032531481,0.9617451894852402,0.09462870465276568,0.1838171367086628,0.8160283784516752,0.6,0.6,-0.0006600191339525536,0.21663880001612734,4.3327760003225474e-05,-0.0007033468939557791,-0.0011000318899209226,1.844759475208806,1.1090481226119415
2023-08-06,-9.347994530765627e-06,-1.534857500239207,-1.232770527259561,-0.0043183080336964,0,Bear,0.9896462683659235,0.9792926804062375,0.05762247730889581,0.18390142892070285,0.8156543474421781,0.6,0.6,-5.608796718459376e-06,0.0,0.0,-5.608796718459376e-06,-9.347994530765627e-06,1.844749128327915,1.109037755236157
2023-08-07,0.004765273802377892,-1.4646256213011255,0.5631086219038774,0.000196248230161,0,Bear,0.899154323095848,0.7983099166921672,0.3269527564165461,0.18249014353143736,0.8219622007922838,0.6,0.6,0.002859164281426735,0.0,0.0,0.002859164281426735,0.004765273802377892,1.850023569143823,1.1143226237970316
2023-08-08,0.01984638697905339,-0.9582859677219172,1.5026569729889927,0.0039822894701366,1,Bull,0.9378556636134916,0.8758518350177896,0.2338237379807725,0.20317112139211796,0.7382939020674189,0.7382939020674189,0.6,0.011907832187432034,0.0,0.0,0.011907832187432034,0.01984638697905339,1.8720533393479815,1.1364379018084219
2023-08-09,-0.006877101417061734,-0.7705859287220898,1.572656598720953,0.0033250358959835,1,Bull,0.9912284847306687,0.9827196281203606,0.051457184467663133,0.20452998016165727,0.7333888160622827,0.7333888160622827,0.7382939020674189,-0.005077322040115883,0.13829390206741887,2.7658780413483777e-05,-0.005104980820529367,-0.006877101417061734,1.8624965429556022,1.1286225031034924
2023-08-10,-0.004471948989328098,-0.6890530697120448,-0.0670924323461028,0.0026506524761021,0,Bear,0.5733531971580693,0.14697033455504427,0.6845607050047918,0.20428008654812255,0.7342859626440597,0.6,0.7333888160622827,-0.003279677374774255,0.004905086005136172,9.810172010272345e-07,-0.003280658391975282,-0.004471948989328098,1.85638632804193,1.1235753608414059
2023-08-11,-0.0010837469218066252,-0.6248024966208137,-0.5274729947536642,0.0024357726906469,0,Bear,0.9550033616015747,0.9100614041243534,0.18393257810788652,0.2035811633905217,0.7368068710377733,0.6,0.6,-0.000650248153083975,0.1333888160622827,2.667776321245654e-05,-0.0006769259162964316,-0.0010837469218066252,1.85512969202582,1.1223576895026763
2023-08-12,0.0006206039371356436,-0.7520525617344217,-1.449526142287518,0.0016068387175985,0,Bear,0.9898769496336411,0.9797658302345712,0.056658583517368,0.19754349212016095,0.7593264571265076,0.6,0.6,0.00037236236228138615,0.0,0.0,0.00037236236228138615,0.0006206039371356436,1.855820472500281,1.1230542291036563
2023-08-13,-0.004533340724443713,-1.329702923040675,-1.0573548117821578,-0.0032691068231009,1,Bear,1.0,1.0,1.4115075820934483e-22,0.14786248623419043,1.0144560924156523,0.6,0.6,-0.0027200044346662277,0.0,0.0,-0.0027200044346662277,-0.004533340724443713,1.8507726325851357,1.117963041631102
2023-08-14,0.004277614074716283,-1.1854030476727468,0.5142959925292767,-0.0010381637247452,1,Bear,0.9296430523081751,0.8592910898217516,0.25461390064209755,0.14877310209949665,1.0082467723209994,0.6,0.6,0.0025665684448297698,0.0,0.0,0.0025665684448297698,0.004277614074716283,1.8555227672224832,1.1227452560729958
2023-08-15,-0.008129120118753778,-1.3276963020844537,0.1938764655672567,-0.0017695979506304,1,Bear,0.9471585692620064,0.8943186613628229,0.20681560257092083,0.15177897378682206,0.9882791816123313,0.6,0.6,-0.004877472071252266,0.0,0.0,-0.004877472071252266,-0.008129120118753778,1.846472506747783,1.1136183250236174
2023-08-16,-0.016193584838703763,-1.2981969942973723,0.6940407762869871,-0.0047915655340098,1,Bear,0.7424873513798491,0.48498329045629984,0.5705362278566243,0.1653771911411195,0.9070174609024659,0.6,0.6,-0.009716150903222257,0.0,0.0,-0.009716150903222257,-0.016193584838703763,1.8285319012335703,1.0955848521994123
2023-08-17,-0.07362412009606191,3.8086865840408906,3.0323482509685213,-0.0196405103406493,2,Chop,0.9999942866355128,0.9999885732711302,7.468909953798785e-05,0.35051487388489405,0.42794189683733264,0.42794189683733264,0.6,-0.044174472057637144,0.0,0.0,-0.044174472057637144,-0.07362412009606191,1.7477574698560299,1.0149233814656564
2023-08-18,-0.023334248653811243,2.9473418755774885,1.6221067840008967,-0.0234006919265228,2,Chop,0.9999999875278149,0.9999999798818759,2.4778660138119567e-07,0.3580756956578119,0.4189058397957972,0.4189058397957972,0.42794189683733264,-0.00998570263018596,0.17205810316266734,3.441162063253347e-05,-0.010020114250818493,-0.023334248653811243,1.730244740325351,0.9912409069179698
2023-08-19,0.0017891559507894222,2.354451863020772,-0.5499175434985611,-0.0238983835513082,2,Chop,0.9999941368783497,0.9999883268353398,7.67976796235841e-05,0.35938944283341634,0.41737453058555135,0.41737453058555135,0.4189058397957972,0.0007494878760910909,0.009036057041535428,1.8072114083070858e-06,0.0007476806646827838,0.0017891559507894222,1.7315384108628615,0.9930143914852481
2023-08-20,0.003571869420107809,1.9714692847501856,-0.7774877004548472,-0.0215581856435359,2,Chop,0.9999584296245582,0.9999172146490151,0.00046298281746665087,0.3611991782915602,0.4152833367713808,0.4152833367713808,0.41737453058555135,0.0014908073225303822,0.001531309210245857,3.0626184204917143e-07,0.001490501060688333,0.003571869420107809,1.734119270700875,0.9965613092239213
2023-08-21,-0.002501958864606914,1.5850614472234947,-0.0439581822211621,-0.0188198604487165,2,Chop,0.9998185426188725,0.9996402421830154,0.0017605230870381097,0.3495257758176713,0.42915289909333293,0.42915289909333293,0.4152833367713808,-0.0010390218257586947,0.0020911938141705555,4.182387628341111e-07,-0.0010394400645215287,-0.002501958864606914,1.7323167576542498,0.9940679538221843
2023-08-22,-0.0035464695192522202,1.4098066647730785,0.1823474463442239,-0.0048043303333546,2,Chop,0.9877204737814327,0.975451316153351,0.06631529294869609,0.3458539120345379,0.43370913203670974,0.43370913203670974,0.42915289909333293,-0.001521977675733229,0.013869562321952134,2.773912464390427e-06,-0.0015247515881976195,-0.0035464695192522202,1.729675404926755,0.9905425221238885
2023-08-23,0.015248455549160829,1.3762127168940814,0.5551627771636114,0.0029122105072397,2,Chop,0.9956004060354323,0.9912184525119089,0.028378131499868276,0.3563498618702153,0.4209346376977996,0.4209346376977996,0.43370913203670974,0.006613394421126894,0.0045562329433768145,9.11246588675363e-07,0.006612483174538219,0.015248455549160829,1.7411128544392458,1.0056467657420483
2023-08-24,-0.01023956576112509,1.2660112807868713,-0.1299001752083137,0.0005064661648568,2,Chop,0.9706236746294838,0.9412693397771795,0.1327477402968617,0.35699629361074997,0.4201724294750021,0.4201724294750021,0.4209346376977996,-0.004310187903841984,0.012774494338910147,2.5548988677820296e-06,-0.004312742802709766,-0.01023956576112509,1.7336038825075575,0.9953493795517698
2023-08-25,-0.004393992436939317,1.1698902545854766,-0.2642965664487775,-0.0010867062065525,2,Chop,0.9213893300777751,0.842825106745258,0.27575467756016936,0.35653307910657195,0.42071832542405757,0.42071832542405757,0.4201724294750021,-0.001846234477323578,0.0007622082227974891,1.5244164455949783e-07,-0.0018463869189681375,-0.004393992436939317,1.7304029789762232,0.9909758219059072
2023-08-26,-0.0015062619864454853,1.0542057023966642,-1.3268256915673935,-0.0008875668309202,2,Chop,0.780474606218133,0.5610385381979761,0.5270932794813932,0.35615213306684695,0.42116833249976965,0.42116833249976965,0.42071832542405757,-0.000633712020587259,0.0005458959490554638,1.0917918981109277e-07,-0.0006338211997770701,-0.0015062619864454853,1.7293062128839907,0.9894831526958838
2023-08-27,0.003118365040993392,0.921482166595426,-1.0845644308164244,0.0004454000811288,1,Bear,0.5089853053069967,0.018254111177705645,0.695383187168758,0.355307326550269,0.42216973530034413,0.6,0.42116833249976965,0.0013133566044407627,0.00045000707571207776,9.000141514241556e-08,0.0013132666030256203,0.003118365040993392,1.7315772529797757,0.9925687223679026
2023-08-28,0.0006305878251208892,0.7232015582806218,-0.3658858984688513,-0.0024781734636791,1,Bear,0.8170593471895038,0.635216872260296,0.4825359827340586,0.3379298359675864,0.44387912529389,0.6,0.6,0.00037835269507253353,0.17883166750023033,3.576633350004607e-05,0.0003425863615724875,0.0006305878251208892,1.7321704677306557,0.9931946241198236
2023-08-29,0.060249892570851026,1.0271173433229357,2.2314943276469474,0.0116197182027161,2,Chop,0.9919605490836061,0.9839211291459367,0.04678490802593821,0.44227945510196076,0.33915208646854234,0.33915208646854234,0.6,0.036149935542510614,0.0,0.0,0.036149935542510614,0.060249892570851026,1.7947883184877593,1.0530344935249898
2023-08-30,-0.015634289371322937,0.967378910046827,0.3354259599722772,0.0093716588158393,2,Chop,0.9951008077170775,0.9903979407939955,0.031768358769274266,0.44545416742530636,0.3367349796433366,0.3367349796433366,0.33915208646854234,-0.005302401860737129,0.26084791353145764,5.216958270629153e-05,-0.005354571443443421,-0.015634289371322937,1.785177996210559,1.0365710475352357
2023-08-31,-0.05132914544958933,1.07597521857568,0.8044620817720686,-0.0005929178767893,2,Chop,0.9999257382945418,0.9998631991242773,0.00081271808224614,0.4892193212989725,0.30661094823835006,0.30661094823835006,0.3367349796433366,-0.017284318748077326,0.0024171068252057393,4.834213650411479e-07,-0.01728480216944237,-0.05132914544958933,1.7543215477088179,0.9833647414674663
2023-09-01,-0.005054814300673318,1.0716769180904164,0.3166237174729116,-0.0022275537451227,2,Chop,0.9755101456854581,0.9510825712100694,0.11546680857466332,0.4882829097403569,0.3071989557852068,0.3071989557852068,0.30661094823835006,-0.0015498614058982185,0.03012403140498654,6.024806280997309e-06,-0.0015558862121792159,-0.005054814300673318,1.751592023001009,0.9783940153095186
2023-09-02,0.0026349868784771645,1.0105643121908143,-0.7621773395850842,-0.0018266739344514,2,Chop,0.8497970394472962,0.6996765259921911,0.4237623850454282,0.48981144433207174,0.3062402925365424,0.3062402925365424,0.3071989557852068,0.0008094652175759065,0.0005880075468567281,1.1760150937134563e-07,0.0008093476160665351,0.0026349868784771645,1.7530096698291457,0.9809720707018398
2023-09-03,0.0038877655416867615,0.9378416366222346,-0.8763809702434001,-0.0130990993402843,2,Chop,0.9231539915706334,0.8466079529735898,0.272960802555239,0.4896540736565276,0.3063387155749855,0.3063387155749855,0.3062402925365424,0.001190590456799643,0.0009586632486643931,1.9173264973287865e-07,0.0011903987241499102,0.0038877655416867615,1.755096450303533,0.9847858601156714
2023-09-04,-0.006069712504034206,0.978488927927994,-0.6054676048105133,-0.0111861839668265,2,Chop,0.9364116341374352,0.8729874152495164,0.23787111059150912,0.4895786785660384,0.3063858917209091,0.3063858917209091,0.3063387155749855,-0.0018593879323952677,9.842303844309619e-05,1.968460768861924e-08,-0.0018594076170029563,-0.006069712504034206,1.7518330105952635,0.9788084930667312
2023-09-05,-0.0012573014244295709,1.428069141010689,-0.5132370270572543,-0.0011718151617946,2,Chop,0.9156505858960813,0.8313175932058119,0.28942243211188307,0.4878266736364813,0.3074862612202649,0.3074862612202649,0.3063858917209091,-0.00038521941808582324,4.717614592358865e-05,9.43522918471773e-09,-0.00038522885331500795,-0.0012573014244295709,1.7511581539733925,0.9775778357541547
2023-09-06,-0.001038013801593385,-2.600831477664975,-0.1695778722626544,-0.0003684550619786,1,Bear,0.991476430585208,0.9829529168444618,0.0491019875656227,0.37917608283361853,0.3955945714693709,0.6,0.3074862612202649,-0.00031917498294698377,0.0011003694993558244,2.2007389987116488e-07,-0.00031939505684685496,-0.001038013801593385,1.7505988427152563,0.97656309646851
2023-09-07,0.01873210550195057,-2.3450444158334904,-0.381849845415548,0.002850968662716,1,Bear,0.9754529288247059,0.9509058598259644,0.11524332090621578,0.3757205181483623,0.39923292115968195,0.6,0.6,0.011239263301170341,0.2925137387797351,5.8502747755947015e-05,0.011180760553414394,0.01873210550195057,1.77017186920074,0.9948561794208696
2023-09-08,-0.012831149860508746,-1.9064490276246289,-0.4360407849552072,-0.000492814417723,1,Bear,0.9827384937541065,0.965477009182704,0.08718120165917682,0.3798245441773796,0.3949191865019376,0.6,0.6,-0.007698689916305247,0.0,0.0,-0.007698689916305247,-0.012831149860508746,1.756543864881197,0.9820910306930672
2023-09-09,-0.00038518556307899995,-1.685186617599883,-1.3740417404358063,0.0006440909704679,1,Bear,0.9907705583011096,0.981541169804554,0.052430640472661466,0.3794122973975561,0.3953482821428607,0.6,0.6,-0.00023111133784739995,0.0,0.0,-0.00023111133784739995,-0.00038518556307899995,1.7561379076785968,0.9817127434064149
2023-09-10,-0.0024532679048573473,-1.5341679418060372,-0.8581436503570458,0.0004048976743824,1,Bear,0.9906122230662241,0.981224564767522,0.0531704279688951,0.37940757736925135,0.3953532004818536,0.6,0.6,-0.0014719607429144084,0.0,0.0,-0.0014719607429144084,-0.0024532679048573473,1.75355294161935,0.9793043390412265
2023-09-11,-0.026261881067480307,-1.380930852107216,0.3552170866450471,-0.0046398757787949,1,Bear,0.7585348863564507,0.5170760388347773,0.5528352905657989,0.394932591858675,0.3798116516392166,0.6,0.6,-0.015757128640488182,0.0,0.0,-0.015757128640488182,-0.026261881067480307,1.7259219823403475,0.9535859649604584
2023-09-12,0.0263051279529175,-0.9957557386855614,1.0595332499211991,-0.0031252712886015,0,Bull,0.8560138255503781,0.7121330128573335,0.413000120394825,0.40669602955252526,0.3688258283835233,0.3688258283835233,0.6,0.0157830767717505,0.0,0.0,0.0157830767717505,0.0263051279529175,1.7531623414896769,0.9786701657828495
2023-09-13,0.015173852958685846,-0.9444986213317956,0.0605331604953913,0.0024757292752373,1,Bear,0.5204829475519236,0.04103378975516142,0.6929774548759782,0.4102536277561402,0.3656274798114932,0.6,0.3688258283835233,0.005596508887257083,0.2311741716164767,4.623483432329534e-05,0.005550274052933788,0.015173852958685846,1.7628928729442277,0.9935203629734911
2023-09-14,0.011800835130971608,-0.8462489476593335,0.1798279589662346,0.0049129334140474,1,Bear,0.7350119639439829,0.47009698130008476,0.578881660206395,0.4126525699151848,0.36350191646893293,0.6,0.6,0.007080501078582964,0.2311741716164767,4.623483432329534e-05,0.007034266244259669,0.011800835130971608,1.7752935307726254,1.0052447329762042
2023-09-15,0.0025972414093191217,-0.6920188607577938,-0.2961865774400956,0.0059230352768827,1,Bear,0.9397460589944362,0.8795445413817196,0.2280875058890409,0.4125584326447723,0.36358486006067264,0.6,0.6,0.001558344845591473,0.0,0.0,0.001558344845591473,0.0025972414093191217,1.7780600502957167,1.0078555962231899
2023-09-16,-0.0015199103541191222,-0.6253559487237439,-1.0631570694287886,0.0108714294195549,1,Bear,0.9469458173806649,0.8940017742352293,0.2082021379692599,0.41260715789682817,0.36354192390793977,0.6,0.6,-0.0009119462124714733,0.0,0.0,-0.0009119462124714733,-0.0015199103541191222,1.7764385551673025,1.0063237460670333
2023-09-17,-0.0012840741866492755,-0.6014459427033939,-1.1062021226607788,0.0053535889916416,1,Bear,0.9865148739297233,0.9730628224268307,0.07169483951263933,0.4127130268567842,0.36344866829718847,0.6,0.6,-0.0007704445119895653,0.0,0.0,-0.0007704445119895653,-0.0012840741866492755,1.7750699078315872,1.0050315517212964
2023-09-18,0.008260511389751386,-0.967433112738835,0.849635913785925,0.0039709206778547,1,Bear,0.7566815857779752,0.5134148741121445,0.5553638304345466,0.317703935288982,0.47213768335466383,0.6,0.6,0.004956306833850831,0.0,0.0,0.004956306833850831,0.008260511389751386,1.7838676989463358,1.0133336263013497
2023-09-19,0.016931102662432373,-0.8290260239069236,0.4422577902184321,0.0049969741841468,1,Bear,0.6767403342032265,0.3535916677236589,0.630298517363206,0.3208792054735118,0.46746563018519544,0.6,0.6,0.010158661597459423,0.0,0.0,0.010158661597459423,0.016931102662432373,1.8019894072345701,1.0304904819595528
2023-09-20,-0.0029114788993918343,-1.1368708427449643,0.450706071860012,0.0038952301224047,1,Bear,0.774952274755606,0.5499171011114611,0.5333583433845581,0.2248443195902167,0.6671282613382362,0.6,0.6,-0.0017468873396351006,0.0,0.0,-0.0017468873396351006,-0.0029114788993918343,1.7988415347529154,1.0274902306653035
2023-09-21,-0.021020467716698094,-1.127286457280735,0.5691007084722951,-4.881350111088367e-06,1,Bear,0.626506991852501,0.2530392421662681,0.6610563572021441,0.24432704395701005,0.6139312192816153,0.6,0.6,-0.012612280630018857,0.0,0.0,-0.012612280630018857,-0.021020467716698094,1.776154040507678,1.005891905442381
2023-09-22,0.0004491505408555205,-1.0528253061911297,-0.3058318299096898,0.0003417635953898,1,Bear,0.9471938285386735,0.8943932184775605,0.20675287792826702,0.2443043292779803,0.613988300753047,0.6,0.6,0.0002694903245133123,0.0,0.0,0.0002694903245133123,0.0004491505408555205,1.7766326968364399,1.0063437023357524
2023-09-23,-6.686902016047694e-06,-1.0293885274539214,-1.2370627419336666,-0.0013116760629636,1,Bear,0.9899188470462675,0.9798400331819902,0.05639602403949232,0.2440951922249718,0.614514356602942,0.6,0.6,-4.012141209628616e-06,0.0,0.0,-4.012141209628616e-06,-6.686902016047694e-06,1.7766255687351826,1.0063369730140206
2023-09-24,-0.012210127075315798,-1.0444431565638883,-0.938132418132528,-0.0071399220105132,1,Bear,0.9807451796628776,0.9614950177133805,0.09516811419012927,0.248950483498175,0.6025294584378649,0.6,0.6,-0.007326076245189479,0.0,0.0,-0.007326076245189479,-0.012210127075315798,1.7636098743594757,0.9940494706929308
2023-09-25,0.001585160786217759,-1.3450875573999903,0.1757423025190879,-0.0062405940733913,1,Bear,0.9502146237065322,0.9004307709960724,0.19790017171161933,0.24878358514970625,0.6029336698791323,0.6,0.6,0.0009510964717306554,0.0,0.0,0.0009510964717306554,0.001585160786217759,1.7652872374884885,0.9956251989334338
2023-09-26,-0.003093569595525136,-1.4038451988307408,-0.3792819344157931,-0.0026552144491567,1,Bear,0.9826284102094066,0.9652572062695493,0.08762999195431874,0.24926089829001896,0.6017791038587714,0.6,0.6,-0.0018561417573150817,0.0,0.0,-0.0018561417573150817,-0.003093569595525136,1.7620106141333307,0.9925451630894747
2023-09-27,0.005153782852789497,-1.1788651521185558,0.1246490093659546,-0.0017142879867699,1,Bear,0.9666774595181482,0.933357486791716,0.146135288235212,0.23704250286809156,0.6327979083290028,0.6,0.6,0.003092269711673698,0.0,0.0,0.003092269711673698,0.005153782852789497,1.767459226187063,0.9976605253316243
2023-09-28,0.02506320623495958,-1.0016404673424326,0.7631790756235489,0.0032996906406251,0,Bull,0.512724549000724,0.025536670015314067,0.6936661132979142,0.25179938403095714,0.5957123389212042,0.5957123389212042,0.6,0.015037923740975748,0.0,0.0,0.015037923740975748,0.02506320623495958,1.794038143245748,1.022665096830489
2023-09-29,-0.004072674570297436,-0.7539374162625858,-0.4165777217504967,0.0049271811416288,1,Bear,0.9078034569444282,0.8156562477827487,0.30801153589662855,0.252990923738088,0.5929066457549653,0.6,0.5957123389212042,-0.002426142493936796,0.004287661078795746,8.575322157591492e-07,-0.0024270000261525553,-0.004072674570297436,1.7896840126251718,1.0185001146966965
2023-09-30,0.002085958120685116,-0.7493181863913695,-1.8627801494660996,0.0050273406085223,1,Bear,0.9751886217485198,0.9504063746237369,0.11644075915457162,0.2522240799246922,0.5947092761515326,0.6,0.6,0.0012515748724110697,0.004287661078795746,8.575322157591492e-07,0.0012507173401953104,0.002085958120685116,1.7919224014532322,1.020624663281867
2023-10-01,0.036976120856382695,-0.9381385647405494,-0.5504237022287104,0.0130412786989038,0,Bull,0.8371309716294609,0.6745556048533153,0.4465457380974455,0.2599326820988534,0.5770724896492794,0.5770724896492794,0.6,0.022185672513829618,0.0,0.0,0.022185672513829618,0.036976120856382695,1.8316774050220688,1.0583634041803822
2023-10-02,-0.01631914578851585,-1.2959319959981848,2.4425604368012426,0.0087466929706428,0,Bull,0.9999490977575526,0.9999095465032014,0.0005811128146248435,0.2575736922925457,0.58235761061201,0.58235761061201,0.5770724896492794,-0.009417330089128394,0.022927510350720604,4.585502070144121e-06,-0.009421915591198537,-0.01631914578851585,1.8144194951216452,1.0410918174903325
2023-10-03,-0.0036683170659445614,-1.2196715818124704,0.032500372834721,0.0030003883104619,0,Bull,0.5349157825972627,0.0698468893401728,0.690880448704109,0.253262864377195,0.5922700130904258,0.5922700130904258,0.58235761061201,-0.002136272361490734,0.005285120962730594,1.0570241925461189e-06,-0.00213732938568328,-0.0036683170659445614,1.8105414830167652,1.0372727626090175
2023-10-04,0.013377719302482879,-1.1843233464564986,-0.0058938952297586,0.006490467085018,1,Bear,0.6700807573896279,0.3401748027817615,0.634269188673531,0.25449305876168377,0.5894070381717769,0.6,0.5922700130904258,0.007923221986401576,0.00991240247841585,1.98248049568317e-06,0.007921239505905894,0.013377719302482879,1.824883215739119,1.051149106467312
2023-10-05,-0.013890662255842758,-1.0438272928392125,0.2058014450043664,0.0032951430097124,1,Bear,0.811245907409333,0.6225112057289695,0.48460879893209036,0.2637262410089104,0.5687716149373699,0.6,0.6,-0.008334397353505654,0.00772998690957416,1.545997381914832e-06,-0.00833594335088757,-0.013890662255842758,1.8096710926307322,1.0365479492488436
2023-10-06,0.019171883788155934,-0.3036870290447028,0.6098233245076385,-0.0002657044039328,1,Bear,0.7682967060628196,0.5381816576082817,0.5508230170572604,0.2738046588021662,0.5478358208228313,0.6,0.6,0.01150313027289356,0.0,0.0,0.01150313027289356,0.019171883788155934,1.8304879749603533,1.056420526072694
2023-10-07,0.0007955652201821253,-0.2110781901171129,-1.4899424081952992,0.0031572377978067,1,Bear,0.9854582971868585,0.971188240574812,0.0773078623953299,0.2733921341571486,0.5486624568129618,0.6,0.6,0.00047733913210927514,0.0,0.0,0.00047733913210927514,0.0007955652201821253,1.8313617385016574,1.057260977501124
2023-10-08,-0.0012074286830624696,-1.8180402261123327,-0.978396329510621,0.0036494154743831,1,Bear,0.9890981715774575,0.9781963693205253,0.06010600329780873,0.2726390648624524,0.5501779434127522,0.6,0.6,-0.0007244572098374818,0.0,0.0,-0.0007244572098374818,-0.0012074286830624696,1.8300349952863793,1.0559844102714064
2023-10-09,-0.012659387727925962,-2.0685620779523437,0.3153676908825162,-0.0015580059316986,1,Bear,0.9497227389708278,0.8994454989784181,0.1993311437432133,0.2711417583648534,0.5532161512287502,0.6,0.6,-0.007595632636755577,0.0,0.0,-0.007595632636755577,-0.012659387727925962,1.8161347217497772,1.0426162941871355
2023-10-10,-0.0070090060125914885,-1.9742971801856388,-0.2738318065271614,-0.0001816746830483,1,Bear,0.982432323739818,0.964864660539267,0.08841583334568201,0.27274468990952766,0.5499648775921416,0.6,0.6,-0.004205403607554893,0.0,0.0,-0.004205403607554893,-0.0070090060125914885,1.808497142239125,1.035308590312352
2023-10-11,-0.019081220842271783,-1.270552900971953,0.8844810346121117,-0.0078322956091339,0,Bull,0.5061671807317735,0.01235614752068026,0.6933113814132055,0.26991982505956547,0.5557205735699415,0.5557205735699415,0.6,-0.011448732505363069,0.0,0.0,-0.011448732505363069,-0.019081220842271783,1.7877921422209158,1.015553638460701
2023-10-12,-0.00434538164717781,-1.0079127408483264,-0.4395979596838953,-0.0088604849826059,1,Bear,0.8655963262868103,0.7312121352668346,0.3948646771085341,0.27073763632323594,0.5540419205732953,0.6,0.5557205735699415,-0.00241481798134995,0.044279426430058444,8.85588528601169e-06,-0.0024236738666359617,-0.00434538164717781,1.7834591171268377,1.0111406703184092
2023-10-13,0.0039380057832304975,-0.6425453251646973,1.2387303425194311,-0.0078313980893473,0,Bull,0.6642429931936712,0.32918998009035483,0.6432259770254749,0.2711668742284059,0.553164911557943,0.553164911557943,0.6,0.0023628034699382985,0.044279426430058444,8.85588528601169e-06,0.002353947584652287,0.0039380057832304975,1.7876572864079245,1.0151225481257826
2023-10-14,-2.4866641728645306e-05,-0.8496543816557002,-1.6567613776457253,-0.0053044938721078,1,Bear,0.9054648751820381,0.8109706588344604,0.31326448759111697,0.26509793444744795,0.5658286259855241,0.6,0.553164911557943,-1.3755353672569136e-05,0.04683508844205697,9.367017688411395e-06,-2.312237136098053e-05,-2.4866641728645306e-05,1.7876159515322823,1.0150973054370678
2023-10-15,0.011030760315870677,-0.8157285389229287,-1.0520797765957672,-0.0016965406064154,2,Chop,1.0,1.0,1.1314476073159905e-161,0.26845327603105223,0.5587564518402426,0.5587564518402426,0.6,0.0066184561895224064,0.04683508844205697,9.367017688411395e-06,0.006609089171833995,0.011030760315870677,1.799430464760952,1.0262946005106302
2023-10-16,0.04885439730476576,3.432153067339592,3.1222985320126977,0.011890583022992,1,Bull,0.9999999978411687,0.9999999957282196,4.545761231977561e-08,0.33455416376738945,0.4483578931162034,0.4483578931162034,0.5587564518402426,0.02729770969480443,0.04124354815975739,8.248709631951479e-06,0.027289460985172476,0.04885439730476576,1.8485359522245766,1.0764336046757124
2023-10-17,-0.0036433994327744555,2.458999456424753,0.5801553640375895,0.0120309794658727,1,Bull,0.9902219432537911,0.9804439247137609,0.05497968623540045,0.33618350514535333,0.4461848892174098,0.4461848892174098,0.4483578931162034,-0.0016335468934595254,0.1103985587240392,2.207971174480784e-05,-0.0016556266052043331,-0.0036433994327744555,1.8454754669213969,1.0725117270910174
2023-10-18,-0.0030807197496875486,2.048223752024902,0.182375919428475,0.0106272343592891,1,Bull,0.8223517510081925,0.6447044521651732,0.46782109911426956,0.32318502203729177,0.46413041995087184,0.46413041995087184,0.4461848892174098,-0.0013745706002242252,0.002173003898793602,4.346007797587204e-07,-0.001375005201003984,-0.0030807197496875486,1.8429379285560548,1.0692076190315964
2023-10-19,0.013724231161473081,1.834291717170868,0.4729755532416718,0.0133770539199295,1,Bull,0.7399898312819903,0.47998233843796967,0.5731009591541688,0.32531431974467295,0.4610925215887496,0.4610925215887496,0.46413041995087184,0.006369833172477343,0.017945530733462056,3.5891061466924115e-06,0.006366244066330651,0.013724231161473081,1.8546705212083403,1.0838816715547943
2023-10-20,0.03298576898255148,2.132435293144152,1.6228822889777863,0.0177680556532656,1,Bull,0.9993199364579802,0.9986399274113021,0.005640324700322758,0.3491003168178493,0.4296759205700342,0.4296759205700342,0.4610925215887496,0.015209491396708626,0.00303789836212226,6.07579672424452e-07,0.015208883817036202,0.03298576898255148,1.8828779896842798,1.1196343419771224
2023-10-21,0.007901299916077796,1.8593001718587925,-0.2525438226669405,0.009577436175528,1,Bull,0.5328370730064634,0.06567722671385978,0.691028912143825,0.31835658999866007,0.47116976595531235,0.47116976595531235,0.4296759205700342,0.0033949983151406607,0.03141660101871541,6.283320203743082e-06,0.0033887149949369177,0.007901299916077796,1.8892585265615598,1.1284809087094239
2023-10-22,0.002519829955235934,1.2656125800878582,-0.3867048342202502,0.0108100820531301,0,Bear,0.9602165823870942,0.9204557411166915,0.16744653776720328,0.3059356264030355,0.49029922328297915,0.6,0.47116976595531235,0.0011872676902557004,0.04149384538527817,8.298769077055635e-06,0.0011789689211786447,0.002519829955235934,1.891485903648448,1.131324488707102
2023-10-23,0.09812340552916099,3.026681396512868,3.1860083248178133,0.0310509071088998,1,Bull,0.9999999999995168,0.9999999999990467,1.3832136967832101e-11,0.5015896059008625,0.2990492590662793,0.2990492590662793,0.6,0.05887404331749659,0.12883023404468763,2.5766046808937528e-05,0.05884827727068766,0.09812340552916099,2.002796590559949,1.2423339002975797
2023-10-24,0.024342751787773464,2.725684673022221,2.845030082345565,0.0331746112341599,1,Bull,0.9999999996860893,0.9999999993774088,7.209544738091213e-09,0.5054434371256494,0.29676911199602957,0.29676911199602957,0.2990492590662793,0.007279681885768001,0.30095074093372065,6.019014818674413e-05,0.007219491737581257,0.024342751787773464,2.0172557639975524,1.2725757260700603
2023-10-25,0.017581001125127033,2.266150753708691,0.8651900326516798,0.030093657662675,1,Bull,0.99976037814479,0.9995207613601463,0.0022372480412642926,0.49472724864197726,0.3031973686748586,0.3031973686748586,0.29676911199602957,0.005217498091905146,0.0022801470702497606,4.5602941404995216e-07,0.005217042062491096,0.017581001125127033,2.02777987216913,1.2949488813419072
2023-10-26,-0.010083818433932462,1.9105457514971755,0.2843931329875697,0.0264966339926729,1,Bull,0.9846148464171044,0.9692299372340507,0.07949218653971855,0.5017440108960081,0.2989572306645612,0.2989572306645612,0.3031973686748586,-0.003057387215363356,0.006428256678829014,1.285651335765803e-06,-0.003058672866699122,-0.010083818433932462,2.0215775568944876,1.2818908519412315
2023-10-27,-0.007253169256571986,1.7072429609977209,-0.0487218439852764,0.0245420341503114,1,Bull,0.9063550609482234,0.8127118334689635,0.31091112434948026,0.5057528508258906,0.29658755211176985,0.29658755211176985,0.2989572306645612,-0.002168387394486095,0.0042401380102973785,8.480276020594757e-07,-0.0021692354220881546,-0.007253169256571986,2.017192279249574,1.2725930806236505
2023-10-28,0.0052875149613998505,1.5132926086254883,-0.6735302649862469,0.0059748560367591,0,Bear,0.8806717464686504,0.7613551882683453,0.36570409117646274,0.5038365278264891,0.29771561154386345,0.6,0.29658755211176985,0.0015682111191559409,0.0023696785527913544,4.739357105582709e-07,0.0015677371834453826,0.0052875149613998505,2.020354706591912,1.2793219355772218
2023-10-29,0.013082482218137433,1.3325543272852856,-0.5700347753418985,0.0037228021228319,0,Bear,0.9945456365440966,0.9891030695782405,0.03394817158160424,0.49353601680742537,0.3039291863040039,0.6,0.6,0.00784948933088246,0.30341244788823013,6.068248957764603e-05,0.007788806841304814,0.013082482218137433,2.0360908591524773,1.296058642050684
2023-10-30,-0.001046255776520464,1.2181984329930975,-0.0163573953900538,-2.6492574975258733e-06,0,Bear,0.9968805420147732,0.9937854985675678,0.021256894511071548,0.4899442189644949,0.3061573015741005,0.6,0.6,-0.0006277534659122785,0.0,0.0,-0.0006277534659122785,-0.001046255776520464,2.034812696058732,1.2947026332097293
2023-10-31,0.004782938801692802,1.0553427183737254,-0.1686738848421139,0.0029707021896275,0,Bear,0.9977450365804285,0.9955373395063098,0.016225023853045896,0.47155267689663094,0.3180980775831361,0.6,0.6,0.002869763281015681,0.0,0.0,0.002869763281015681,0.004782938801692802,2.040652126817626,1.300895116670762
2023-11-01,0.021952875620689455,1.022269412505402,0.4367036132565364,0.0088119111650798,0,Bear,0.9861951975610926,0.972515984695761,0.07354669337616737,0.46661187022768513,0.32146631830606215,0.6,0.6,0.013171725372413673,0.0,0.0,0.013171725372413673,0.021952875620689455,2.0675310362126997,1.3294535053625975
2023-11-02,-0.014181643038139046,1.0501999834707896,0.2617103347617393,0.004918079565172,0,Bear,0.9933143978103622,0.9867052979804977,0.04056141384457632,0.48037211247184214,0.312257926939488,0.6,0.6,-0.008508985822883428,0.0,0.0,-0.008508985822883428,-0.014181643038139046,2.0499384439371946,1.3105996703137426
2023-11-03,-0.005911206955145199,1.029765528123985,-0.1935446205712666,0.0011193417305155,0,Bear,0.9977984660028147,0.9956483234134601,0.015913303637695483,0.4841153739041684,0.3098434961697638,0.6,0.6,-0.003546724173087119,0.0,0.0,-0.003546724173087119,-0.005911206955145199,2.042667877704742,1.302852444427173
2023-11-04,0.010022958693683921,0.9665121516946394,-1.0262271119883115,0.0033331846245563,0,Bear,0.9986604395205557,0.9973887219422368,0.010468873539303897,0.4842072011079323,0.309784736073275,0.6,0.6,0.006013775216210352,0.0,0.0,0.006013775216210352,0.010022958693683921,2.054952023162632,1.3159108806616318
2023-11-05,-0.0009365213169939803,0.4122541677480038,-0.6454734320792523,0.002189292600819,0,Bear,0.9966910043919232,0.994722039100045,0.024435040165347924,0.4590472366767731,0.3267637576601269,0.6,0.6,-0.0005619127901963882,0.0,0.0,-0.0005619127901963882,-0.0009365213169939803,2.053797319337577,1.3146785020706278
2023-11-06,-0.0003419870125084872,0.3186059909461765,-0.5993845619269813,-0.0022696799258205,0,Bear,0.9950822454841207,0.992584450522211,0.03445114364298166,0.45733310069790967,0.3279885050329697,0.6,0.6,-0.00020519220750509233,0.0,0.0,-0.00020519220750509233,-0.0003419870125084872,2.053375896131854,1.3142288990972955
2023-11-07,0.011526405303600254,0.2944022188826296,0.0325518850676118,0.0028719297425273,0,Bear,0.9893849587160333,0.9830249187723502,0.06595666797117193,0.4532555236489762,0.330939155009984,0.6,0.6,0.006915843182160152,0.0,0.0,0.006915843182160152,0.011526405303600254,2.0675767218235293,1.3293772340499952
2023-11-08,0.005955525293475274,0.2124957221940194,-0.1520219878743896,0.0052452761922513,0,Bear,0.987616900088024,0.9812571859821608,0.07526427911348688,0.4536405492178795,0.33065827174976886,0.6,0.6,0.0035733151760851643,0.0,0.0,0.0035733151760851643,0.005955525293475274,2.0749648251013415,1.3372943737919503
2023-11-09,0.02869223982446583,0.4715632119836214,1.818889669984644,0.0089791324184077,1,Bull,0.8048323486451336,0.6300107791327417,0.5588784846137883,0.4499654730521026,0.33335891081276614,0.33335891081276614,0.6,0.017215343894679498,0.0,0.0,0.017215343894679498,0.02869223982446583,2.110686058134825,1.3756643446806978
2023-11-10,0.01677834605033404,0.4009977252907142,0.2691790393873696,0.0125221058918733,0,Bear,0.6056797649351453,0.21740398896247692,0.7018931774955524,0.45054005988999773,0.33293376850134804,0.6,0.33335891081276614,0.005593211164579032,0.26664108918723384,5.332821783744677e-05,0.005539882946741585,0.01677834605033404,2.1223790118342114,1.3987457171048567
2023-11-11,-0.004725682318407844,0.5364732537661483,-0.6465887978915966,0.0116453668306935,0,Bear,0.9750673317069682,0.9510773692606487,0.12067226844377975,0.4542219441496237,0.33023503582774727,0.6,0.6,-0.0028354093910447063,0.26664108918723384,5.332821783744677e-05,-0.002888737608882153,-0.004725682318407844,2.1162480157624235,1.3921356892015855
2023-11-12,-0.002251742592082081,-3.773332998026544,-0.822049539480683,0.008889737251557,2,Chop,0.9949679175404995,0.9899358350814463,0.031648784968855155,0.23015555326979062,0.6517331338260977,0.6517331338260977,0.6,-0.0013510455552492486,0.0,0.0,-0.0013510455552492486,-0.002251742592082081,2.113388868286923,1.3890009579762528
2023-11-13,-0.015013537055029228,-3.286319896568827,0.2263000972635396,0.0046959247818561,2,Chop,0.9995509494106862,0.9991018988213666,0.00391040008991148,0.23020526946977724,0.6515923825092671,0.6515923825092671,0.6517331338260977,-0.00978481955468844,0.05173313382609768,1.0346626765219535e-05,-0.009795166181453659,-0.015013537055029228,2.092687873116018,1.3681471406242052
2023-11-14,-0.02678435783979465,-2.4344374800251747,0.988373157199134,-0.0063993947509959,2,Chop,0.9989626233654328,0.9979252467309778,0.008164715702144868,0.2554359398503753,0.5872313821142957,0.5872313821142957,0.6515923825092671,-0.017452483538812562,0.0001407513168305563,2.8150263366111262e-08,-0.01745251168907593,-0.02678435783979465,2.0561652135488733,1.3315021980322346
2023-11-15,0.06384619927627835,-1.852610542935771,1.395220250376875,0.0030141758941929,2,Chop,0.979880636502587,0.959761273027737,0.09850329229538857,0.36353242621756093,0.41261793771934513,0.41261793771934513,0.5872313821142957,0.03749249184375368,0.06436100039497139,1.287220007899428e-05,0.03747961964367469,0.06384619927627835,2.13322950367724,1.4165135527046033
2023-11-16,-0.046629756190665436,-1.2616059924118943,1.0878850228000188,-0.0053666388802586,2,Chop,0.986172712260708,0.9723454794656722,0.07292814266139848,0.42338372463250024,0.3542885360796543,0.3542885360796543,0.41261793771934513,-0.01924027383574824,0.17461344439495058,3.4922688878990115e-05,-0.019275196524627232,-0.046629756190665436,2.092111085761728,1.3504618711012144
2023-11-17,0.01214874696667944,-1.1202403864823045,0.5073588741577763,-0.0024865409685063,2,Chop,0.9982035470517958,0.9964076938150351,0.013157308390633286,0.42504334488934997,0.3529051843854865,0.3529051843854865,0.3542885360796543,0.0043041617780269995,0.0583294016396908,1.1665880327938162e-05,0.004292495897699061,0.01214874696667944,2.101091464014891,1.3668682906613716
2023-11-18,-0.000300085015663709,-1.0296346711342834,-1.0638230370033588,0.0004561494393668,2,Chop,0.9994367159096813,0.9988755219508559,0.004791246686223282,0.42311710239942973,0.35451178680647477,0.35451178680647477,0.3529051843854865,-0.00010590155778412283,0.0013833516941678115,2.7667033883356233e-07,-0.0001061782281229564,-0.000300085015663709,2.100868373846118,1.3664581139689582
2023-11-19,0.021653391391504333,-0.924058150987694,-0.8625811498679621,0.0101436992856265,2,Chop,0.9984799364746709,0.9969645852071778,0.01141452920087187,0.4301259024878262,0.34873510089117554,0.34873510089117554,0.35451178680647477,0.00767638247262214,0.0016066024209882568,3.2132048419765136e-07,0.0076760611521379425,0.021653391391504333,2.116994767956353,1.3960465663308248
2023-11-20,0.002415334454994771,-0.8170430693335495,0.2633892691481727,-0.0021424736786301,2,Chop,0.9977811769438282,0.9955703050244807,0.015827808645634874,0.43016352733312124,0.34870459829533407,0.34870459829533407,0.34873510089117554,0.0008423119048485339,0.005776685915299229,1.155337183059846e-06,0.000841156567665474,0.002415334454994771,2.118775492009133,1.399418485703261
2023-11-21,-0.045392621921948366,-0.7522129134339232,0.8581878983792924,-0.0018950468248867,2,Chop,0.9784991015428619,0.9570030262647304,0.10386958021698096,0.47020158243857857,0.31901211225633036,0.31901211225633036,0.34870459829533407,-0.01582861599286498,3.0502595841475078e-05,6.100519168295016e-09,-0.015828622093384148,-0.045392621921948366,2.0852381954453962,1.3358952114711473
2023-11-22,0.04420138946783627,-0.609561645995674,0.712907410956086,0.0045154816753446,2,Chop,0.9692576025551093,0.9385531124125015,0.1376052164124166,0.5002991208944739,0.2998206347670934,0.2998206347670934,0.31901211225633036,0.014100778618799163,0.029692486039003707,5.9384972078007414e-06,0.014094840121591361,0.04420138946783627,2.114629294425635,1.3949436360016012
2023-11-23,-0.003819999415433914,-0.6078872987497799,-0.7091096123535194,0.0038114987953906,2,Chop,0.9967749886078736,0.9937797129055931,0.022549369974634633,0.4996269305839183,0.30022400879130695,0.30022400879130695,0.2998206347670934,-0.001145314649545322,0.01919147748923694,3.838295497847388e-06,-0.0011491529450431694,-0.003819999415433914,2.112199261944271,1.3896149521275118
2023-11-24,0.01148288092363248,-0.3818833843195546,0.445015949600532,0.0017773967018162,2,Chop,0.990224755664763,0.9806900374724121,0.05609482349947822,0.5000289219653361,0.29998264782451634,0.29998264782451634,0.30022400879130695,0.003447436543366169,0.00040337402421353197,8.06748048427064e-08,0.003447355868561326,0.01148288092363248,2.1194807644655054,1.4055717351524912
2023-11-25,0.002026342935600158,-0.3990758735674232,-1.524034504068441,0.0016995983979373,2,Chop,0.996715939030772,0.9938450815128895,0.023301710248512037,0.4996697318049999,0.3001982918960132,0.3001982918960132,0.29998264782451634,0.0006078677192218388,0.0002413609667906158,4.8272193358123163e-08,0.0006078194470284806,0.002026342935600158,2.12076902609175,1.408419905508497
2023-11-26,-0.00844024984109134,-0.3108411336878057,-0.8733500469636262,0.0090900728141087,2,Chop,0.9927135936531314,0.9864369591756675,0.04605355307878404,0.50214258121794,0.29871993654905155,0.29871993654905155,0.3001982918960132,-0.002533748585471217,0.0002156440714968788,4.3128814299375764e-08,-0.0025337917142855162,-0.00844024984109134,2.1153954391055256,1.396532489624839
2023-11-27,-0.00602017674392167,-0.3925990290479,-0.1165032008587255,-0.0009542404282428,2,Chop,0.9933401709742394,0.9873335847601433,0.04215127948033664,0.5022611555934572,0.2986494144122381,0.2986494144122381,0.29871993654905155,-0.001798346814958357,0.0014783553469616684,2.956710693923337e-07,-0.0017986424860277493,-0.00602017674392167,2.111590598994001,1.3881251172086686
2023-11-28,0.015367313611233842,-0.1390486989762304,0.2406121734850018,0.0028832221770906,2,Chop,0.9769532045163881,0.9564342337422811,0.1176415863339482,0.5051095483008363,0.29696528308481324,0.29696528308481324,0.2986494144122381,0.004589439211084203,7.052213681346675e-05,1.4104427362693351e-08,0.00458942510665684,0.015367313611233842,2.121281585904005,1.4094568712164448
2023-11-29,0.0007241750284948421,-1.0178601019015632,0.2800318519771024,0.0007314809980631,2,Chop,0.9982438293864416,0.9964916924651065,0.012925400800015132,0.49169295540679864,0.30506843417331164,0.30506843417331164,0.29696528308481324,0.00021505484233992348,0.0016841313274248426,3.3682626548496854e-07,0.00021471801607443852,0.0007241750284948421,2.1217370632776658,1.4104775646863201
2023-11-30,-0.0038571889984724806,-1.1897894836897784,-0.152273655375344,-0.0004452253887513,2,Chop,0.9993094953634818,0.9986194333250855,0.005719516268551689,0.4873091310040273,0.30781282446103053,0.30781282446103053,0.30506843417331164,-0.001176706608074524,0.008103151088498406,1.6206302176996812e-06,-0.0011783272382922237,-0.0038571889984724806,2.1192369627035115,1.4050370861412198
2023-12-01,0.02555073011462817,-1.3871732854834895,0.7521213863603188,0.0063529706023925,2,Chop,0.9982616524341883,0.9965233202506298,0.012783916507265463,0.498080121403419,0.3011563673277131,0.3011563673277131,0.30781282446103053,0.007864842403625207,0.0027443902877188897,5.48878057543778e-07,0.007864293525567662,0.02555073011462817,2.1359032642284443,1.440936809530258
2023-12-02,0.020152443138720524,-1.134338872374194,-0.7883877659586761,0.0115874945789209,2,Chop,0.9989169308291764,0.9978346056958117,0.008483794331997883,0.5035329724747977,0.29789508969545714,0.29789508969545714,0.3011563673277131,0.00606903656843537,0.006656457133317417,1.3312914266634835e-06,0.006067705277008706,0.020152443138720524,2.1488632957359832,1.4699752066508058
2023-12-03,0.012637770520489717,-1.4074706410335305,-0.7018139796099935,0.0110415859607721,2,Chop,0.9994586408703954,0.9989173367672431,0.004613567045211198,0.4981826854946789,0.3010943663187631,0.3010943663187631,0.29789508969545714,0.003764729782751888,0.0032612776322559767,6.522555264511954e-07,0.003764077527225437,0.012637770520489717,2.1569517837765426,1.4885524159832682
2023-12-04,0.04885656688656327,-1.713577057477799,2.8307314450528844,0.0206680643323858,2,Chop,0.8216442954390177,0.6432885908781785,0.46889098277984415,0.5114154013002622,0.29330364243749474,0.29330364243749474,0.3010943663187631,0.014710437047220032,0.0031992766233059355,6.398553246611872e-07,0.01470979719189537,0.04885656688656327,2.188680107068593,1.56127797665891
2023-12-05,0.04882523455973004,-1.0499119242385238,2.038101106302713,0.0312045490440263,1,Bull,0.8930127430714228,0.7860254905078105,0.34016981704477406,0.4833466268196021,0.31033629216985104,0.31033629216985104,0.29330364243749474,0.01432061913923387,0.0077907238812683355,1.5581447762536673e-06,0.014319060994457617,0.04882523455973004,2.220019951019064,1.637507740082222
2023-12-06,-0.007610515703398493,-2.235531236198524,1.1477943725236317,0.024572299880421,2,Chop,0.6086498057890177,0.21729961168533984,0.6693482177844364,0.4244311774828939,0.35341418811309055,0.35341418811309055,0.31033629216985104,-0.002361819224893114,0.017032649732356298,3.40652994647126e-06,-0.0023652257548395852,-0.007610515703398493,2.2147691026546563,1.6250454617118897
2023-12-07,-0.010427160036986542,-1.7590737113766453,0.8105266339198549,0.0184563792452795,2,Chop,0.9746044081684482,0.94920882551439,0.11835307576720916,0.43263370160804016,0.3467136273537419,0.3467136273537419,0.35341418811309055,-0.003685106298796862,0.04307789594323952,8.615579188647904e-06,-0.00369372187798551,-0.010427160036986542,2.2065883615654944,1.6081008526152412
2023-12-08,0.01998568323480024,-1.2893273559580936,0.3412546973092966,0.0199259617881417,2,Chop,0.9935301167809274,0.9870603840994282,0.03906274014908816,0.433474535652685,0.34604108814406864,0.34604108814406864,0.3467136273537419,0.006929308729480457,0.006700560759348662,1.3401121518697324e-06,0.006927968617328587,0.01998568323480024,2.2218755364857827,1.6402398468652215
2023-12-09,-0.010026349184727985,-1.2250927738992683,-0.6200773359235556,0.0081493785738834,2,Chop,0.9993186677404585,0.9986377863473511,0.005652758683694425,0.4374019682977183,0.34293398491957006,0.34293398491957006,0.34604108814406864,-0.0034695287819956674,0.0006725392096732508,1.3450784193465015e-07,-0.003469663289837602,-0.010026349184727985,2.21416637650225,1.623794229413846
2023-12-10,0.001227688266422679,-1.280798150311794,-1.1109446114306871,-0.001370130684778,2,Chop,0.9996689489521959,0.9993380827188578,0.002985356219311981,0.4377137994060337,0.3426896757734074,0.3426896757734074,0.34293398491957006,0.0004210160294433281,0.0031071032244985863,6.214206448997173e-07,0.0004203946087984284,0.001227688266422679,2.215097200109914,1.6257877425363823
2023-12-11,-0.05966864669683699,0.5588087358276477,2.065945801439176,-0.0117817568834657,1,Bull,0.9822442145523627,0.9645077633573658,0.08932279369847641,0.4737865633341971,0.31659825670107444,0.31659825670107444,0.3426896757734074,-0.020447829190377066,0.00024430914616263566,4.8861829232527133e-08,-0.020447878052206298,-0.05966864669683699,2.169803162688283,1.5287791881229307
2023-12-12,0.004991678164292342,0.2329735209392524,0.2679185895510663,-0.0086979892432099,1,Bull,0.5661252263162483,0.1506162599045765,0.7604254661157529,0.44336911086555825,0.33831856194755106,0.33831856194755106,0.31659825670107444,0.0015803566048277749,0.026091419072332978,5.218283814466596e-06,0.0015751383210133082,0.004991678164292342,2.1732209027988896,1.5364103618143083
2023-12-13,0.03416274957103686,1.4187254645504217,0.4334381401670267,-0.0058625759759626,0,Bear,0.6894071328090494,0.3788409311901401,0.6198505381465242,0.45813863435927693,0.3274118110771869,0.6,0.33831856194755106,0.011557892307047507,0.021720305246476612,4.344061049295322e-06,0.011553548245998212,0.03416274957103686,2.1983293153485883,1.5888983642433165
2023-12-14,0.003101461159203954,1.6247627925614831,0.2768084282893637,-0.0032370139071762,0,Bear,0.9339691008584599,0.8679451608370664,0.24331963133328402,0.457961239417899,0.3275386366554963,0.6,0.6,0.0018608766955223724,0.2616814380524489,5.233628761048979e-05,0.0018085404079118826,0.003101461159203954,2.2023050827452932,1.5938262708059399
2023-12-15,-0.025761678809584642,1.7618963986066416,-0.5025507693417636,-0.0086348873223776,0,Bear,0.9793140852021366,0.9586302732556388,0.10071813672072057,0.47820519150843876,0.3136728807289684,0.6,0.6,-0.015457007285750784,0.0,0.0,-0.015457007285750784,-0.025761678809584642,2.1682640370358532,1.5527666303391592
2023-12-16,0.007374628549158558,1.6866912527344382,-1.1621398242240877,0.0047737677268214,0,Bear,0.9955143711832369,0.9910320714156301,0.02875611150927936,0.47430318776300556,0.31625340893755555,0.6,0.6,0.004424777129495135,0.0,0.0,0.004424777129495135,0.007374628549158558,2.1778581221576365,1.564217707461439
2023-12-17,-0.02094342240847231,1.524470115660858,-0.8533651201267587,-0.0004132523877315,2,Chop,1.0,1.0,1.8264287385487253e-148,0.4857035739661654,0.3088303402322692,0.3088303402322692,0.6,-0.012566053445083386,0.0,0.0,-0.012566053445083386,-0.02094342240847231,2.1504910405987947,1.5314576352752618
2023-12-18,0.029979669511789556,1.697950840777971,0.1760458284217881,-0.0012498683995809,1,Bull,0.8716283125829554,0.7479700637528057,0.40348103065380525,0.49547377110961344,0.30274054601129546,0.30274054601129546,0.3088303402322692,0.009258631535376956,0.2911696597677308,5.8233931953546164e-05,0.00920039760342341,0.029979669511789556,2.1702764132149035,1.5773702290521208
2023-12-19,-0.008316570718615267,1.6857960168242287,-0.0920581680649869,-0.0035334747751448,0,Bear,0.7654480502341996,0.5309043299304153,0.544810927113348,0.4988044952772146,0.3007190220221177,0.6,0.30274054601129546,-0.002517763160295138,0.006089794220973721,1.2179588441947443e-06,-0.0025189811191393325,-0.008316570718615267,2.164809527906702,1.5642519179927705
2023-12-20,0.032164737244750545,1.7477523452867687,0.431982246705994,0.0080518084357222,0,Bear,0.7756994348231265,0.5514058156913846,0.5323764658404672,0.5094311980970092,0.29444604209622044,0.6,0.6,0.019298842346850326,0.2972594539887045,5.945189079774091e-05,0.019239390456052587,0.032164737244750545,2.206459143677082,1.614565669919605
2023-12-21,0.0049565656400486135,1.483313952471701,-0.236355981933747,0.0075681958539002,0,Bear,0.9826131851718622,0.9652358661573708,0.08776773563421761,0.5028216417436717,0.2983165153350081,0.6,0.6,0.002973939384029168,0.0,0.0,0.002973939384029168,0.0049565656400486135,2.2130210194237145,1.6225683706427303
2023-12-22,0.0029305657871948458,1.337248093996844,-0.4609249561957476,0.0123429934930336,0,Bear,0.9954555959713333,0.9909269038919757,0.029150663686046588,0.4990644653400151,0.30056237303492295,0.6,0.6,0.0017583394723169074,0.0,0.0,0.0017583394723169074,0.0029305657871948458,2.216912261635234,1.6273234139971202
2023-12-23,-0.005889392398977758,1.203076387901962,-1.3835149760269192,0.0051691811108801,0,Bear,0.9982149315922265,0.9964643593819286,0.013250215251215046,0.5001933199404773,0.29988405286549985,0.6,0.6,-0.003533635439386655,0.0,0.0,-0.003533635439386655,-0.005889392398977758,2.209078501901509,1.617739467852047
2023-12-24,-0.016677702596480784,0.8522785978310099,-0.6458113220219441,0.003496954735307,0,Bear,0.998274750248157,0.9966728740469692,0.013144762711932833,0.465699768989077,0.32209592958487865,0.6,0.6,-0.01000662155788847,0.0,0.0,-0.01000662155788847,-0.016677702596480784,2.1869730893413135,1.5907592901286214
2023-12-25,0.013783631646973108,0.1611618844458642,-0.2435015402769582,-0.0001792663842483,0,Bear,0.986055673162968,0.9778194347067166,0.08286134903717884,0.4185590749203389,0.3583723516890617,0.6,0.6,0.008270178988183864,0.0,0.0,0.008270178988183864,0.013783631646973108,2.2050597482325074,1.6126857302227546
2023-12-26,-0.025374479539831175,0.4793148658830859,1.1228531852228714,-0.0062454754202243,0,Bear,0.8493632981429614,0.7087670819933546,0.4607021994120875,0.4310232424998027,0.3480090751720162,0.6,0.6,-0.015224687723898704,0.0,0.0,-0.015224687723898704,-0.025374479539831175,2.1714884021531287,1.5717646691570397
2023-12-27,0.021462391204340153,0.4800063177796892,0.4146175024157914,-0.0025391103367952,0,Bear,0.9605809778375083,0.9239628705332807,0.17619878036521303,0.4396658095327568,0.34116821628547495,0.6,0.6,0.012877434722604091,0.0,0.0,0.012877434722604091,0.021462391204340153,2.1994516023027475,1.6054984973676483
2023-12-28,-0.018938483263033618,0.3521823093493242,0.0738487509087168,-0.0051489285096064,0,Bear,0.9852440735529244,0.9737598319439984,0.08466614654341634,0.43740902426515593,0.34292845295544355,0.6,0.6,-0.01136308995782017,0.0,0.0,-0.01136308995782017,-0.018938483263033618,2.1744590358879097,1.5750927909464254
2023-12-29,-0.01247437935200907,0.6809937701222845,0.4799616451918212,-0.0043082638607121,0,Bear,0.9880983357762032,0.9770234581622977,0.06757007402603574,0.4384202272871267,0.3421374988288649,0.6,0.6,-0.007484627611205442,0.0,0.0,-0.007484627611205442,-0.01247437935200907,2.1581840197484676,1.555444485957545
2023-12-30,0.001364883236683238,0.8962903025387304,-1.153736621687944,-0.00679201354277,0,Bear,0.9982190393699636,0.996558836959901,0.013495470383989043,0.4384393935430435,0.3421225423834408,0.6,0.6,0.0008189299420099427,0.0,0.0,0.0008189299420099427,0.001364883236683238,2.1599514212626074,1.55756748606202
2023-12-31,0.0025653289520551383,-1.5409851587799477,-1.1611899910896577,-0.0012040518443928,2,Chop,0.9960928388955456,0.9922531716316172,0.025905341880220638,0.35320672538768866,0.42468047525243524,0.42468047525243524,0.6,0.0015391973712330829,0.0,0.0,0.0015391973712330829,0.0025653289520551383,2.163276012812206,1.5615631590287944
2024-01-01,0.044021664837326654,-1.9887185263682752,-0.6635183154821884,0.0033078028822044,2,Chop,0.9993541219956541,0.9987082441041204,0.005389580550739104,0.3977526723936875,0.3771187735767946,0.3771187735767946,0.42468047525243524,0.0186951415445193,0.17531952474756474,3.506390494951295e-05,0.018660077639569787,0.044021664837326654,2.2036429111671008,1.6303057690378768
2024-01-02,0.01774260401360504,-2.5289892646719743,2.8100825756530323,0.0106440203375322,2,Chop,0.9925942531049996,0.985188506210004,0.04370714019067513,0.37891687591606493,0.3958651871531501,0.3958651871531501,0.3771187735767946,0.006691069065669446,0.047561701675640666,9.512340335128133e-06,0.006681556725334318,0.01774260401360504,2.218366676280444,1.6592316387190118
2024-01-03,-0.04806495357875531,1.796160657556095,2.841199255338159,0.0035259054921829,1,Bull,0.9999595927105644,0.9999195711989513,0.00045136520841028275,0.43575949969569483,0.3442265747614221,0.3442265747614221,0.3958651871531501,-0.019027241843961443,0.018746413576355536,3.749282715271107e-06,-0.019030991126676715,-0.04806495357875531,2.176148959748436,1.5794807470275805
2024-01-04,0.030607357718285957,1.8709180028149983,0.8097992857120685,0.0093744003885034,1,Bull,0.9597413913845684,0.9194843657557115,0.16878279121561038,0.43877665843184815,0.3418595705069812,0.3418595705069812,0.3442265747614221,0.01053586590986315,0.05163861239172801,1.0327722478345602e-05,0.010525538187384805,0.030607357718285957,2.1990540987257057,1.627824479260999
2024-01-05,-0.0003900828451526924,2.0130412898673185,0.9413748540706416,0.0087833180290619,1,Bull,0.9552474143059748,0.9104960249425891,0.18277835379418805,0.4384118514964925,0.3421440353128776,0.3421440353128776,0.3418595705069812,-0.00013335355390604067,0.0023670042544409187,4.7340085088818377e-07,-0.00013382695475692885,-0.0003900828451526924,2.1987598060123275,1.6271894928567197
2024-01-06,-0.00393630412750998,1.7305650931981182,-1.0464418883496915,-0.0008082757639053,0,Bear,0.8101242673836866,0.6202559930711912,0.4861258466485087,0.42701793925034476,0.3512732984083382,0.6,0.3421440353128776,-0.0013467829784050004,0.00028446480589644496,5.689296117928899e-08,-0.0013468398713661796,-0.00393630412750998,2.1957984286380325,1.6207843801397468
2024-01-07,-0.0010484808007761193,1.0595171948733533,-0.6078857621600717,-0.0045664927267816,0,Bear,0.9945217529012347,0.9890905268680185,0.034258825200651655,0.40968460649082544,0.3661353090242582,0.6,0.6,-0.0006290884804656716,0.25785596468712235,5.157119293742447e-05,-0.000680659673403096,-0.0010484808007761193,2.1943038371967365,1.6190850188349724
2024-01-08,0.06662426635587362,1.721546417384204,1.8905924031492447,0.0183713512601441,1,Bull,0.9987874499154324,0.9975758541406241,0.009361899015705735,0.491935501798485,0.3049180216748121,0.3049180216748121,0.6,0.03997455981352417,0.0,0.0,0.03997455981352417,0.06662426635587362,2.282020167185803,1.7269553703826381
2024-01-09,-0.01784541710643821,1.7811615617617989,1.4240185918003505,0.0086807962951993,1,Bull,0.9898512663206114,0.9797049107802736,0.056706127837874466,0.48576767081908656,0.30878959019046,0.30878959019046,0.3049180216748121,-0.0054413892800569885,0.2950819783251879,5.9016395665037584e-05,-0.005500405675722026,-0.01784541710643821,2.269468130506102,1.6961371314739566
2024-01-10,0.01052203275194838,2.187993972779795,2.0532655656431027,0.0108632194146195,1,Bull,0.9998873500767246,0.9997747831585249,0.0011374511428385802,0.48682939477773157,0.3081161524120467,0.3081161524120467,0.30878959019046,0.003249094181444738,0.003871568515647905,7.743137031295811e-07,0.003248319867741608,0.01052203275194838,2.2768400889236315,1.7139839419231213
2024-01-11,-0.005574241147522551,2.4155563518748173,1.4727937404099662,0.010535632010617,1,Bull,0.9993774951542819,0.9987550260952044,0.005217877091234589,0.4882229986483206,0.30723665295425545,0.30723665295425545,0.3081161524120467,-0.0017175137349915606,0.0006734377784132772,1.3468755568265545e-07,-0.0017176484225472433,-0.005574241147522551,2.2729292781364996,1.7044297821078604
2024-01-12,-0.07884262883299366,2.5123176744829365,1.144080427952145,-0.0050231975958264,1,Bull,0.999986112438334,0.9999722251811435,0.0001692167052925964,0.599461381776984,0.2502246259056002,0.2502246259056002,0.30723665295425545,-0.02422334539276365,0.0008794994577912552,1.7589989155825105e-07,-0.024223521292655207,-0.07884262883299366,2.2178709273708606,1.5700480574252302
2024-01-13,-0.0002517086641866489,2.062373430116028,-0.8258672549672155,-0.0183983925998385,1,Bull,0.8502262578146002,0.7004532663214678,0.4223263317925724,0.5953139553609799,0.25196788795089586,0.25196788795089586,0.2502246259056002,-6.298370633330256e-05,0.05701202704865527,1.1402405409731055e-05,-7.438611174303361e-05,-0.0002517086641866489,2.2177059485762256,1.569652862725987
2024-01-14,-0.024720775355358247,1.789860325582718,-1.0612785389452493,-0.0197734642496225,1,Bull,0.6732864422936208,0.34657544494376324,0.631859421679255,0.6006374796390148,0.24973466539275987,0.24973466539275987,0.25196788795089586,-0.006228841554798175,0.0017432620452956793,3.4865240905913586e-07,-0.006229190207207234,-0.024720775355358247,2.2038914363988895,1.530849826920643
2024-01-15,0.01697856404641987,1.5431208608652114,-0.6121075967159584,-0.0184821579907282,0,Bear,0.7277488620720759,0.45550642606675534,0.5855838145016448,0.596383579438913,0.2515159792647583,0.6,0.24973466539275987,0.004240136010982209,0.002233222558135989,4.4664451162719776e-07,0.004239689366470582,0.01697856404641987,2.213235251486646,1.556841458752466
2024-01-16,0.015011364505806485,1.3800310638961764,-0.4587719533530339,-0.0143650368600624,0,Bear,0.9631031048892416,0.9262205185881893,0.15808040037714416,0.5925460630894842,0.2531448765652292,0.6,0.6,0.00900681870348389,0.3502653346072401,7.005306692144801e-05,0.008936765636562443,0.015011364505806485,2.23301441622776,1.5802117733675507
2024-01-17,-0.009599712825861542,1.2200532994358,-0.7162543048620101,-0.000516453658636,0,Bear,0.9978429014432296,0.9957068909702529,0.015515755784750016,0.5882401970135336,0.25499787461234813,0.6,0.6,-0.005759827695516925,0.0,0.0,-0.005759827695516925,-0.009599712825861542,2.220152637948683,1.5650421941391768
2024-01-18,-0.03525390600438047,1.143942871548974,-0.3465525582849676,-0.0075168931266747,0,Bear,0.9936492925507285,0.9873322336451662,0.03866981799914327,0.6054188732861339,0.24776234540859252,0.6,0.6,-0.02115234360262828,0.0,0.0,-0.02115234360262828,-0.03525390600438047,2.1731912065005106,1.5098683437341047
2024-01-19,0.008599127738074015,1.126438300623236,-0.3538707982199,-0.0008529125079883,0,Bear,0.9980826086219862,0.9961998634288346,0.014085651461600176,0.6067500957127862,0.2472187496300036,0.6,0.6,0.005159476642844408,0.0,0.0,0.005159476642844408,0.008599127738074015,2.1844037357708848,1.5228518944895484
2024-01-20,0.0011329834535463317,1.0069497388821604,-1.5136886391577145,-0.004022028626563,0,Bear,0.9982903063588974,0.9966773063598744,0.012973104457748432,0.6066354509969808,0.24726547014929817,0.6,0.6,0.0006797900721277991,0.0,0.0,0.0006797900721277991,0.0011329834535463317,2.1858886717439807,1.5245772604882066
2024-01-21,-0.002879434924556738,0.8764281874319002,-1.5832466235543194,-0.0076001885126356,0,Bear,0.9976409043185259,0.9954897666649712,0.017331183059612485,0.5723088229426049,0.2620962564035869,0.6,0.6,-0.001727660954734043,0.0,0.0,-0.001727660954734043,-0.002879434924556738,2.1821121972344133,1.5201873394791718
2024-01-22,-0.05030891028125471,0.7828551405362925,0.2106058821228589,-0.0157420280037143,0,Bear,0.9002908320777512,0.8009491333550951,0.32686933805751045,0.5980501443860089,0.25081508868123126,0.6,0.6,-0.030185346168752826,0.0,0.0,-0.030185346168752826,-0.05030891028125471,2.116244385181835,1.4437083710066148
2024-01-23,0.008523584257922188,-0.2278949608182195,0.116563688073304,-0.0069865299512537,0,Bear,0.772627408347326,0.6276895183062718,0.6849822854161495,0.5706597815022267,0.2628536386516222,0.6,0.6,0.005114150554753312,0.0,0.0,0.005114150554753312,0.008523584257922188,2.127067177578306,1.456013940950757
2024-01-24,0.005793705727985713,-0.4588215971531208,-0.4413370882581974,-0.0075476143532714,2,Chop,0.694654768941302,0.42767580321725723,0.7307553980061084,0.551585151162828,0.27194350624518526,0.27194350624518526,0.6,0.0034762234367914278,0.0,0.0,0.0034762234367914278,0.005793705727985713,2.1344613383526334,1.4644496572604706
2024-01-25,-0.003581157289492955,-0.7551393734230066,-0.7079060761757626,-0.0084904425018793,2,Chop,0.9925285518268941,0.9884235624480052,0.049170909387964416,0.551255254638212,0.2721062497598227,0.2721062497598227,0.27194350624518526,-0.0009738724697202181,0.3280564937548147,6.561129875096295e-05,-0.0010394837684711811,-0.003581157289492955,2.1322426004369865,1.459205232695277
2024-01-26,0.04607657449481696,-0.632671452391071,-0.1461098198481785,0.0013007593819954,2,Chop,0.9883749315546831,0.9768589303138063,0.06395994816230749,0.5929906675968484,0.2529550770299462,0.2529550770299462,0.2721062497598227,0.012537723887563742,0.0001627435146374645,3.2548702927492905e-08,0.012537691338860815,0.04607657449481696,2.1589760000208353,1.5264404113027876
2024-01-27,0.007224112855396914,-0.8142647823635957,-1.3005146744231058,0.0128073640093257,2,Chop,0.9982596756633446,0.9965328911689312,0.012875518690775706,0.5944396318626177,0.2523384915134104,0.2523384915134104,0.2529550770299462,0.0018273760238099509,0.019151172729876542,3.830234545975309e-06,0.0018235457892639756,0.007224112855396914,2.162912991614795,1.5374675891010774
2024-01-28,-0.002007256017307645,-1.6062292872658994,-0.7608552341238491,0.0107011959542798,2,Chop,0.9996707526307786,0.9993415116753439,0.002969405416968844,0.5079896704786243,0.29528159471957577,0.29528159471957577,0.2523384915134104,-0.0005065079554886272,0.0006165855165357614,1.233171033071523e-07,-0.0005066312725919344,-0.002007256017307645,2.1618171922533476,1.5343814980314388
2024-01-29,0.029364415736914624,-1.9541527229554465,-0.3595923935283534,0.0154153379560655,2,Chop,0.9992154482628003,0.9984308966314767,0.006394102879628794,0.5257630147692794,0.28529964220823806,0.28529964220823806,0.29528159471957577,0.008670771506804757,0.042943103206165345,8.58862064123307e-06,0.008662182886163524,0.029364415736914624,2.1805432481390987,1.5794377142386637
2024-01-30,-0.007783744989935841,-2.2898645228537307,0.0574601548486497,0.014574820415977,2,Chop,0.9995542360169282,0.9991084720357575,0.003885055149051645,0.5223969186174007,0.2871379877143931,0.2871379877143931,0.28529964220823806,-0.0022206996606688612,0.00998195251133771,1.9963905022675423e-06,-0.0022226960511711287,-0.007783744989935841,2.175696563272052,1.5671437738435428
2024-01-31,-0.008651552809046921,-2.42229570938846,0.3193489024810531,0.0036291949552042,2,Chop,0.9997421759600674,0.9994843519204771,0.0023882509794707226,0.5227284998407943,0.28695584810410185,0.28695584810410185,0.2871379877143931,-0.0024841894641945378,0.0018383455061550258,3.676691012310052e-07,-0.0024845571332957686,-0.008651552809046921,2.170290920855887,1.5535855467247661
2024-02-01,0.011514890294239742,-2.5492128978616524,0.0462615069940619,0.0044873504429727,2,Chop,0.9997870170501085,0.9995740341003058,0.0020135816910643706,0.404127946466316,0.37116957961357533,0.37116957961357533,0.28695584810410185,0.003304265110209256,0.00018213961029123205,3.642792205824641e-08,0.003304228682287198,0.011514890294239742,2.177462058365487,1.5714749138580182
2024-02-02,0.002552374530244358,-2.098028315477603,-0.4268670113923779,0.0053992765524831,2,Chop,0.9998279097105911,0.9996558194502126,0.0016636670456617612,0.4042373892047462,0.3710690896136404,0.3710690896136404,0.37116957961357533,0.0009473637814071951,0.08421373150947348,1.6842746301894695e-05,0.0009305210351053004,0.002552374530244358,2.1794882326139398,1.5754859064030673
2024-02-03,-0.004493245492150753,-1.8466543847505208,-1.56379145545549,-0.0013722556933298,2,Chop,0.9998777496522918,0.9997554995897273,0.001223653979853234,0.389040543936219,0.38556392730263006,0.38556392730263006,0.3710690896136404,-0.0016673045141829734,0.00010048999993494956,2.0097999986989914e-08,-0.0016673246121829603,-0.004493245492150753,2.1758543182417394,1.5684068614561746
2024-02-04,-0.009551086228745845,-1.7288616380755444,-0.8903404866416065,-0.0017257239410918,2,Chop,0.9998060855747627,0.9996121729345713,0.0018515167645787756,0.3851349916028589,0.3894738293597484,0.3894738293597484,0.38556392730263006,-0.003682554316361314,0.014494837688989681,2.8989675377979364e-06,-0.003685453283899112,-0.009551086228745845,2.1678353087992894,1.55342687228065
2024-02-05,0.0017617075316479283,-1.5342954408403533,-0.223172392963222,0.000356928127047,2,Chop,0.9996666543739833,0.9993333209242137,0.0030023019626155313,0.37938618951951913,0.39537548846986326,0.39537548846986326,0.3894738293597484,0.0006861389785628287,0.003909902057118331,7.819804114236662e-07,0.0006853569981514051,0.0017617075316479283,2.1693210498990143,1.5561635561014109
2024-02-06,0.009936804708699247,-1.3999174863262551,-0.4966217129042877,4.1311009938986914e-05,2,Chop,0.9996294486178533,0.9992589502189629,0.0032985527753059607,0.37964178381351066,0.3951093014400219,0.3951093014400219,0.39537548846986326,0.003928769015531602,0.005901659110114865,1.1803318220229732e-06,0.0039275886837095795,0.009936804708699247,2.1778412507059306,1.5716268494531855
2024-02-07,0.02822864621028068,-1.393525274779881,0.2345982783517527,0.0051765653459462,2,Chop,0.9989099072922554,0.9978198432611186,0.00852588869820474,0.36154864901926465,0.41488192642093774,0.41488192642093774,0.3951093014400219,0.011153400684741521,0.00026618702984138043,5.323740596827609e-08,0.011153347447335553,0.02822864621028068,2.2021314708601936,1.6159917477609778
2024-02-08,0.021945671282114807,-1.414952140921039,1.049327527974085,0.0104643487007993,2,Chop,0.9976273642423903,0.9952547331602862,0.016709511321526673,0.369521085657739,0.40593082728419533,0.40593082728419533,0.41488192642093774,0.009104862378124442,0.019772624980915865,3.954524996183173e-06,0.009100907853128259,0.021945671282114807,2.222172866456966,1.6514557714519504
2024-02-09,0.0399329954084116,-1.0138708062905886,2.515970082357668,0.0203611650282308,2,Chop,0.8183118657387186,0.6366237320927993,0.47394366722885184,0.39923483385182934,0.3757187181108312,0.3757187181108312,0.40593082728419533,0.016210033862072495,0.008951099136742413,1.7902198273484828e-06,0.016208243642245147,0.0399329954084116,2.258190385691687,1.717403347190536
2024-02-10,0.013149960695064189,-0.8897718093812915,-0.7432516826003788,0.0226388156609141,2,Chop,0.9717119771770129,0.9434769872344152,0.12912584382031367,0.39811840324346925,0.37677233400403126,0.37677233400403126,0.3757187181108312,0.0049406863755573315,0.030212109173364143,6.042421834672829e-06,0.004934643953722659,0.013149960695064189,2.269333751224795,1.7399871337036632
2024-02-11,0.010881064258583886,-0.96413053861066,-0.2397470040177763,0.022827667570891,2,Chop,0.9895963706132458,0.9791974282012015,0.0578889387064723,0.303548239072849,0.4941553950639169,0.4941553950639169,0.37677233400403126,0.004099683977154495,0.0010536158932000772,2.1072317864001546e-07,0.004099473253975855,0.010881064258583886,2.2786368242422856,1.7589200455146021
2024-02-12,0.03388147853165121,-0.901612950258831,1.9554685644930545,0.0239582340351651,2,Chop,0.8300604455712883,0.6601209156329795,0.4557907662131091,0.3199974860929682,0.46875368250993327,0.46875368250993327,0.4941553950639169,0.016742715409157723,0.11738306105988566,2.3476612211977135e-05,0.016719238796945746,0.03388147853165121,2.3167338974383065,1.8185148572755963
2024-02-13,-0.004328588760117502,-0.6511355476154599,1.823209935309592,0.0187033820267186,2,Chop,0.8104210357877352,0.6208460461821058,0.485658673781856,0.32621033012737616,0.4598260267890018,0.4598260267890018,0.46875368250993327,-0.0020290419213761855,0.025401712553983657,5.080342510796732e-06,-0.0020341222638869823,-0.004328588760117502,2.3120213774380254,1.8106432543042863
2024-02-14,0.041046849510408934,-0.4353035547536596,1.9268043406771749,0.0189261528471181,1,Bull,0.6491099679603096,0.2982263832699395,0.6480726162310525,0.3436533103353783,0.4364864108354199,0.4364864108354199,0.4598260267890018,0.018874409722577423,0.00892765572093146,1.7855311441862922e-06,0.01887262419143324,0.041046849510408934,2.355655288016973,1.8849644554807512
2024-02-15,0.0021560092291083846,-0.4752490118637441,1.6508282578582454,0.0167273625539269,1,Bull,0.6175990877701247,0.23532265154481952,0.6663512773801945,0.31232005790585854,0.48027655029832866,0.48027655029832866,0.4364864108354199,0.0009410687301415593,0.023339615953581916,4.6679231907163835e-06,0.0009364008069508429,0.0021560092291083846,2.35786112552957,1.889028456243309
2024-02-16,0.0042584326097615645,-0.4080727249830633,0.444361575996247,0.0154028362241625,2,Chop,0.688390528795514,0.38427885300845954,0.6557345887186972,0.3132349332445642,0.47887379113901263,0.47887379113901263,0.48027655029832866,0.002045225323494193,0.04379013946290877,8.758027892581755e-06,0.0020364672956016115,0.0042584326097615645,2.362662832599282,1.8970727566221433
2024-02-17,-0.00957802949778828,-0.2175302376642714,-0.5138860866862736,0.0067109346182746,2,Chop,0.896239723211457,0.8353290623900912,0.4036086599000404,0.3207108225327471,0.4677110638655913,0.4677110638655913,0.47887379113901263,-0.004586667297247166,0.001402759159316036,2.8055183186320723e-07,-0.004586947849079029,-0.00957802949778828,2.3518254214011916,1.878902537799766
2024-02-18,0.008855834280713763,-0.1136585968068508,-0.7668264662314916,0.0093478192264408,1,Bear,1.0,1.0,7.442826108896585e-20,0.3090602881013131,0.4853421994831911,0.6,0.4677110638655913,0.004141971672850008,0.011162727273421325,2.232545454684265e-06,0.004139739127395323,0.008855834280713763,2.3615613651189693,1.895541787304133
2024-02-19,-0.006610163694046543,-0.1367410732325029,-0.3206025093700899,-0.0001835834144502,1,Bear,0.9933391158054118,0.9869195718539447,0.0410573253757526,0.3078534172767758,0.48724487558682,0.6,0.6,-0.003966098216427925,0.13228893613440867,2.6457787226881736e-05,-0.003992556003654807,-0.006610163694046543,2.3521326991126643,1.883011945801147
2024-02-20,0.009719679337319471,0.3676526007562228,0.9721554266425984,0.0013291506071919,1,Bear,0.9262542423782002,0.8744538942921155,0.3081185610080004,0.29703664418633746,0.5049881990516355,0.6,0.6,0.005831807602391682,0.0,0.0,0.005831807602391682,0.009719679337319471,2.365849884469184,1.9013142181026763
2024-02-21,-0.00856090431522995,0.8398418265906876,0.4062207876412775,-0.0012347167778063,1,Bear,0.9420737715492703,0.8890652577168592,0.238054407799248,0.3076046617778671,0.4876389035622634,0.6,0.6,-0.005136542589137969,0.0,0.0,-0.005136542589137969,-0.00856090431522995,2.353697595778101,1.8850372490083132
2024-02-22,-0.010358547640014263,0.9742016006989086,0.0121867180239533,-0.0013908204062515,1,Bear,0.9270913209313849,0.8556011771635361,0.2680917137316897,0.3177887997487558,0.47201160053025837,0.6,0.6,-0.006215128584008558,0.0,0.0,-0.006215128584008558,-0.010358547640014263,2.3390690625724684,1.865511000861259
2024-02-23,-0.011231806115512574,1.1612634771766623,-0.5289598899286662,-0.0054083484854967,1,Bear,0.8791691408542885,0.7589272266657676,0.37230009888090543,0.3243637624656837,0.46244376640522333,0.6,0.6,-0.006739083669307544,0.0,0.0,-0.006739083669307544,-0.011231806115512574,2.3233058804515037,1.8445579429932295
2024-02-24,0.016405594130217752,1.0064076876364876,-1.2883594590463694,-0.0008051969206439,1,Bear,0.8733455895215723,0.7474941587447684,0.38484124931626357,0.3157979201933884,0.47498729538225887,0.6,0.6,0.00984335647813065,0.0,0.0,0.00984335647813065,0.016405594130217752,2.346175008440525,1.8748190119556456
2024-02-25,0.0031390133682369275,0.3075478518619047,-1.213054529389942,-0.0021213301144604,1,Bear,0.9900969760731184,0.9821931333550452,0.060536582105261895,0.3151975654353187,0.4758920006023375,0.6,0.6,0.0018834080209421565,0.0,0.0,0.0018834080209421565,0.0031390133682369275,2.3505938132699558,1.8807040938971993
2024-02-26,0.052511187656945416,2.378441967878212,0.8990697805069354,0.0100930882799746,2,Chop,0.9998857904506707,0.9998228311748978,0.0012295001850849707,0.3645666327978443,0.4114474186757965,0.4114474186757965,0.6,0.03150671259416725,0.0,0.0,0.03150671259416725,0.052511187656945416,2.42465329697028,1.9794620994990209
2024-02-27,0.045936216440473146,2.2980364193278136,2.235683381095304,0.0213520410960721,2,Chop,0.9999998211237386,0.9999996422685218,2.9582114506111865e-06,0.3870752991951512,0.38752149856086454,0.38752149856086454,0.4114474186757965,0.01890033767816536,0.1885525813242035,3.77105162648407e-05,0.01886262716190052,0.045936216440473146,2.4703886281079033,2.0703910989373213
2024-02-28,0.09069529297704289,3.663491757482865,3.335055810753978,0.0417374609145832,2,Chop,0.9999999956928818,0.999999991385763,8.727513368815705e-08,0.5105094779212819,0.29382412371808947,0.29382412371808947,0.38752149856086454,0.035146375846880316,0.023925920114931942,4.785184022986389e-06,0.03514159066285733,0.09069529297704289,2.557202014055049,2.2581658262325033
2024-02-29,-0.02112241427001975,2.644634859940907,1.9114470397796963,0.0342318592345357,2,Chop,0.9999999754236345,0.9999999508474074,4.5519219470640987e-07,0.5222377854714123,0.2872254826689692,0.2872254826689692,0.29382412371808947,-0.0062062748636990215,0.09369737484277507,1.8739474968555014e-05,-0.006225014338667577,-0.02112241427001975,2.5412833948506863,2.210467912160419
2024-03-01,0.0200954657884248,2.234990511930602,0.4007252182165965,0.0376231497185733,2,Chop,0.9999998714625715,0.9999997429257423,2.1680542358964537e-06,0.5231074582247013,0.2867479666779428,0.2867479666779428,0.2872254826689692,0.005771929860538071,0.00659864104912028,1.319728209824056e-06,0.005770610132328247,0.0200954657884248,2.5559481505581294,2.2548882944656494
2024-03-02,-0.006600547312091193,1.907258856896038,-0.5693097493992879,0.0258008027247659,2,Chop,0.9999988121164541,0.9999981781740177,1.821526090836892e-05,0.5300034080553888,0.2830170480419326,0.2830170480419326,0.2867479666779428,-0.0018926935207037102,0.0004775159910264115,9.550319820528231e-08,-0.0018927890239019154,-0.006600547312091193,2.5511102799530905,2.2400047975945485
2024-03-03,0.01817220465901261,1.5050357993405237,-0.4037760390934506,0.0202480003684738,2,Chop,0.9999729131162413,0.9999513227565437,0.00032560801565887694,0.5220264135854007,0.28734178213275563,0.28734178213275563,0.2830170480419326,0.005143043719007603,0.003730918636010161,7.461837272020322e-07,0.005142297535280401,0.01817220465901261,2.5642288480579216,2.280710623213607
2024-03-04,0.0785670808490068,1.639206712049862,1.882994072467308,0.0178223579428666,2,Chop,0.9999960842093074,0.9999921684186605,5.2669309321954674e-05,0.5888753760132179,0.2547228261020598,0.2547228261020598,0.28734178213275563,0.02257560502812191,0.0043247340908230125,8.649468181646025e-07,0.022574740081303744,0.0785670808490068,2.62211564781181,2.459899399140819
2024-03-05,-0.06858298181492034,3.1546534610692207,2.659836675688813,0.0083302444338865,2,Chop,0.9999999949101834,0.9999999898209566,1.0229071334750256e-07,0.6782982748667733,0.22114165044789766,0.22114165044789766,0.2547228261020598,-0.017469650950402683,0.03261895603069581,6.523791206139162e-06,-0.017476174741608824,-0.06858298181492034,2.576291096557944,2.291192163383011
2024-03-06,0.03549970020086634,2.599602284712262,1.1535090172461142,0.0114110913163748,2,Chop,0.999998668188971,0.9999973701930767,1.9507441041096197e-05,0.6854386193766081,0.21883797580069506,0.21883797580069506,0.22114165044789766,0.007850462292825147,0.03358117565416216,6.716235130832432e-06,0.007843746057694315,0.03549970020086634,2.5964988696900435,2.372528798285682
2024-03-07,0.012308140052515397,2.1728803168196085,0.2566842279663222,0.0151928287892961,2,Chop,0.9999280691917124,0.9998563638766635,0.0007596593165642864,0.6845404635394439,0.21912510361245702,0.21912510361245702,0.21883797580069506,0.00269348845496393,0.0023036746472026026,4.6073492944052056e-07,0.0026930277200344897,0.012308140052515397,2.603491313121157,2.401730215013608
2024-03-08,0.020331312236987975,1.9208018529896171,0.6678997178680381,0.0156246503048912,2,Chop,0.9999812196540281,0.9999633093666654,0.00022668344509259655,0.6779329693446281,0.2212608130638758,0.2212608130638758,0.21912510361245702,0.004455100900507205,0.00028712781176196134,5.742556235239227e-08,0.004455043474944853,0.020331312236987975,2.615089980107753,2.450560541924058
2024-03-09,0.002906296632019191,1.6607337749506874,-0.8485077452967611,0.0004924934614937,2,Chop,0.9759543513873163,0.9519108831810481,0.11341408099361058,0.6792683596242929,0.22082583102054956,0.22082583102054956,0.2212608130638758,0.0006430495558053701,0.002135709451418777,4.271418902837554e-07,0.0006426224139150864,0.002906296632019191,2.616770495543375,2.457682597773611
2024-03-10,0.007575825657206857,1.4872039963744388,-0.3163470180118006,0.0157242549559191,2,Chop,0.9992462636785799,0.9985013810560376,0.006221318225713822,0.6738171659090693,0.22261231620246716,0.22261231620246716,0.22082583102054956,0.0016729379964195053,0.0004349820433262319,8.69964086652464e-08,0.00167285100001084,0.007575825657206857,2.6211479626836436,2.4763015726550957
2024-03-11,0.04399229858274628,1.4614791678700263,0.8358722404742994,0.0174227746322951,2,Chop,0.9999907944209047,0.9999817861762075,0.00011690417192657026,0.6850856670834943,0.21895071989839027,0.21895071989839027,0.22261231620246716,0.009793227482575663,0.0017864851819175964,3.572970363835193e-07,0.00979287018553928,0.04399229858274628,2.646816524419295,2.585239770820263
2024-03-12,-0.008949836049347838,1.408382293295669,0.6401738522077254,0.0131711794119224,2,Chop,0.9996255495633021,0.9992625189969654,0.0033799138794395585,0.6853564062728742,0.21886422688559154,0.21886422688559154,0.21895071989839027,-0.001959573045977274,0.0036615963040768917,7.323192608153784e-07,-0.0019603053652380896,-0.008949836049347838,2.641627955785675,2.562102298723168
2024-03-13,0.02216689906407544,1.2684768118687235,0.0147496879806107,0.0135382967773399,2,Chop,0.999521427731828,0.9990640713459601,0.004223849155015046,0.6752779573404394,0.22213075129946516,0.22213075129946516,0.21886422688559154,0.004851541226109814,8.649301279872734e-05,1.7298602559745468e-08,0.004851523927507254,0.02216689906407544,2.6544438770207415,2.6188961617708
2024-03-14,-0.0233524614583823,1.3546447583183916,0.4177963240689985,0.0082865451592596,2,Chop,0.99902608296241,0.998065957096432,0.007799169171624116,0.6871319582947581,0.21829868075449735,0.21829868075449735,0.22213075129946516,-0.005187299808442264,0.0032665244138736227,6.533048827747246e-07,-0.005187953113325039,-0.0233524614583823,2.6406727466448054,2.5577384900895423
2024-03-15,-0.028308923292000562,1.583618434910596,1.110483430841386,0.0011095953694182,2,Chop,0.9998347241623808,0.9996742108119795,0.0016260517849883973,0.7140069149166878,0.21008199902027894,0.21008199902027894,0.21829868075449735,-0.006179800608223985,0.003832070544967814,7.664141089935628e-07,-0.006180567022332979,-0.028308923292000562,2.6243518917501194,2.4853316673726003
2024-03-16,-0.060717725206296765,1.568077184901152,-0.3612502316207088,-0.0198324093883904,2,Chop,0.999997846771338,0.9999956993756812,3.0290026498210987e-05,0.7829133721320708,0.19159207817783483,0.19159207817783483,0.21008199902027894,-0.012755701087302803,0.008216681734218412,1.6433363468436824e-06,-0.012757344423649647,-0.060717725206296765,2.5908721307782066,2.3344279821465634
2024-03-17,0.046012240704610304,1.3938791264550363,-0.4963568857456494,-0.0088399940375987,2,Chop,0.9999431457214683,0.9998944691616151,0.0006360207281955402,0.7768673028345534,0.19308316806833734,0.19308316806833734,0.19159207817783483,0.008815580818215051,0.018489920842444107,3.6979841684888216e-06,0.008811882834046563,0.046012240704610304,2.6137025924326207,2.441840244368669
2024-03-18,-0.012388507554368627,1.2820816362235323,-0.2762236737763254,-0.0157510753612875,2,Chop,0.9990214426693648,0.9980563805685538,0.007830135908694707,0.7668499808842082,0.19560540358499337,0.19560540358499337,0.19308316806833734,-0.0023920122862360243,0.001491089890502506,2.982179781005012e-07,-0.002392310504214125,-0.012388507554368627,2.6074498042658525,2.411589488054746
2024-03-19,-0.08712073185700822,1.0582992886022198,0.972747929424594,-0.0285047294410127,2,Chop,0.9999746532869379,0.99994930657389,0.0002935871454795327,0.7765101496417556,0.19317197601242272,0.19317197601242272,0.19560540358499337,-0.01704128591551008,0.002522235516656035,5.04447103331207e-07,-0.017041790362613413,-0.08712073185700822,2.563014191320516,2.201490046916749
2024-03-20,0.09251085296877404,1.1501489066940525,0.6012313359935403,-0.0043407741888578,2,Chop,0.9999692822470644,0.9999385644954086,0.00034989533220683216,0.8651476074288047,0.17338081815402107,0.17338081815402107,0.19317197601242272,0.017870504270572785,0.0024334275725706456,4.866855145141291e-07,0.01787001758505827,0.09251085296877404,2.608815299990168,2.405151768959284
2024-03-21,-0.03631867422621332,1.1069504330127886,-0.5143319936450199,0.0005390360071588,2,Chop,0.997648823390616,0.9953342230600873,0.01676827208336879,0.8799368551139052,0.17046677739231975,0.17046677739231975,0.17338081815402107,-0.006296961451610223,0.01979115785840166,3.958231571680332e-06,-0.006300919683181904,-0.03631867422621332,2.592377364316674,2.3177998453978508
2024-03-22,-0.02649844665215931,1.1885685107707509,-0.7506267766240675,-0.013963101464195,2,Chop,0.999135757745549,0.9982918209202717,0.007056167449214019,0.8879099363006709,0.16893605293454655,0.16893605293454655,0.17046677739231975,-0.004517104806695902,0.0029140407617013198,5.82808152340264e-07,-0.004517687614848242,-0.02649844665215931,2.5806658132048876,2.2563817498441927
2024-03-23,0.0044342886654000135,1.243476880346161,-1.6104820543907656,-0.0105985422202413,2,Chop,0.9895856854581807,0.9791856504881781,0.058005208169581934,0.884856165501854,0.1695190764873364,0.1695190764873364,0.16893605293454655,0.0007491112247050765,0.0015307244577731915,3.061448915546383e-07,0.0007488050798135219,0.0044342886654000135,2.5825982288751166,2.2663871978623424
2024-03-24,0.04832709315067971,1.1417832974862543,-1.3231935837631588,0.0164910227812962,2,Chop,0.9999635153975529,0.9999296067194282,0.000418616960983429,0.8421360382868099,0.17811849057683224,0.17811849057683224,0.1695190764873364,0.008192364200220705,0.0005830235527898575,1.166047105579715e-07,0.008192247595510148,0.04832709315067971,2.6037555130057872,2.3759151030889436
2024-03-25,0.0397250476948794,-0.3248079751473249,-0.4788403016098216,0.0059338617265173,2,Chop,0.836031699381524,0.7537979936453982,0.5598454355016845,0.8007791571200914,0.18731756273409694,0.18731756273409694,0.17811849057683224,0.007075765533504588,0.008599414089495827,1.7198828178991656e-06,0.007074045650686689,0.0397250476948794,2.622174598368017,2.470298443878136
2024-03-26,0.0004147786065640333,-0.6574235474603122,-0.8057580573188747,0.0132805522930727,1,Bear,0.6315516087091336,0.30787810235737734,0.7944315219880191,0.788713142645954,0.19018321350241985,0.6,0.18731756273409694,7.769531765581962e-05,0.009199072157264704,1.8398144314529408e-06,7.585550322436669e-05,0.0004147786065640333,2.6223735047417183,2.4713230708244853
2024-03-27,-0.007637444542951766,-0.6417315294880602,-0.4802843533525237,0.0170527527149142,0,Bull,0.7643954638523119,0.5311322450082032,0.5590866743377482,0.7887221305839629,0.1901810462563556,0.1901810462563556,0.6,-0.00458246672577106,0.41268243726590303,8.253648745318061e-05,-0.00466500321322424,-0.007637444542951766,2.610140123915824,2.452448477923346
2024-03-28,0.018397189971880865,-0.8702724444831148,-0.8017891842280472,0.0198453329762104,0,Bull,0.9909181536992477,0.9821125093017425,0.05297528388895233,0.7878945941294593,0.1903807960070271,0.1903807960070271,0.1901810462563556,0.003498796837029236,0.4098189537436444,8.196379074872888e-05,0.003416833046280507,0.018397189971880865,2.6190585369466426,2.4975666384679522
2024-03-29,-0.012118158012204417,-0.8889245203883249,-1.4069785016928993,0.0077562827436336,0,Bull,0.537155585219689,0.07444682087694593,0.6916227144065815,0.7900854202462597,0.18985288951825852,0.18985288951825852,0.1903807960070271,-0.00230706456850241,0.00019974975067149625,3.994995013429925e-08,-0.0023071045184525443,-0.012118158012204417,2.6130160951619614,2.4673007312969872
2024-03-30,-0.0035477570486820652,-1.019539463437615,-1.7272898988125638,-0.0008982782050786,1,Bear,0.9350911300183034,0.8701925396217922,0.24036629715910154,0.7897378395121365,0.18993644788840694,0.6,0.18985288951825852,-0.000673551927001059,0.0005279064887685758,1.0558129775371517e-07,-0.0006736575082988127,-0.0035477570486820652,2.6112558172501497,2.45854734773631
2024-03-31,0.023952858696302474,-1.5167858547667226,-1.3928853538429056,0.003809337812869,1,Bear,0.9275937672284269,0.8551885459733896,0.2598314359355495,0.7729752408619314,0.19405537470092518,0.6,0.6,0.014371715217781484,0.41014711048174146,8.20294220963483e-05,0.014289685795685136,0.023952858696302474,2.6485698424108093,2.517436584954807
2024-04-01,-0.023137002333257977,-1.59780119545105,-0.4713254982992247,0.0007094262548077,1,Bear,0.9411423120828916,0.8822850783373175,0.22381857376544356,0.7782943925553134,0.19272912850819426,0.6,0.6,-0.013882201399954787,0.0,0.0,-0.013882201399954787,-0.023137002333257977,2.611801862436616,2.4591906488148783
2024-04-02,-0.06299090436988572,-1.3071142301733587,0.4555379253920195,-0.0155681926135455,0,Bull,0.9999177136992002,0.999860300290879,0.0009066339469306771,0.8132885984459449,0.184436373861166,0.184436373861166,0.6,-0.03779454262193143,0.0,0.0,-0.03779454262193143,-0.06299090436988572,2.5130900056267156,2.304284005828063
2024-04-03,0.00812374307331999,-1.5684760993033555,-0.4354949296210154,-0.0115198123964406,0,Bull,0.7233277252925825,0.44665877950098076,0.5898239156672126,0.8111421676222702,0.18492442630581063,0.18492442630581063,0.184436373861166,0.0014983137146229032,0.415563626138834,8.311272522776681e-05,0.0014152009893951365,0.00812374307331999,2.5166465330891175,2.323003417059371
2024-04-04,0.03759886271186141,-1.9373489855878536,-0.3570087217544462,-0.0032904884443319,0,Bull,0.854706482912454,0.7094133974758797,0.41446351549452826,0.8219059668454166,0.1825026293162462,0.1825026293162462,0.18492442630581063,0.006952948116741906,0.00048805244464464326,9.761048892892865e-08,0.006952850506252977,0.03759886271186141,2.5341444002107663,2.4103457036165707
2024-04-05,-0.009845630418288566,-1.7855095928367133,-0.3609274412077511,-0.0100501862672501,1,Bear,0.5305907094215502,0.06118203833529917,0.6912834344249756,0.7780435856496992,0.19279125587128088,0.6,0.1825026293162462,-0.0017968534386136761,0.0024217969895644342,4.843593979128869e-07,-0.001797337798011589,-0.009845630418288566,2.529589686694648,2.3866143306384524
2024-04-06,0.015482496362565016,-1.6933812136066055,-1.1998618186918089,-0.0023262865280855,1,Bear,0.9209299934685687,0.8418602146079983,0.27649524075249454,0.75538916153717,0.19857314300718762,0.6,0.6,0.00928949781753901,0.4174973706837538,8.349947413675077e-05,0.009205998343402258,0.015482496362565016,2.5528770851598463,2.423565078331408
2024-04-07,0.006747455363626304,-1.5351426814699856,-1.0089382900265262,0.0116213854186168,1,Bear,0.8878185031170102,0.7756382410098446,0.3510674486489395,0.7536024344334212,0.19904394299465614,0.6,0.6,0.0040484732181757825,0.0,0.0,0.0040484732181757825,0.006747455363626304,2.5632123396684108,2.4399179755182923
2024-04-08,0.03218579409702191,-1.5895025675858483,0.2414379058133305,0.0164337956233572,0,Bull,0.9827731543934829,0.9655519922742543,0.08709200157767237,0.6498178070222599,0.2308339328024319,0.2308339328024319,0.6,0.019311476458213146,0.0,0.0,0.019311476458213146,0.03218579409702191,2.612711754423319,2.5184486730919464
2024-04-09,-0.035413761203788405,-1.7520520045995438,0.3870346728857782,0.0018312708402272,0,Bull,0.9735584518321855,0.9471181316871665,0.12215967919512112,0.549600142505843,0.2729256934252074,0.2729256934252074,0.2308339328024319,-0.008174697773996662,0.36916606719756806,7.383321343951362e-05,-0.008248530987436175,-0.035413761203788405,2.5911607205557194,2.4292609331790707
2024-04-10,0.020739301242534747,-1.5438586744180165,0.6478611310382081,0.0079482571723919,0,Bull,0.9599481459442741,0.9198996230998129,0.16814353416902533,0.5290523588589563,0.2835258126880208,0.2835258126880208,0.2729256934252074,0.005660288172773061,0.042091760622775504,8.418352124555101e-06,0.005651869820648506,0.020739301242534747,2.605805623632678,2.4796421074689925
2024-04-11,-0.00749778258451207,-1.6458821534398012,-0.212422334805486,0.0033522013829764,1,Bear,0.6122017584684851,0.2244044557993763,0.6677660974195512,0.514203430876464,0.2917133394935225,0.6,0.2835258126880208,-0.0021258149006318735,0.010600119262813401,2.1200238525626803e-06,-0.002127934924484436,-0.00749778258451207,2.6002606388397322,2.461050290059789
2024-04-12,-0.041748970181434676,-1.2331832035798238,1.256507077045523,-0.0063470837260356,0,Bull,0.996279819142156,0.992592551781516,0.02471225163253971,0.5511775321262422,0.2721446199400665,0.2721446199400665,0.6,-0.025049382108860804,0.3164741873119792,6.329483746239584e-05,-0.0251126769463232,-0.041748970181434676,2.53496113344031,2.3583039748850716
2024-04-13,-0.05152204971523435,-0.4253561832983393,1.8972243271448543,-0.0230886524884869,0,Bull,0.9968640744183425,0.9937281561657696,0.021209186496612433,0.5563356533018594,0.26962140411053653,0.26962140411053653,0.2721446199400665,-0.014021448638285664,0.3278553800599335,6.55710760119867e-05,-0.014087019714297652,-0.05152204971523435,2.499251085978558,2.236799320247408
2024-04-14,0.02959850149495867,-0.3989750167119321,1.4231845699948336,-0.0100861999487375,0,Bull,0.9959647008561577,0.9933550359669896,0.028893203948354294,0.543057582103001,0.2762138029987945,0.2762138029987945,0.26962140411053653,0.007980389532638571,0.002523215829529968,5.046431659059936e-07,0.007979884889472665,0.02959850149495867,2.519194821954557,2.3030052282716738
2024-04-15,-0.03581099949650861,-0.0855635999976742,0.8320829461969707,-0.0213962600965462,0,Bull,0.9760043843691575,0.9520555611019219,0.1135449831037229,0.5603159400998142,0.2677061087594244,0.2677061087594244,0.2762138029987945,-0.009891492360118558,0.0065923988882579665,1.3184797776515934e-06,-0.00989281083989621,-0.03581099949650861,2.4942729041121146,2.2205323092015803
2024-04-16,0.0060619201772289105,-0.027810712498621,0.7453920685398722,-0.018684319544198,0,Bull,0.9545753775983683,0.9157022009862306,0.20355679188140186,0.5620941483572784,0.26685920933063506,0.26685920933063506,0.2677061087594244,0.001622813062256192,0.00850769423937009,1.7015388478740179e-06,0.001621111523408318,0.0060619201772289105,2.498316398659496,2.233992998810918
2024-04-17,-0.04053958534994488,0.3741644905754144,0.6138712587770617,-0.0184424425779,0,Bull,0.6499526117390937,0.3001379972180692,0.6494115817150496,0.5727899209329309,0.26187611638781577,0.26187611638781577,0.26685920933063506,-0.010818361693078088,0.0008468994287893494,1.693798857578699e-07,-0.010818531072963846,-0.04053958534994488,2.471288285070503,2.1434278489644436
2024-04-18,0.03584120208614769,0.6149386632525606,0.0044119767496101,-0.0009697922176236,2,Chop,0.8759030584317865,0.786179531137049,0.4482370774220512,0.6008105811099026,0.24966271353427016,0.24966271353427016,0.26187611638781577,0.009385954808991237,0.004983092942819289,9.96618588563858e-07,0.009384958190402673,0.03584120208614769,2.494481222302322,2.220250879656255
2024-04-19,0.005195142876912206,1.6406816643325817,1.2647333897439603,-0.0058504639412329,2,Chop,0.9989658283823643,0.997974370135919,0.008320631947450134,0.6023158075563315,0.24903879014659808,0.24903879014659808,0.24966271353427016,0.0012970334678481363,0.012213402853545607,2.4426805707091215e-06,0.0012945907872774273,0.005195142876912206,2.497710554711751,2.231785400198659
2024-04-20,0.017865871886504233,1.645597610571622,-1.547136245762231,0.0048849103353696,2,Chop,0.9941864436888245,0.9883750831691301,0.03574177221521062,0.5973622147454848,0.25110393040830303,0.25110393040830303,0.24903879014659808,0.004449295119529134,0.0006239233876720873,1.2478467753441747e-07,0.004449170334851599,0.017865871886504233,2.5088232944168203,2.2716581922367785
2024-04-21,-0.0010436624765665994,1.4213435087073825,-1.6175492086828436,0.0034637938046105,2,Chop,1.0,1.0,1.1447992265681697e-235,0.5916585705458156,0.2535245958858034,0.2535245958858034,0.25110393040830303,-0.0002620677498855366,0.0020651402617049563,4.130280523409913e-07,-0.0002624807779378776,-0.0010436624765665994,2.508164776526793,2.269287347821956
2024-04-22,0.029008901759275917,1.2234847115485896,-0.7736719718219454,0.0173734912264546,0,Bull,0.760226945898643,0.5581035145397445,0.6550471452080295,0.54260016491992,0.2764466539042387,0.2764466539042387,0.2535245958858034,0.007354470095611398,0.002420665477500361,4.841330955000722e-07,0.007353985962515898,0.029008901759275917,2.5266097850850477,2.335116881558491
2024-04-23,-0.006460398489914604,1.1092769369572966,-1.087905268960132,0.0089131711112422,1,Bear,0.948655195373234,0.8974410114956648,0.2033668467666954,0.5425253215788981,0.2764847907254516,0.6,0.2764466539042387,-0.001785955545424889,0.022922058018435332,4.584411603687067e-06,-0.001790539957028576,-0.006460398489914604,2.5220857893090334,2.3200310959830963
2024-04-24,-0.03260630131627199,0.953875341269408,-0.479488164281612,0.0013528822726053,1,Bear,0.994534296932494,0.9891388215091276,0.03429860216836925,0.5326678686525509,0.28160136705719363,0.6,0.6,-0.019563780789763195,0.32355334609576125,6.471066921915226e-05,-0.019628491458982347,-0.03260630131627199,2.4725810499347602,2.244383463004351
2024-04-25,0.0031812827691917772,0.8389150760984428,-0.288072145231148,-0.001584035550857,1,Bear,0.9979830482804783,0.9960983184961463,0.015020533872408873,0.5324471432268927,0.2817181046195983,0.6,0.6,0.0019087696615150663,0.0,0.0,0.0019087696615150663,0.0031812827691917772,2.4773006376285127,2.2515234814426655
2024-04-26,-0.011328935219016097,0.7290642752601629,-1.119386818237027,-0.0036410900993469,1,Bear,0.9982856016454313,0.9968196720736742,0.013340846849399136,0.5273110508315425,0.2844620831735987,0.6,0.6,-0.006797361131409658,0.0,0.0,-0.006797361131409658,-0.011328935219016097,2.4604615305634803,2.226016117777308
2024-04-27,-0.005286917956356649,0.6731297202550199,-1.5519084418666194,-0.0105002540424735,1,Bear,0.996536399888852,0.9936119050165821,0.02457804093736193,0.5251546377171696,0.28563015391436924,0.6,0.6,-0.0031721507738139893,0.0,0.0,-0.0031721507738139893,-0.005286917956356649,2.452656575615364,2.214247353193092
2024-04-28,-0.004835296290154387,0.466160176856309,-1.5560543824422897,-0.0101752336025214,1,Bear,0.994513373673534,0.9908279162037539,0.03750465583873437,0.498646590247179,0.30081424987914795,0.6,0.6,-0.002901177774092632,0.0,0.0,-0.002901177774092632,-0.004835296290154387,2.4455409828707064,2.2035408111807135
2024-04-29,0.011467091787556437,0.3795251756715562,-0.6481936242544216,-0.0013605549817557,1,Bear,0.9958399746362242,0.9934313353343661,0.029788964459024184,0.48618180878541384,0.30852655794492206,0.6,0.6,0.006880255072533862,0.0,0.0,0.006880255072533862,0.011467091787556437,2.462366928623192,2.2288090159201492
2024-04-30,-0.051494629716542104,0.6589774992184619,0.3744442548056481,-0.0122957374789025,1,Bear,0.898098217105741,0.796925555905532,0.33356994920787997,0.5128119224523475,0.2925048998133201,0.6,0.6,-0.03089677782992526,0.0,0.0,-0.03089677782992526,-0.051494629716542104,2.3862877246937657,2.1140373209364505
2024-05-01,-0.040089923480657194,1.113723313050645,1.2085871268297366,-0.0180479351312307,0,Bull,0.7530217402588959,0.5061556502123588,0.5599665278188536,0.5312596985612695,0.2823477866027149,0.2823477866027149,0.6,-0.024053954088394315,0.0,0.0,-0.024053954088394315,-0.040089923480657194,2.328888069322283,2.0292857265048547
2024-05-02,0.014814392549697799,0.52880249328251,-0.1217558327943804,-0.0140276730300198,1,Bear,0.8050163274915217,0.6113208502777935,0.501119431508876,0.519566638140856,0.2887021394151457,0.6,0.2823477866027149,0.004182810946270924,0.31765221339728505,6.353044267945701e-05,0.004119280503591467,0.014814392549697799,2.338481412541289,2.059348361852796
2024-05-03,0.06175720649824811,-1.0350739343795043,0.0079479932435857,-0.0007091724723393,2,Chop,0.5025418763207626,0.00875973874149577,0.7148372288965124,0.5547508364152501,0.27039166082071453,0.27039166082071453,0.6,0.03705432389894887,0.31765221339728505,6.353044267945701e-05,0.03699079345626941,0.06175720649824811,2.424983695473929,2.1865279638875683
2024-05-04,0.015801344389047563,-1.6530937987415104,-1.1136120100368994,0.0001576780479588,2,Chop,0.9968415331204945,0.9936834811633322,0.0213430022964091,0.5432703047303971,0.2761056488711248,0.2761056488711248,0.27039166082071453,0.004272551752554649,0.32960833917928545,6.59216678358571e-05,0.004206630084718792,0.015801344389047563,2.435184704842262,2.2210780452612386
2024-05-05,0.002183511056964741,-2.1879539206639778,-1.2189434592004675,0.0108933062026602,2,Chop,0.9998510577087074,0.9997021154409141,0.0014614038575868366,0.5208568624413252,0.28798698993218613,0.28798698993218613,0.2761056488711248,0.0006028797372005254,0.00571398805041029,1.1427976100820581e-06,0.0006017369395904434,0.002183511056964741,2.4366500454338915,2.225927793731448
2024-05-06,-0.013667364763724113,-2.049527868942774,-0.1049959136325006,0.0161778179460468,2,Chop,0.9994193202892256,0.9988386406543889,0.004907337610496485,0.5236031847026499,0.28647648521309854,0.28647648521309854,0.28798698993218613,-0.003936023238610132,0.011881341061061312,2.3762682122122625e-06,-0.003938399506822344,-0.013667364763724113,2.427053544096656,2.1955052266368087
2024-05-07,-0.01318192999564668,-2.2785944862832284,-0.3267511122698156,0.0105785534369779,2,Chop,0.9997479094366277,0.9994958188820902,0.0023408113128285963,0.49572754902788985,0.3025855639738935,0.3025855639738935,0.28647648521309854,-0.003776312973477976,0.0015105047190875909,3.021009438175182e-07,-0.0037766150744217935,-0.01318192999564668,2.4178874970955917,2.1665642304342057
2024-05-08,-0.018569986258493817,-2.060419454258135,-0.2587091834545151,-0.0054868851143704,2,Chop,0.9997203731822244,0.9994407464702347,0.002567511289688775,0.4760657603239725,0.31508252115825747,0.31508252115825747,0.3025855639738935,-0.005619009765013804,0.01610907876079498,3.2218157521589963e-06,-0.005622231580765963,-0.018569986258493817,2.4042935736506816,2.126331162446898
2024-05-09,0.02997730860417905,-2.624634343598789,-0.2337471096702276,-0.0026516922713441,2,Chop,0.999699309282059,0.9993986185642912,0.0027390753380457794,0.4945390445552207,0.30331275488047105,0.30331275488047105,0.31508252115825747,0.009445325972543859,0.012496957184363944,2.4993914368727887e-06,0.009442826581106987,0.02997730860417905,2.4269969009167354,2.1900728478982514
2024-05-10,-0.036456454635488925,-2.104917827518676,0.05383922323533,-0.0103796854098348,2,Chop,0.9989780291694172,0.9979560583867138,0.008058763255249544,0.5097347365327605,0.2942707044458202,0.2942707044458202,0.30331275488047105,-0.011057707688665064,0.01176976627778642,2.353953255557284e-06,-0.011060061641920622,-0.036456454635488925,2.400154165587846,2.110230556470433
2024-05-11,1.5356866757304103e-05,-1.8328959637453788,-1.702071328179657,-0.0076431410837386,2,Chop,0.9998529120639951,0.9997058247350119,0.0014450597924044438,0.509846513013135,0.29420618984626773,0.29420618984626773,0.2942707044458202,4.519075998752477e-06,0.009042050434650839,1.8084100869301678e-06,2.710665911822309e-06,1.5356866757304103e-05,2.4001606716039254,2.110262962999916
2024-05-12,0.01071136415279376,-1.6812286829146694,-1.5099408143232549,-0.0028644822540505,2,Chop,0.9998449427591601,0.9996898889246487,0.0015152032746680573,0.49330323927699665,0.3040726029284655,0.3040726029284655,0.29420618984626773,0.0031513496354493476,6.451459955247874e-05,1.2902919910495748e-08,0.003151336732529437,0.01071136415279376,2.407724386092324,2.1328667580547616
2024-05-13,0.02337149423787631,-1.3852308154232056,0.1632634559916916,0.0055238138452235,2,Chop,0.9991388978181535,0.998277850938846,0.006938374645327139,0.5069543247551598,0.2958846441884966,0.2958846441884966,0.3040726029284655,0.007106631087238682,0.009866413082197767,1.9732826164395536e-06,0.007104657804622242,0.02337149423787631,2.424830443943354,2.182715041200796
2024-05-14,-0.021674038111579395,-1.3688980740989023,0.2125480784724591,-0.0048064554979281,2,Chop,0.9990045578868136,0.9980091895655036,0.007876540019494562,0.4966158421130274,0.3020443314127315,0.3020443314127315,0.2958846441884966,-0.006413015054772583,0.008187958739968915,1.637591747993783e-06,-0.006414652646520577,-0.021674038111579395,2.4092759989187496,2.1354067922110924
2024-05-15,0.07380429766149847,-1.1218765488011624,1.49221470471523,0.0172456949614692,2,Chop,0.6795018840411802,0.35900378159026614,0.6272445962661832,0.593429470685596,0.2527680329504081,0.2527680329504081,0.3020443314127315,0.02229216974255353,0.006159687224234933,1.2319374448469867e-06,0.02229093780510868,0.07380429766149847,2.462981020365988,2.293008990731826
2024-05-16,-0.015755724397151206,-0.9765962423467848,0.5015388335174433,0.0140914787086875,2,Chop,0.9670952295567857,0.9342275969674818,0.14498794781859958,0.5955462474804234,0.2518696081699864,0.2518696081699864,0.2527680329504081,-0.003982543463576666,0.0492762984623234,9.85525969246468e-06,-0.003992398723269131,-0.015755724397151206,2.4531478180848425,2.2568809730336654
2024-05-17,0.027522834905047706,-0.8831330788495493,0.0493863412455809,0.0174537728591383,2,Chop,0.9892814569627745,0.9785755722852052,0.059375832820276336,0.6051559061275087,0.24787000916817362,0.24787000916817362,0.2518696081699864,0.00693216564326159,0.000898424780421736,1.796849560843472e-07,0.006931985958305506,0.027522834905047706,2.4701530043134543,2.3189967354548147
2024-05-18,-0.001657856805292211,-0.8482645342518831,-1.26241600661588,0.0124479026505046,2,Chop,0.9985649846006975,0.9971429156509753,0.010902269124360042,0.6045391878200365,0.24812287279654907,0.24812287279654907,0.24787000916817362,-0.00041093298152729935,0.003999599001812765,7.99919800362553e-07,-0.0004117329013276619,-0.001657856805292211,2.4691359610502652,2.3151521709354905
2024-05-19,-0.0099451595532183,-0.8533766861568817,-0.9038703564174676,0.0147936783621768,2,Chop,0.9980089321195229,0.9960270995476324,0.014430541900311154,0.60565923920581,0.24766401681033098,0.24766401681033098,0.24812287279654907,-0.002467621558764569,0.00025286362837545484,5.057272567509097e-08,-0.0024676721314902442,-0.0099451595532183,2.463042943050321,2.2921276132055572
2024-05-20,0.07510908882529838,-1.2626809262402623,1.7616080173891655,0.0150546365949368,2,Chop,0.6941278637560725,0.3882557293488523,0.6157579893543145,0.6322565968656365,0.23724544867323405,0.23724544867323405,0.24766401681033098,0.01860181863743734,0.00045885598621808743,9.17711972436175e-08,0.0186017268662401,0.07510908882529838,2.5088597951367637,2.4642872297047327
2024-05-21,-0.01852885718229531,-1.666057699437291,2.1421948467982967,0.014500010037908,2,Chop,0.9401402379436895,0.8802804764555631,0.2265814894329248,0.6068164873982592,0.2471917014699596,0.2471917014699596,0.23724544867323405,-0.004395887035615926,0.010418568137096934,2.083713627419387e-06,-0.0043979707492433455,-0.01852885718229531,2.4978259031437995,2.4186268035693796
2024-05-22,-0.014565869510184994,-1.8230489415051951,0.5892407519266467,0.0060822691548615,2,Chop,0.998853570578946,0.9977071433888496,0.00890839529965818,0.6146007235440015,0.24406089067882614,0.24406089067882614,0.2471917014699596,-0.0036005620676120356,0.009946252796725563,1.9892505593451126e-06,-0.0036025513181713806,-0.014565869510184994,2.488827357143866,2.383397401154752
2024-05-23,-0.017406596587757724,-1.6477038168300178,1.4620963980064987,0.0029325211983684,2,Chop,0.9982820995496534,0.9965641994570301,0.012653704903442323,0.5727384401460885,0.26189965521039493,0.26189965521039493,0.24406089067882614,-0.004248269466895166,0.003130810791133476,6.261621582266952e-07,-0.004248895629053393,-0.017406596587757724,2.478252589464629,2.3419105640845412
2024-05-24,0.008743394668047938,-1.4248204020957,0.094800734585331,0.0066702320426216,2,Chop,0.9994074165142015,0.998814879874964,0.0049963962191239865,0.5707002036884988,0.2628350209629037,0.2628350209629037,0.26189965521039493,0.0022898920489301602,0.017838764531568796,3.5677529063137592e-06,0.0022863242960238467,0.008743394668047938,2.483918678571606,2.3623868124236034
2024-05-25,0.010738658385428567,-1.4075746015872332,-1.3194157461166462,-0.0062038540453523,2,Chop,0.9997085404607198,0.9994171416765331,0.0026646510126581728,0.5714903756281074,0.26247161176623424,0.26247161176623424,0.2628350209629037,0.002822495501847579,0.0009353657525087433,1.8707315050174866e-07,0.0028223084286970773,0.010738658385428567,2.490929063194337,2.387755677376462
2024-05-26,-0.010855523058038129,-1.6077441354502584,-1.1862771900214617,-0.0046691872205008,2,Chop,0.999784554380811,0.9995691188493198,0.0020344977730439614,0.5699513282664153,0.26318036744689316,0.26318036744689316,0.26247161176623424,-0.0028492666336087874,0.0003634091966694397,7.268183933388795e-08,-0.0028493393154481214,-0.010855523058038129,2.4838315610825847,2.36183534056374
2024-05-27,0.01271054899375939,-1.5210365684811633,-0.1631457656866869,0.000786096480288,2,Chop,0.9996167305715363,0.9992334838289882,0.0033985328396230756,0.5656124095236497,0.26519927334396315,0.26519927334396315,0.26318036744689316,0.003345166954629334,0.0007087556806589235,1.417511361317847e-07,0.003345025203493202,0.01271054899375939,2.492140040255638,2.3918555643751676
2024-05-28,-0.015953999045957543,-1.392098337534764,0.4849480461547805,0.001076615988648,2,Chop,0.9991175475141146,0.9982351337481273,0.007088607042782496,0.5635926431726611,0.26614967710649534,0.26614967710649534,0.26519927334396315,-0.004230988953918222,0.002018905897069989,4.0378117941399786e-07,-0.004231392735097636,-0.015953999045957543,2.481594816994454,2.3536959029830578
2024-05-29,-0.010570529093847765,-1.3708319656952566,-0.1184659369035752,-0.002786168763731,2,Chop,0.9994606712200241,0.998921443871527,0.004598703836539054,0.5563286453804597,0.2696248004584028,0.2696248004584028,0.26614967710649534,-0.0028133429051723975,0.0009504037625321926,1.9008075250643853e-07,-0.002813532985924904,-0.010570529093847765,2.47461276811914,2.328816091962505
2024-05-30,0.011577009906272178,-1.3766983304041915,0.1514750540226305,-0.0026184984595623,2,Chop,0.9993621714713724,0.9987244129375418,0.005331119049579892,0.5271888743701965,0.2845280074986346,0.2845280074986346,0.2696248004584028,0.0031214489858835885,0.003475123351907472,6.950246703814945e-07,0.003120753961213207,0.011577009906272178,2.4823354257177166,2.355776818929041
2024-05-31,-0.012860492770805693,-1.0792771136606856,-0.1340344273703271,-0.0030194924021158,2,Chop,0.9990132447709582,0.9980279325530595,0.007826550022544348,0.5327755576819496,0.2815444474454388,0.2815444474454388,0.2845280074986346,-0.0036591703835279384,0.014903207040231792,2.9806414080463587e-06,-0.003662151024935985,-0.012860492770805693,2.4732447384941896,2.3254803681795724
2024-06-01,0.0031882581048550507,-1.021939714930053,-1.7442370224499482,-0.0049239505798967,2,Chop,0.9995255668189174,0.9990523977318073,0.004114098334831954,0.5322565975798124,0.2818189585287524,0.2818189585287524,0.2815444474454388,0.000897636366444857,0.002983560053195833,5.967120106391666e-07,0.0008970396544342178,0.0031882581048550507,2.47546333709974,2.332894599811102
2024-06-02,0.0006594499605225849,-1.1431896623393292,-1.087291759039425,-0.0016012607786007,2,Chop,0.9995891343163905,0.9991791166794721,0.003620492051971535,0.5258787659440631,0.2852368449042022,0.2852368449042022,0.2818189585287524,0.00018584550107630173,0.00027451108331361107,5.490221666272222e-08,0.000185790598859639,0.0006594499605225849,2.4759232549155947,2.334433027062851
2024-06-03,0.015425138658129584,-0.880773437031054,0.4143910548920735,0.0035978727717947,2,Chop,0.9976701564622859,0.9953442148487536,0.016479372171082644,0.5152466224403542,0.29112272350191726,0.29112272350191726,0.2852368449042022,0.004399817883054722,0.003417886375449819,6.835772750899638e-07,0.0043991343057796315,0.015425138658129584,2.4868151738447715,2.3704419801934127
2024-06-04,0.025300225248925362,-1.1805603268511404,0.5376159651782066,0.0063425158403253,2,Chop,0.9980267315897962,0.9960537029911489,0.014263364002480882,0.42573807388986895,0.35232930573835025,0.35232930573835025,0.29112272350191726,0.0073654704796791235,0.005885878597715055,1.177175719543011e-06,0.007364293303959581,0.025300225248925362,2.5051288101777014,2.4304146962318147
2024-06-05,0.007272217816602819,-1.2264226004763674,0.4951918271693717,0.010369057957807,2,Chop,0.9985459399676527,0.997092043207831,0.010954599947967542,0.4173837760902418,0.35938148196629655,0.35938148196629655,0.35232930573835025,0.0025622154545017328,0.061206582236432994,1.22413164472866e-05,0.0025499741380544463,0.007272217816602819,2.5115168238561494,2.4480892012874853
2024-06-06,-0.0045918902720176475,-1.2374769073672325,-0.2636379842625967,0.0088130282824325,2,Chop,0.999302410123468,0.9986051667119221,0.005770327603770962,0.40542715585727557,0.3699801501525596,0.3699801501525596,0.35938148196629655,-0.0016502403309843227,0.007052176227946294,1.410435245589259e-06,-0.001651650766229912,-0.0045918902720176475,2.5073686751696282,2.436847844299062
2024-06-07,-0.020194557079892095,-0.6493881511933656,0.7683985659935113,0.0046422268743496,2,Chop,0.9927682100909623,0.9855513031247366,0.04295994683244599,0.4168190663078095,0.35986837485315293,0.35986837485315293,0.3699801501525596,-0.007471585260682912,0.010598668186263038,2.119733637252608e-06,-0.007473704994320165,-0.020194557079892095,2.488629341379411,2.3876367814123527
2024-06-08,-0.0005310196389050046,-0.9062240466362388,-1.4346824216337053,0.0014509952149426,2,Chop,0.9993400856564968,0.9986872693749876,0.00553174380849025,0.41366759076638215,0.3626099877007579,0.3626099877007579,0.35986837485315293,-0.0001910971744678521,0.010111775299406656,2.022355059881331e-06,-0.00019311952952773343,-0.0005310196389050046,2.488148738451835,2.3863688993908507
2024-06-09,0.004925659126589219,-1.967619702111659,-1.3758969926460722,-0.0026239180095245,2,Chop,0.9998865592499872,0.9997731187222769,0.0011439593109189563,0.253976098298265,0.5906067578998818,0.5906067578998818,0.3626099877007579,0.0017860931953106428,0.0027416128476049906,5.483225695209981e-07,0.0017855448727411218,0.004925659126589219,2.4925914396743947,2.398123339139544
2024-06-10,-0.0019504270460231217,-2.208029958095912,-0.5875129615611211,-0.0044684469820497,2,Chop,0.9998502877062545,0.9997005754361978,0.0014681869827348067,0.2419304365486536,0.6200129348745012,0.6200129348745012,0.5906067578998818,-0.0011519353941719596,0.2279967701991239,4.559935403982478e-05,-0.0011975347482117843,-0.0019504270460231217,2.4896064748122892,2.393445974519187
2024-06-11,-0.03186737491787959,-1.213346853197748,1.2536312907247829,-0.0099235439112221,2,Chop,0.9925216537566964,0.9850433438919387,0.04406286063562552,0.27088507546867274,0.5537403629213495,0.5537403629213495,0.6200129348745012,-0.01975818464958059,0.029406176974619336,5.881235394923867e-06,-0.019764065884975514,-0.03186737491787959,2.4404017284164374,2.3171731343034945
2024-06-12,0.013412234174301008,-1.3420375431426756,1.069004131665156,-0.0032021856603834,2,Chop,0.9981693119853884,0.9963386509903047,0.013368281512238706,0.2676849039799094,0.5603603257778704,0.5603603257778704,0.5537403629213495,0.007426895419263567,0.06627257195315162,1.3254514390630324e-05,0.007413640904872936,0.013412234174301008,2.458493990494548,2.348251603003172
2024-06-13,-0.021998155421161833,-1.6237627323080468,0.4084170227640328,-0.0074956128168348,2,Chop,0.9990534413835253,0.9981068878576241,0.007536759876428088,0.28079444014412464,0.5341986113507404,0.5341986113507404,0.5603603257778704,-0.012326893538314471,0.006619962856520889,1.3239925713041778e-06,-0.012328217530885775,-0.021998155421161833,2.428185141781356,2.296594399272316
2024-06-14,-0.011227334405387725,-1.0915815566040012,0.157973240299196,-0.0107262115232302,2,Chop,0.9981056150452998,0.9962121829130947,0.013776414786535959,0.2783598062621427,0.5388709024274105,0.5388709024274105,0.5341986113507404,-0.005997626448528514,0.02616171442713,5.232342885426e-06,-0.006002858791413939,-0.011227334405387725,2.413609089255833,2.270809765958145
2024-06-15,0.0027216870164859935,-1.0955626110905097,-1.46734203372473,-0.0097917887107284,2,Chop,0.9993815280509417,0.9987640318020193,0.005194981429446742,0.2764796088526183,0.5425354897690114,0.5425354897690114,0.5388709024274105,0.001466637938698774,0.00467229107667011,9.34458215334022e-07,0.0014657034804834398,0.0027216870164859935,2.417146724498482,2.2769901994150628
2024-06-16,0.00674619312119944,-1.5160172930203266,-1.4087686340408845,-0.0020690751029126,2,Chop,0.9998092510878875,0.9996185222781309,0.0018246140042247386,0.2716276408813549,0.552226568376077,0.552226568376077,0.5425354897690114,0.0036600491890862743,0.003664587341600911,7.329174683201822e-07,0.003659316271617954,0.00674619312119944,2.425991828838327,2.2923512150353953
2024-06-17,-0.0022346697987336212,-1.3680673827099397,0.5526560956933579,-0.0051984558975195,2,Chop,0.999071459967857,0.9981429631317941,0.007411553831713025,0.2643386601679568,0.5674538862559576,0.5674538862559576,0.552226568376077,-0.0012340440344083263,0.009691078607065529,1.9382157214131057e-06,-0.0012359822501297395,-0.0022346697987336212,2.4229933459989232,2.287228567007065
2024-06-18,-0.020505771883152002,-0.8325095783954557,1.4894918099074796,-0.0048999791899175,2,Chop,0.9895252181283123,0.9790510114853777,0.05817822149970053,0.27422599966725797,0.5469940858343407,0.5469940858343407,0.5674538862559576,-0.011636079945772749,0.01522731787988063,3.0454635759761263e-06,-0.011639125409348725,-0.020505771883152002,2.3947918225788243,2.2403271797673896
2024-06-19,-0.002773987515326679,-1.2647612869333005,-0.4838156281650677,-0.0032093098119053,2,Chop,0.9994517245247433,0.9989039684773349,0.004669114474634757,0.26751160785186495,0.5607233316135679,0.5607233316135679,0.5469940858343407,-0.0015173547650619908,0.02045980042161688,4.0919600843233764e-06,-0.0015214467251463142,-0.002773987515326679,2.3911482744029544,2.234112540140468
2024-06-20,-0.002028534277712279,-1.1438245822313,0.0235867875005963,-0.004159354070745,2,Chop,0.9991200528642523,0.9982408067454839,0.007076261365989248,0.2634664037777148,0.5693325518898197,0.5693325518898197,0.5607233316135679,-0.0011374464984911519,0.013729245779227184,2.745849155845437e-06,-0.0011401923476469973,-0.002028534277712279,2.388421905438391,2.229580566272526
2024-06-21,-0.011362664075990998,-0.7309403871390241,0.0040537673289082,-0.0077811255101831,2,Chop,0.9968230681052968,0.9936711110220368,0.02159098142552221,0.2652753042928437,0.5654502985110572,0.5654502985110572,0.5693325518898197,-0.006469134534650735,0.008609220276251772,1.7218440552503546e-06,-0.0064708563787059855,-0.011362664075990998,2.372966770316544,2.204246591267614
2024-06-22,0.002436781820078235,-0.7833915013844155,-1.7604899813930532,-0.0068468351864207,2,Chop,0.9990252109772749,0.9980611101897353,0.007791674511167221,0.26582096885421913,0.5642895692034838,0.5642895692034838,0.5654502985110572,0.0013778790075695555,0.003882253378762468,7.764506757524936e-07,0.001377102556893803,0.002436781820078235,2.3762345889233707,2.2096178592881843
2024-06-23,-0.016821441362000096,-1.7376766750652464,-1.4318640313972426,-0.0061099690821903,2,Chop,1.0,1.0,1.4604003275908772e-217,0.2593108709176137,0.5784562732337468,0.5784562732337468,0.5642895692034838,-0.009492163899544699,0.0011607293075733827,2.3214586151467653e-07,-0.009492396045406214,-0.016821441362000096,2.353678429108517,2.17244890203574
2024-06-24,-0.047042933993412646,1.2301565083805457,1.7613474996544771,-0.0149637583778075,0,Bull,0.9984133897670793,0.9970423529559673,0.012443399236333827,0.28386849436320993,0.5284136949980609,0.5284136949980609,0.5784562732337468,-0.02721228027981062,0.014166704030262989,2.833340806052598e-06,-0.027215113620616675,-0.047042933993412646,2.289622803233934,2.070250531733211
2024-06-25,0.025020978589857558,1.4560172843366392,0.4125103243955404,-0.0095538558042935,0,Bull,0.6783034992218754,0.3566203525486139,0.628289715473355,0.3109077795883672,0.48245817521387085,0.48245817521387085,0.5284136949980609,0.013221427749134004,0.05004257823568592,1.0008515647137185e-05,0.013211419233486867,0.025020978589857558,2.319871969974009,2.122050225963349
2024-06-26,-0.016203198264060435,1.4779726008217384,-0.2387926394246226,-0.0105219626419074,1,Bear,0.8816118815186946,0.7632308261516347,0.3637768447789261,0.3131338634367114,0.47902835660671694,0.6,0.48245817521387085,-0.007817365467107158,0.045955519784190046,9.19110395683801e-06,-0.007826556571063997,-0.016203198264060435,2.301715360763382,2.0876662254257705
2024-06-27,0.01296454786345771,0.8322114311287689,-0.3008939584384049,-0.0084164094332315,1,Bear,0.9925336247215073,0.9851937532518928,0.04464514759806326,0.3194376151165465,0.46957525633063796,0.6,0.6,0.007778728718074625,0.11754182478612912,2.3508364957225827e-05,0.007755220353117399,0.01296454786345771,2.3195656705762575,2.114731874128227
2024-06-28,-0.021073812008611803,1.4871609786497144,0.0267074364692412,-0.0092668835625539,1,Bear,0.9892469563513052,0.9785000424472553,0.05948582194619912,0.3247950023317197,0.4618297662314458,0.6,0.6,-0.012644287205167082,0.0,0.0,-0.012644287205167082,-0.021073812008611803,2.290236416046245,2.0701664121642294
2024-06-29,0.009359920064692571,1.3879968187822156,-1.260284264409066,0.0020136872490671,1,Bear,0.9979457106406642,0.9959005329315325,0.014822221066116558,0.32843980798924516,0.4567046878949332,0.6,0.6,0.005615952038815542,0.0,0.0,0.005615952038815542,0.009359920064692571,2.3030982739163095,2.089543004302698
2024-06-30,0.028989272731724976,1.645877507951205,-0.7438652604099745,0.0028073460774406,1,Bear,0.994203909302799,0.9884104451293632,0.035655289253855776,0.36195886285794665,0.414411734017599,0.6,0.6,0.017393563639034985,0.0,0.0,0.017393563639034985,0.028989272731724976,2.3431573603106246,2.150117336339097
2024-07-01,0.0027672625269042988,0.6224175006086416,0.1700542993953247,0.0066014382356335,1,Bear,0.9939899065378706,0.9885991021657919,0.038723145199807116,0.3426161850731652,0.43780768841369155,0.6,0.6,0.0016603575161425793,0.0,0.0,0.0016603575161425793,0.0027672625269042988,2.3470478392453216,2.1560672754723957
2024-07-02,-0.01318017605629068,-0.6231356203263534,-0.3438350851113962,0.0013724934516838,2,Chop,0.6534381047742834,0.3395674371797641,0.7535732416746945,0.3362597862662322,0.44608367139458704,0.44608367139458704,0.6,-0.007908105633774408,0.0,0.0,-0.007908105633774408,-0.01318017605629068,2.3284871370050477,2.127649929192463
2024-07-03,-0.030363202506616574,-0.0504295669789198,0.7350693591707045,-0.000485384647917,2,Chop,0.6715045885648881,0.4571155290954577,0.8452494667509682,0.3462426232084108,0.4332222261085164,0.4332222261085164,0.44608367139458704,-0.01354452884944885,0.15391632860541293,3.078326572108259e-05,-0.013575312115169932,-0.030363202506616574,2.296877197364046,2.0630476635292037
2024-07-04,-0.05457904895434864,0.3320319933727196,1.7747545707618828,-0.0132731784517253,0,Bull,0.9758797284336032,0.955058395989588,0.12329321832510232,0.40526219988288265,0.37013074509132293,0.37013074509132293,0.4332222261085164,-0.023644857086888613,0.012861445286070639,2.5722890572141277e-06,-0.023647429375945828,-0.05457904895434864,2.242561956054159,1.9504484841062888
2024-07-05,-0.005549607840752044,2.9510461894406204,2.5153388828875585,-0.0201809545662207,0,Bull,0.9999999465558261,0.9999998931321946,9.485291572607927e-07,0.402843300913463,0.3723532193780289,0.3723532193780289,0.37013074509132293,-0.002054080485062202,0.06309148101719347,1.2618296203438696e-05,-0.0020666987812656408,-0.005549607840752044,2.2379272559926693,1.9396242599059095
2024-07-06,0.028552385625087485,2.6201742278158298,-0.5039340347521376,-0.015023929946584,0,Bull,0.9876466631463464,0.9752933314429367,0.06655524952340094,0.42793004426489933,0.35052458225425803,0.35052458225425803,0.3723532193780289,0.010631572708424278,0.0022224742867059666,4.4449485734119336e-07,0.010631128213566937,0.028552385625087485,2.2617189475837636,1.995005159742518
2024-07-07,-0.043009217189319104,2.053050007323117,-0.4659580633986452,-0.0209897381731897,0,Bull,0.9719593549703958,0.9439187679064007,0.12786467119090777,0.45442234358462347,0.33008940277177784,0.33008940277177784,0.35052458225425803,-0.015075787888368733,0.021828637123770867,4.3657274247541735e-06,-0.015080153615793486,-0.043009217189319104,2.2276118784184495,1.9092015495333399
2024-07-08,0.015210533790654032,2.3444092071420246,1.2118739375954108,-0.0118749909137356,0,Bull,0.9969223465814895,0.9938447165240558,0.020873090248911062,0.46217681489215634,0.32455111370093453,0.32455111370093453,0.33008940277177784,0.005020836014796935,0.020435179482480192,4.087035896496038e-06,0.00501674897890044,0.015210533790654032,2.2387872480348916,1.9382415242156859
2024-07-09,0.022737964112148894,2.0796611955446305,0.1420356108872434,0.0035884116995638,0,Bull,0.8012815923489269,0.6025637078513203,0.4986278626734588,0.47912788066112694,0.31306881952480364,0.31306881952480364,0.32455111370093453,0.007379631575889805,0.005538289070843305,1.107657814168661e-06,0.007378523918075636,0.022737964112148894,2.2553061932919998,1.9823131904339786
2024-07-10,-0.0046086733698468725,1.8517734858597408,-0.0071954760068685,0.0037765985937448,1,Bear,0.7311873498362444,0.4623766389401005,0.5820991946494072,0.47887905898366623,0.3132314875458278,0.6,0.31306881952480364,-0.0014428319314733593,0.011482294176130892,2.2964588352261784e-06,-0.0014451283903085855,-0.0046086733698468725,2.2520469862832346,1.9731773564225294
2024-07-11,-0.006909245978268808,1.8015389924615348,0.2037207233182823,-0.0033157277269263,1,Bear,0.9273812730819321,0.8547646946482099,0.26038525869673795,0.4782606012164962,0.31363653961556176,0.6,0.6,-0.0041455475869612846,0.28693118047519633,5.7386236095039266e-05,-0.0042029338230563235,-0.006909245978268808,2.2425817818334726,1.959544188708256
2024-07-12,0.009623984558104185,1.724241178998826,-0.1458788055898806,0.0072109126225582,1,Bear,0.9842808687185092,0.9685640508242833,0.08089727453723479,0.48154495771752465,0.31149739519854,0.6,0.6,0.005774390734862511,0.0,0.0,0.005774390734862511,0.009623984558104185,2.255531325296663,1.978402811721307
2024-07-13,0.022753003242582143,1.646080991797248,-1.004056482176319,0.0087194065129439,1,Bear,0.9932283419816106,0.9864597083659361,0.04059952662303905,0.49275336479378895,0.30441192433616987,0.6,0.6,0.013651801945549285,0.0,0.0,0.013651801945549285,0.022753003242582143,2.2863233922315955,2.023417417311536
2024-07-14,0.025927850263005585,0.8740351068006774,-0.4320186334879368,0.0093573837431152,1,Bear,0.9957366808296874,0.9915851299363637,0.028039446827669328,0.4659819894220781,0.3219008532626627,0.6,0.6,0.01555671015780335,0.0,0.0,0.01555671015780335,0.025927850263005585,2.3218910625715483,2.0758802811271466
2024-07-15,0.06499862039498035,0.9257044032505242,1.117995810825665,0.0232788424960806,0,Bull,0.9541310575563173,0.9083359702523968,0.18671585727259846,0.5330017323473207,0.2814249764994296,0.2814249764994296,0.6,0.038999172236988205,0.0,0.0,0.038999172236988205,0.06499862039498035,2.4124428920363,2.210809635505555
2024-07-16,0.0034931297826731934,1.159457700512145,1.313177614881573,0.025359317648269,0,Bull,0.9935224054558188,0.9870553375041976,0.03917792053223282,0.5263813532257549,0.2849645016503232,0.2849645016503232,0.2814249764994296,0.000983053966998261,0.3185750235005704,6.371500470011407e-05,0.0009193389622981469,0.0034931297826731934,2.4146607447812682,2.2185322804871603
2024-07-17,-0.01514324245482322,1.1086390308678988,0.3966995498511197,0.0204058722456836,0,Bull,0.8119061071891552,0.6238641233435589,0.48392456196609357,0.5302568700410253,0.28288176631901946,0.28288176631901946,0.2849645016503232,-0.004315286539508716,0.0035395251508936187,7.079050301787238e-07,-0.0043159944445388945,-0.01514324245482322,2.404239082421346,2.1849365082698915
2024-07-18,-0.0022597141603525025,0.9873308551813524,-0.1209886363951527,0.0154033287650966,1,Bear,0.8163477218350961,0.6328137820975924,0.47787442126619406,0.520531759006869,0.28816685515248375,0.6,0.28288176631901946,-0.0006392319330566159,0.0020827353313037644,4.165470662607529e-07,-0.0006396484801228766,-0.0022597141603525025,2.4027012145464233,2.1799991763026827
2024-07-19,0.041879420109635544,1.2416966275431731,0.7383790258860042,0.0185936427344226,0,Bull,0.5724662090043706,0.1449766741507884,0.6830577353949557,0.5461442475445121,0.2746527143230134,0.2746527143230134,0.6,0.025127652065781325,0.3171182336809805,6.342364673619611e-05,0.02506422841904513,0.041879420109635544,2.462923066610532,2.271296277645722
2024-07-20,0.006774946348331885,1.076188294141454,-1.1031706653086042,0.0069489079250929,1,Bear,0.9781805296998679,0.9564116790087767,0.10539574476533853,0.5351959959543015,0.2802711551168032,0.6,0.2746527143230134,0.00186075740396214,0.32534728567698656,6.506945713539732e-05,0.0017956879468267427,0.006774946348331885,2.4673457078752064,2.286684188067938
2024-07-21,0.014645375370143716,1.1233213691691415,-0.3293799373214746,0.009179357042587,1,Bear,0.9960531658017241,0.992137061623793,0.025963954366200793,0.5373038143231279,0.2791716641523632,0.6,0.6,0.008787225222086229,0.32534728567698656,6.506945713539732e-05,0.00872215576495083,0.014645375370143716,2.4888662814652767,2.3201735363551648
2024-07-22,-0.008387766690112852,1.1394297409125895,1.1831514095315787,0.0105304521955291,1,Bear,0.8917816021849987,0.7838086964685409,0.344514106627682,0.5347354515209561,0.2805125404970864,0.6,0.6,-0.005032660014067711,0.0,0.0,-0.005032660014067711,-0.008387766690112852,2.476340663650185,2.3007124620516435
2024-07-23,-0.024831503546284737,0.9924876465819568,0.4368770074842454,0.0060160943183427,1,Bear,0.970621474818078,0.9413584802850227,0.1333303470039495,0.5283328564192317,0.2839119282049253,0.6,0.6,-0.014898902127770841,0.0,0.0,-0.014898902127770841,-0.024831503546284737,2.439445906467442,2.2435823123912266
2024-07-24,-0.008462196557576013,0.8151410143106996,-0.3233365385369171,-0.0040522290150995,1,Bear,0.9972442218607485,0.9946143749764528,0.019506284102665417,0.46168440960377277,0.3248972607256397,0.6,0.6,-0.005077317934545608,0.0,0.0,-0.005077317934545608,-0.008462196557576013,2.4270600640161812,2.224596677870671
2024-07-25,0.006177613679945953,-0.6544020960840808,1.0787514907092923,-0.0041716955487767,2,Chop,0.836020263304659,0.712808190486656,0.5381717046784203,0.45832917539021933,0.3272756962772241,0.3272756962772241,0.6,0.0037065682079675715,0.0,0.0,0.0037065682079675715,0.006177613679945953,2.4360561276882913,2.2383393767402473
2024-07-26,0.03193999219319689,-1.004879883900578,0.0334423011837016,-0.0007127721841661,2,Chop,0.9925784361873972,0.9852237562363226,0.044166145692871014,0.4615415419483515,0.3249978308925129,0.3249978308925129,0.3272756962772241,0.010453183184117613,0.2727243037227759,5.454486074455518e-05,0.010398638323373057,0.03193999219319689,2.4613877942955584,2.309831918959056
2024-07-27,-0.001454798896138238,-1.02899900677515,0.5097178373621406,0.0006738213746287,2,Chop,0.9983541401950482,0.9967098217508465,0.012205919559704088,0.4045853274212418,0.37074997493377854,0.37074997493377854,0.3249978308925129,-0.0004728064856297495,0.0022778653847111974,4.555730769422395e-07,-0.00047326205870669175,-0.001454798896138238,2.4602229128407545,2.3064715780330896
2024-07-28,0.006504525639670648,-2.360085261469481,-1.5560671535161967,0.0069410272118198,2,Chop,0.9999028698692043,0.9998057397413035,0.0009945553206146946,0.40401863659571624,0.37127000195809884,0.37127000195809884,0.37074997493377854,0.0024115527178640126,0.04575214404126565,9.15042880825313e-06,0.0024024022890557595,0.006504525639670648,2.466133357998151,2.3214740815495776
2024-07-29,-0.021262245664086656,-1.4209568714042573,1.2928093653501436,0.0043810173905177,2,Chop,0.9977650512435732,0.9955301075870129,0.0158736131265382,0.41927947576684643,0.35775660071520465,0.35775660071520465,0.37127000195809884,-0.00789403398933903,0.000520027024320302,1.0400540486406041e-07,-0.007894137994743896,-0.021262245664086656,2.446665360956672,2.2721143293248605
2024-07-30,-0.009305346230673276,-1.5652650925242224,0.0786336927204051,0.0012844254083938,2,Chop,0.999574318369792,0.9991486516557935,0.0037298226524434134,0.42226208924259956,0.3552296164428378,0.3552296164428378,0.35775660071520465,-0.003329049035963714,0.013513401242894185,2.7026802485788372e-06,-0.0033317517162122926,-0.009305346230673276,2.4385136794413076,2.2509715188148185
2024-07-31,-0.024183450577486682,-1.6600891684368664,0.0512222523479488,-0.0099402631457428,2,Chop,0.9991412055965996,0.9982824165986962,0.006921567853460974,0.43917317699335934,0.34155091398550536,0.34155091398550536,0.3552296164428378,-0.008590677872904918,0.002526984272366861,5.053968544733723e-07,-0.008591183269759392,-0.024183450577486682,2.417563961515412,2.19653526033823
2024-08-01,0.011359846111043197,-0.7297350252458515,1.1533829655931862,-0.0073773341443065,2,Chop,0.9916039756047974,0.9832113755268194,0.0485237989881562,0.43951299642902797,0.34128683615439304,0.34128683615439304,0.34155091398550536,0.0038799658219614923,0.013678702457332437,2.7357404914664877e-06,0.0038772300814700258,0.011359846111043197,2.4269374132308776,2.2214875628731523
2024-08-02,-0.06221701386487153,-0.2294488865750603,1.313810388978585,-0.0211216420452149,0,Bull,0.8399807562533109,0.679980410447595,0.4398915982798014,0.5200311984172721,0.2884442326855172,0.2884442326855172,0.34128683615439304,-0.02123384781691601,0.0002640778311123193,5.281556622246386e-08,-0.021233900632482233,-0.06221701386487153,2.37540406535708,2.0832732403732335
2024-08-03,-0.012039486792085179,-0.1003045084669185,-0.2310143471326765,-0.0192770902708146,0,Bull,0.7517435084821266,0.6232082509101721,0.7323333750141914,0.5114273495455689,0.2932967901174686,0.2932967901174686,0.2884442326855172,-0.0034727205296704285,0.052842603468875815,1.0568520693775163e-05,-0.0034832890503642038,-0.012039486792085179,2.367129846386031,2.0581916997114553
2024-08-04,-0.04315788272420938,0.2434061049366602,-0.1886313780182389,-0.0260475975695219,0,Bull,0.9535461381164163,0.909897696627694,0.19853191357904684,0.4522985389241133,0.33163936447109993,0.33163936447109993,0.2932967901174686,-0.012658068471276764,0.004852557431951399,9.705114863902798e-07,-0.012659038982763155,-0.04315788272420938,2.337164257383368,1.9693645037113672
2024-08-05,-0.07363198582120066,3.69130694141234,3.9376025347064574,-0.0359373046182647,0,Bull,0.9999999999999147,0.9999999999998211,2.7049411540285516e-12,0.5352493319756336,0.2802432269206989,0.2802432269206989,0.33163936447109993,-0.024419264982488028,0.03834257435363131,7.668514870726262e-06,-0.024426933497358753,-0.07363198582120066,2.2800745014958603,1.8243562844973158
2024-08-06,0.03713846509911699,2.779812406558931,0.6437186563520627,-0.0307815808206499,0,Bull,0.9999886524748347,0.9999773049681542,0.00014055644451025867,0.5698635803760473,0.2632208920966953,0.2632208920966953,0.2802432269206989,0.010407803302258298,0.05139613755040101,1.0279227510080202e-05,0.010397524074748218,0.03713846509911699,2.303781631017383,1.8921100766974739
2024-08-07,-0.018131945621423673,2.34546400941733,0.1945331393796735,-0.0219645671719603,0,Bull,0.991949318250403,0.9838986480366809,0.04683872978916573,0.5714987272591229,0.2624677761215531,0.2624677761215531,0.2632208920966953,-0.0047727069019199075,0.017022334824003615,3.4044669648007233e-06,-0.004776111368884708,-0.018131945621423673,2.292778513378053,1.8578024396770474
2024-08-08,0.11461585743295792,2.249340778526921,0.368900677420941,0.0033665016730482,0,Bull,0.9999726534906367,0.9999453071022167,0.00031467537941426893,0.7491665255211472,0.20022250713304976,0.20022250713304976,0.2624677761215531,0.030082969208693446,0.0007531159751422156,1.5062319502844313e-07,0.030082818585498418,0.11461585743295792,2.361751753452734,2.070736059241673
2024-08-09,-0.013541633552667406,1.9453693116226485,-0.3192850118983309,0.0092897515073566,0,Bull,0.5719720451867423,0.14394534094791223,0.6827683410139223,0.7486349380933702,0.20036468025660312,0.20036468025660312,0.20022250713304976,-0.0027113398205920957,0.06224526898850333,1.2449053797700666e-05,-0.0027237888743897962,-0.013541633552667406,2.355318840302609,2.042694910343128
2024-08-10,0.0010785754296191252,1.647112220221891,-1.2322205326299496,0.0242318637575205,1,Bear,0.5948832536595454,0.18977092958075076,0.675086809358388,0.744056052766311,0.20159771490644826,0.6,0.20036468025660312,0.00021610842108826437,0.00014217312355335743,2.8434624710671488e-08,0.0002160799864635537,0.0010785754296191252,2.3558277775657386,2.0448981108836324
2024-08-11,-0.03721354652343721,1.5089886813092248,-0.7881786343015973,0.0093614614330097,1,Bear,0.9267065002677749,0.8534183039161574,0.26213194164838505,0.7562293283669637,0.1983525292835665,0.6,0.6,-0.022328127914062326,0.39963531974339683,7.992706394867937e-05,-0.022408054978011006,-0.03721354652343721,2.30303825920732,1.9688001998985754
2024-08-12,0.01075659964060797,1.405965560869884,-0.0335871247110134,0.015139170485416,1,Bear,0.9772737614070323,0.9545590665759736,0.10856655119270882,0.7554186456705582,0.1985653926596561,0.6,0.6,0.006453959784364782,0.0,0.0,0.006453959784364782,0.01075659964060797,2.3179019755140975,1.9899777954212334
2024-08-13,0.02092453927711503,1.302230922570098,-0.400376081049931,-0.0035990931457524,1,Bear,0.9962367635107912,0.992484780868887,0.024840971727454288,0.763408523610476,0.19648719572921153,0.6,0.6,0.012554723566269018,0.0,0.0,0.012554723566269018,0.02092453927711503,2.347002594070386,2.031617163962112
2024-08-14,-0.0313783013916643,1.1726660634415431,-0.3959026226606458,-0.0071664267135518,1,Bear,0.9950536636287081,0.9901268145124476,0.03132206030871991,0.7708189700768738,0.19459822062376136,0.6,0.6,-0.01882698083499858,0.0,0.0,-0.01882698083499858,-0.0313783013916643,2.302815621212131,1.9678684682788308
2024-08-15,-0.02024486209713598,1.144483652252918,-0.1070873671815907,-0.0114311142189028,1,Bear,0.9933701892492942,0.986767284652001,0.04003912545434653,0.7539718598231689,0.19894641695935428,0.6,0.6,-0.012146917258281587,0.0,0.0,-0.012146917258281587,-0.02024486209713598,2.274843510400189,1.9280292425132237
2024-08-16,0.022911430101342656,1.0483596324908566,-0.4274571050372476,0.000593881106053,1,Bear,0.9974608330377178,0.9949606690409556,0.01791137363993421,0.7653027596538238,0.19600086123804236,0.6,0.6,0.013746858060805594,0.0,0.0,0.013746858060805594,0.022911430101342656,2.306115461248205,1.97220314973641
2024-08-17,0.009881840637262366,0.947112606125604,-1.2323001863716678,0.0004189293053839,1,Bear,0.998642584393998,0.997359762712622,0.010607309636848692,0.7665868699737513,0.19567254002815904,0.6,0.6,0.005929104382357419,0.0,0.0,0.005929104382357419,0.009881840637262366,2.319788660535714,1.991692146966412
2024-08-18,-0.01687023792647201,0.8030267531214768,-0.933173467974467,-0.0071400261353334,1,Bear,0.9980065356817596,0.9961425380681523,0.01486575758321299,0.7652325586558204,0.19601884198900857,0.6,0.6,-0.010122142755883206,0.0,0.0,-0.010122142755883206,-0.01687023792647201,2.2963074285502927,1.9580918265708027
2024-08-19,0.017113663556006083,0.73223767867604,-0.5002258885841929,0.0025583668542006,1,Bear,0.9978411949016307,0.9958877311999531,0.016085995432771623,0.7717745967514634,0.19435726523181338,0.6,0.6,0.01026819813360365,0.0,0.0,0.01026819813360365,0.017113663556006083,2.319886368202313,1.9916019513025007
2024-08-20,-0.008112024604757306,0.734786129376622,-0.2121096364342823,0.0049849343526763,1,Bear,0.9973787015419594,0.9949799835815166,0.01896084695516297,0.7672778317618603,0.19549632973959744,0.6,0.6,-0.004867214762854383,0.0,0.0,-0.004867214762854383,-0.008112024604757306,2.308594983022854,1.975446027270652
2024-08-21,0.035987487774751865,0.5817509149392706,-0.1347505662408051,0.0076001458873582,1,Bear,0.9895423455759138,0.979775203781243,0.0606378611012545,0.7841090762188575,0.1912999154700928,0.6,0.6,0.02159249266485112,0.0,0.0,0.02159249266485112,0.035987487774751865,2.3584433032598873,2.046537367026737
2024-08-22,-0.013052114105543453,0.440320207127367,-0.3549723520575291,0.003013354938797,1,Bear,0.995766964789763,0.9926728049583138,0.0298218294694836,0.7400410313031561,0.2026914639258061,0.6,0.6,-0.00783126846332607,0.0,0.0,-0.00783126846332607,-0.013052114105543453,2.3399737005965258,2.0198257277910456
2024-08-23,0.05966667778992524,0.4911802123518192,0.3734996175583194,0.0183207380820764,1,Bear,0.589813787353508,0.18166294187745508,0.6897560849300978,0.7814512331020982,0.1919505576880985,0.6,0.6,0.035800006673955144,0.0,0.0,0.035800006673955144,0.05966667778992524,2.423744774694761,2.140342018682955
2024-08-24,0.0013196308130850045,0.1457233130865103,-0.6609844763489608,0.0151619315334922,1,Bear,0.9092898611853003,0.8290148674413313,0.33655413233093223,0.7538836153737158,0.19896970426349148,0.6,0.6,0.0007917784878510027,0.0,0.0,0.0007917784878510027,0.0013196308130850045,2.425663843667406,2.1431664799613497
2024-08-25,0.0024052261605437084,-3.7143483716578087,-1.1303182764036572,0.0172653816865524,2,Chop,1.0,1.0,2.6649119560576746e-166,0.6665224281391149,0.2250486910377341,0.2250486910377341,0.6,0.001443135696326225,0.0,0.0,0.001443135696326225,0.0024052261605437084,2.4291644057474904,2.148321280045353
2024-08-26,-0.022842512079134417,-2.902956940258202,-0.1529577700240031,0.0054993817157752,2,Chop,0.9996764918178365,0.9993529836356766,0.002923260172101779,0.6667216661954464,0.2249814391902905,0.2249814391902905,0.2250486910377341,-0.00514067744342283,0.3749513089622659,7.499026179245319e-05,-0.005215667705215283,-0.022842512079134417,2.4164946914057746,2.0992482252560554
2024-08-27,-0.05519287756090793,-2.214806559094392,1.1630319725864289,-0.0029287709752976,2,Chop,0.9934587470805715,0.9869174941623321,0.039419871531195826,0.7096547749400273,0.21137038077800077,0.21137038077800077,0.2249814391902905,-0.012417373026706558,6.725184744357793e-05,1.3450369488715586e-08,-0.012417386477076046,-0.05519287756090793,2.3864881429027864,1.9833846749895445
2024-08-28,-0.00804021450926693,-2.336978144514204,1.3959565525801614,-0.0164701494351361,2,Chop,0.9969885497050316,0.9939770994102979,0.020489384578187938,0.5064244319358514,0.2961942405239257,0.2961942405239257,0.21137038077800077,-0.0016994632023605576,0.01361105841228974,2.722211682457948e-06,-0.0017021854140430155,-0.00804021450926693,2.3824258975951507,1.967437836748236
2024-08-29,0.006089656742738993,-1.925239923931494,0.4359355788698827,-0.0155161442492053,2,Chop,0.9988485600975412,0.9976971203372108,0.008942275927845597,0.5049368672396404,0.29706684089044894,0.29706684089044894,0.2961942405239257,0.0018037212539669793,0.0848238597459249,1.6964771949184983e-05,0.0017867564820177942,0.006089656742738993,2.3866827125106056,1.9794188578367098
2024-08-30,-0.004534788620027655,-1.6117737511099084,0.3684792659779727,-0.0169041472053195,2,Chop,0.9981795599580501,0.9963591233364575,0.013303398821359762,0.5050110116924745,0.29702322628034533,0.29702322628034533,0.29706684089044894,-0.0013471353294575738,0.0008726003665232573,1.7452007330465147e-07,-0.0013473098495308785,-0.004534788620027655,2.383467111384335,1.9704426117259237
2024-08-31,-0.0025333050495830443,-1.547049079453184,-1.937408540970596,-0.0128423057994093,2,Chop,0.999655735803841,0.9993114773808567,0.0030894717190587256,0.47898588532245456,0.31316162875868375,0.31316162875868375,0.29702322628034533,-0.000752450438979446,4.36146101036039e-05,8.722922020720781e-09,-0.0007524591619014668,-0.0025333050495830443,2.381673649719283,1.9654508795077248
2024-09-01,-0.028281771257721453,-1.4810659744899095,-0.4434112780457953,-0.007460084538772,2,Chop,0.999213397728456,0.9984268219056792,0.006409057824604804,0.49135093794508783,0.30528078490564237,0.30528078490564237,0.31316162875868375,-0.008856765551248577,0.01613840247833842,3.2276804956676844e-06,-0.008859993231744245,-0.028281771257721453,2.3605720373025467,1.9098644473151998
2024-09-02,0.030696731082648924,-1.394801829772652,-0.1312178771856143,0.0002873045796111,2,Chop,0.9991478975468525,0.9982958442756529,0.006874761450160715,0.5016749941234266,0.2989983590114831,0.2989983590114831,0.30528078490564237,0.009371122158948492,0.007880843853041386,1.5761687706082773e-06,0.009369545990177884,0.030696731082648924,2.382689525569181,1.9684910426587463
2024-09-03,-0.028857442236703133,-1.3084323078818074,-0.1558669793986574,-0.0067021152162772,2,Chop,0.9987474962393852,0.9974951173475387,0.009622989438240947,0.49887451010593875,0.30067681743881175,0.30067681743881175,0.2989983590114831,-0.008628327874042899,0.0062824258941592825,1.2564851788318566e-06,-0.008629584359221731,-0.028857442236703133,2.362127905306448,1.911685426101754
2024-09-04,0.009367548966836616,-1.225636970367929,0.919658588696894,-0.0039216476989044,2,Chop,0.9982636696587808,0.9965273979510482,0.012771567707429599,0.493077171077374,0.30421201547873306,0.30421201547873306,0.30067681743881175,0.002816604810550663,0.0016784584273286662,3.3569168546573327e-07,0.0028162691188651973,0.009367548966836616,2.368780293180972,1.9295932329399499
2024-09-05,-0.031738730145491646,-1.1382270014033986,0.3569232013918045,-0.0097627327180861,2,Chop,0.9962010313571265,0.9924024247166306,0.02496720674662126,0.5002714638980037,0.29983721004438957,0.29983721004438957,0.30421201547873306,-0.009655303066295636,0.0035351980399213057,7.070396079842611e-07,-0.00965601010590362,-0.031738730145491646,2.3459073267313513,1.868350394029102
2024-09-06,-0.04017885990554018,-0.7568468399014837,2.191576004744205,-0.0121421504476498,2,Chop,0.8726560245349444,0.7453121170613703,0.3813073937459328,0.5219483808939703,0.28738474050458124,0.28738474050458124,0.29983721004438957,-0.012047117256841555,0.004374805434343487,8.749610868686975e-07,-0.012047992217928424,-0.04017885990554018,2.3176438535149106,1.793282205292946
2024-09-07,0.003532917856170691,-0.6985977422498426,-1.2291865600486305,-0.0175749130929455,2,Chop,0.9849267364692869,0.9701072801059122,0.07947713886314312,0.5202188442148856,0.2883401892647315,0.2883401892647315,0.28738474050458124,0.0010153066813196156,0.01245246953980833,2.4904939079616663e-06,0.001012816187411654,0.003532917856170691,2.3199912007264056,1.7996177240171787
2024-09-08,0.012880905395702242,-0.6204027155790116,-1.2282993599776195,-0.0092272435664644,2,Chop,0.9970296618753353,0.9941614659627068,0.020695147362373857,0.5172464151264984,0.2899971766132315,0.2899971766132315,0.2883401892647315,0.003714082699697885,0.0009554487601502459,1.910897520300492e-07,0.003713891609945855,0.012880905395702242,2.328607396581932,1.8227984296686728
2024-09-09,0.03894551366544674,-0.5274774961395885,0.5365792580204872,-0.0033116506267424,2,Chop,0.9814713738611678,0.962993441573664,0.0926059671495131,0.5483160625864715,0.27356484742108833,0.27356484742108833,0.2899971766132315,0.011294089004731578,0.0016569873485000053,3.313974697000011e-07,0.011293757607261878,0.03894551366544674,2.3549061240814053,1.8937882508206887
2024-09-10,0.010973955159393974,-0.5234563449559645,-0.0673245963576699,0.0052308864342346,2,Chop,0.9945061807393201,0.9892483232621181,0.03504281824923285,0.5251974612055822,0.28560686423669573,0.28560686423669573,0.27356484742108833,0.003002088368785478,0.016432329192143158,3.286465838428632e-06,0.0029988019029470493,0.010973955159393974,2.361968021047562,1.914570598166582
2024-09-11,-0.005314110423381013,-0.2954770288567554,0.7607545735454609,0.0122038363306665,2,Chop,0.9732742084461301,0.9467870430611001,0.12453313467924401,0.5233806446354032,0.2865982942576962,0.2865982942576962,0.28560686423669573,-0.0015177464142293907,0.012042016815607404,2.4084033631214807e-06,-0.0015201548175925123,-0.005314110423381013,2.358377463981367,1.904396358594566
2024-09-12,0.013576697629400721,-0.5146858640555922,0.4851205178086178,0.0142125922853125,2,Chop,0.9817167956636961,0.9635731615284485,0.09209972632820743,0.449960378182055,0.3333626854125135,0.3333626854125135,0.2865982942576962,0.003891058382238754,0.000991430021000439,1.982860042000878e-07,0.0038908600962345536,0.013576697629400721,2.367553580747831,1.9302517721217363
2024-09-13,0.0411907229072504,-0.303338569223282,0.2779190157387563,0.0198745557876221,2,Chop,0.8543419586759032,0.709167521800819,0.418346087341665,0.49090042339332435,0.3055609505551708,0.3055609505551708,0.3333626854125135,0.013731450002443728,0.04676439115481734,9.352878230963469e-06,0.013722097124212764,0.0411907229072504,2.4000413809296304,2.0097602380084316
2024-09-14,-0.009391286288541528,-0.2185921209769878,-1.5186495126554609,0.0102071957968245,2,Chop,0.966621134453295,0.9430986725114681,0.16655297965517563,0.49104137770339396,0.3054732387350974,0.3054732387350974,0.3055609505551708,-0.002869610365262491,0.02780173485734272,5.560346971468544e-06,-0.0028751707122339596,-0.009391286288541528,2.393140852243032,1.990886004241967
2024-09-15,-0.013798343779418605,-0.0006680340527243,-1.223022589492362,0.005252736009062,2,Chop,0.944164350893823,0.9062231745843103,0.2503740073633342,0.48568210695571207,0.3088439904451289,0.3088439904451289,0.3054732387350974,-0.004215024763479286,8.77118200733884e-05,1.754236401467768e-08,-0.004215042305843301,-0.013798343779418605,2.3830536623069856,1.9634150747298034
2024-09-16,-0.016874951656180977,-1.7356916445014137,0.3234506253142795,0.002940567762502,2,Chop,0.999334815966438,0.9986696566748208,0.005531358260752756,0.4311478456439413,0.3479084994057371,0.3479084994057371,0.3088439904451289,-0.005211727408063569,0.0033707517100314832,6.741503420062966e-07,-0.0052124015584055754,-0.016874951656180977,2.3706322296838125,1.9302825402627208
2024-09-17,0.035717088660707746,-0.96123147172679,1.0203506767150496,0.0073686459687634,2,Chop,0.9917714539621055,0.9835433064868147,0.04769717859092638,0.4573709380015322,0.32796137125681885,0.32796137125681885,0.3479084994057371,0.0124262787190885,0.0390645089606082,7.812901792121641e-06,0.012418465817296378,0.035717088660707746,2.400071844993522,1.9992266128935003
2024-09-18,0.02199433056839477,-1.129785812942535,1.2463257390450042,0.0035293675009922,2,Chop,0.9960009350741411,0.992001958697118,0.02607371126183155,0.4656930012002621,0.3221006105167886,0.3221006105167886,0.32796137125681885,0.007213290813086517,0.019947128148918247,3.9894256297836495e-06,0.007209301387456734,0.02199433056839477,2.41737468627563,2.043198263898612
2024-09-19,0.020721119053916288,-1.224444017837985,1.311901064238304,0.0095518485694838,2,Chop,0.9957954265701862,0.9915908760464505,0.027201692452840348,0.4714841560792739,0.318144306793587,0.318144306793587,0.3221006105167886,0.0066742850978574976,0.005860760740030224,1.1721521480060449e-06,0.006673112945709492,0.020721119053916288,2.4335061005892458,2.0855356183756104
2024-09-20,0.0040040116474054175,-0.8079168594717732,0.4607222301509386,0.0131123196548486,2,Chop,0.9952852153535385,0.9905761386782208,0.030005041884069408,0.4708019055404152,0.3186053374780224,0.3186053374780224,0.318144306793587,0.001273853509957245,0.003956303723201604,7.912607446403209e-07,0.0012730622492126047,0.0040040116474054175,2.4366041053391343,2.093886127282665
2024-09-21,0.0031893030164782386,-0.9348811009654532,-1.7020015082851887,0.0171251705893805,2,Chop,0.9984531516231986,0.9969082515265175,0.011571091691726907,0.44872172614484584,0.33428290020345597,0.33428290020345597,0.3186053374780224,0.001016128963884724,0.00046103068443537065,9.220613688707413e-08,0.001016036757747837,0.0031893030164782386,2.439079784674238,2.10056416462457
2024-09-22,0.003996604788029707,-0.9359875604281004,-1.0310106908982108,0.0107810738148448,2,Chop,0.999018682564447,0.9980410026783789,0.007802035724520039,0.4336280884972025,0.34591855089425944,0.34591855089425944,0.33428290020345597,0.001335996639509589,0.01567756272543358,3.1355125450867162e-06,0.0013328611269645024,0.003996604788029707,2.4423307393047953,2.1089592894224722
2024-09-23,-0.005023067643079772,-1.0100442426324152,0.0939260654819306,0.0053775941725499,2,Chop,0.9987613092806499,0.997524132461482,0.009541014586748754,0.4105964043325604,0.36532224446492784,0.36532224446492784,0.34591855089425944,-0.0017375722801379978,0.011635650690803467,2.3271301381606936e-06,-0.0017398994102761586,-0.005023067643079772,2.4380813294917796,2.0983658442552016
2024-09-24,0.015234244172186632,-1.8919210620947056,-0.0273070001569019,0.004280219196204,2,Chop,0.9996946481945082,0.9993892967193594,0.0027768416045546736,0.4125858948587437,0.3635606594145814,0.3635606594145814,0.36532224446492784,0.005565408273709967,0.0194036935706684,3.88073871413368e-06,0.005561527534995833,0.015234244172186632,2.4516407859383076,2.130332861889162
2024-09-25,-0.01818596455888868,-2.0416439663576296,-0.4965612086071492,-0.0001577760450547,2,Chop,0.9997886805404289,0.9995773611683093,0.0019995132578396906,0.3928794154292889,0.3817965363140723,0.3817965363140723,0.3635606594145814,-0.006611701267119775,0.0017615850503464592,3.523170100692919e-07,-0.006612053584129845,-0.01818596455888868,2.4354304056926455,2.0915907039642097
2024-09-26,0.03176403065562404,-2.852407297138368,0.8671544368668379,0.0055571694827743,2,Chop,0.999004294149382,0.9980085882987574,0.007877587233228803,0.34864949719924176,0.4302315110303455,0.4302315110303455,0.3817965363140723,0.01212739688369127,0.01823587689949091,3.6471753798981825e-06,0.012123749708311371,0.03176403065562404,2.464956954363274,2.158028055203947
2024-09-27,0.009309629648678252,-2.280094431940907,0.2524152356315002,0.0066197744549041,2,Chop,0.9997064244862544,0.9994128489760339,0.0026812924232196395,0.34763589723112986,0.4314859345502824,0.4314859345502824,0.4302315110303455,0.004005296030883749,0.04843497471627323,9.686994943254646e-06,0.003995609035940494,0.009309629648678252,2.4748059586433326,2.1781184971693532
2024-09-28,0.0014730503557602514,-2.0637096024638724,-1.6748709320574569,0.0079189980546721,2,Chop,0.9998892953840698,0.9997785907987761,0.0011190680297853985,0.34907235970143513,0.4297103332051166,0.4297103332051166,0.4314859345502824,0.000635600509394838,0.0012544235199368758,2.508847039873752e-07,0.0006353496246908506,0.0014730503557602514,2.4763783256803396,2.181326975396497
2024-09-29,-0.0038372626776130244,-2.3071563910355413,-1.5195409855423598,0.0041046966847121,2,Chop,0.9999095851511317,0.9998191703049321,0.0009322726949426933,0.3260680052068053,0.4600267355420659,0.4600267355420659,0.4297103332051166,-0.0016489114237926506,0.0017756013451658004,3.551202690331601e-07,-0.0016492665440616837,-0.0038372626776130244,2.472294117757355,2.1729566508061375
2024-09-30,-0.03576247704956806,-1.8545397706389088,0.8419152865323771,0.0005893941865763,2,Chop,0.9985184329044089,0.9970368659369041,0.011132369587502968,0.3729778188470807,0.40216868784226373,0.40216868784226373,0.4600267355420659,-0.016451695572010847,0.030316402336949322,6.063280467389864e-06,-0.016457758852478237,-0.03576247704956806,2.4316056973549043,2.0952463384519766
2024-10-01,-0.04015297041725014,-1.5369792493415295,1.9603067063608428,-0.0137940060279985,2,Chop,0.9753863712533308,0.9507727426325108,0.11548827906015494,0.4179312766356019,0.3589106831331658,0.3589106831331658,0.40216868784226373,-0.016148267425674722,0.057858047699802184,1.1571609539960438e-05,-0.016159839035214684,-0.04015297041725014,2.392311340688538,2.0111159742072626
2024-10-02,-0.0033625289659382266,-1.09933356656558,0.9923410405398042,-0.0163284377509218,2,Chop,0.9900925648817192,0.9801855072018051,0.05557997157472171,0.4159227856734061,0.3606438626754728,0.3606438626754728,0.3589106831331658,-0.0012068475682199466,0.04325800470909791,8.651600941819582e-06,-0.0012154991691617663,-0.0033625289659382266,2.389403488241555,2.0043535384901294
2024-10-03,0.0020860853737759526,-1.161922629376546,0.5341214628369753,-0.0162058307473186,2,Chop,0.99548202151967,0.9909643621200523,0.02890681193490161,0.3770717017359071,0.39780232594875753,0.39780232594875753,0.3606438626754728,0.0007523338870693671,0.0017331795423070062,3.4663590846140126e-07,0.0007519872511609056,0.0020860853737759526,2.391200289202592,2.0085347910906495
2024-10-04,0.021300283559387175,-0.9737940684511774,-0.1429333811455654,-0.0111783214999186,2,Chop,0.9972994680213682,0.9946019550868503,0.01869219165594243,0.3848597455157758,0.3897523753724234,0.3897523753724234,0.39780232594875753,0.008473302343292298,0.0371584632732847,7.431692654656941e-06,0.008465870650637641,0.021300283559387175,2.411443881550748,2.0513171516797746
2024-10-05,0.0003620026165009027,-1.0248131337905595,-1.6551365884013851,-0.0039534255667048,2,Chop,0.9995226525681079,0.9990464405887135,0.004135629863924683,0.37861606469176795,0.39617970283990794,0.39617970283990794,0.3897523753724234,0.00014109137967225924,0.00804995057633412,1.609990115266824e-06,0.00013948138955699243,0.0003620026165009027,2.4117802330941855,2.052059733855956
2024-10-06,0.011672701783517451,-1.0695229477266863,-1.3594790283097276,0.0064117088734486,2,Chop,0.9994902895960603,0.9989814302596776,0.004380328475315955,0.37024929306354676,0.40513244133123877,0.40513244133123877,0.39617970283990794,0.004624487523932807,0.006427327467484534,1.2854654934969069e-06,0.00462320205843931,0.011672701783517451,2.42293038043233,2.0760128151712207
2024-10-07,-0.00931261159307203,-1.236735957846241,0.4080684274747652,0.0052216923480218,2,Chop,0.9989630596960275,0.9979262454319578,0.008162980312354873,0.3448383259406526,0.43498645224781457,0.43498645224781457,0.40513244133123877,-0.0037728410698708676,0.008952738491330825,1.7905476982661651e-06,-0.003774631617569134,-0.00931261159307203,2.4137847108111816,2.056679714161291
2024-10-08,-0.0016835665376192953,-1.3748534235343748,-0.090619551294224,0.0044677619657428,2,Chop,0.9995031105524012,0.9990062842181753,0.004277304370177061,0.33251735149031214,0.45110427870219044,0.45110427870219044,0.43498645224781457,-0.0007323286353221541,0.0298540109165758,5.97080218331516e-06,-0.0007382994375054692,-0.0016835665376192953,2.4120026149169305,2.0532171570159288
2024-10-09,-0.025261155468464205,-1.3406521696313225,-0.0667495949965284,-0.0048445258398274,2,Chop,0.9990271592125382,0.9980544035648132,0.007720181180101717,0.33650505181774015,0.4457585382142907,0.4457585382142907,0.45110427870219044,-0.011395415316785439,0.016117826454375872,3.2235652908751744e-06,-0.011398638882076314,-0.025261155468464205,2.3845090681268686,2.0013505192020316
2024-10-10,-0.005090366975952731,-1.022910658990562,0.2307391842485534,-0.0059349997583181,2,Chop,0.9984776239119358,0.9969564541236716,0.011407424967216468,0.3356766280273318,0.44685863559075834,0.44685863559075834,0.4457585382142907,-0.0022690745421749888,0.005345740487899764,1.0691480975799528e-06,-0.0022701436902725688,-0.005090366975952731,2.3790958899114627,1.9911629106117796
2024-10-11,0.03537847936044716,-0.3513224923411087,0.147275209074969,-0.0011938442429322,2,Chop,0.9820507641304635,0.9644105906684143,0.09150855604803994,0.3720976519157489,0.4031199853794382,0.4031199853794382,0.44685863559075834,0.015809179016285223,0.001100097376467657,2.200194752935314e-07,0.015808958996809928,0.03537847936044716,2.416706919284552,2.0616072265481464
2024-10-12,0.01190629833225701,-0.4271602182026049,-1.2253643252110409,0.0030499377421335,2,Chop,0.9960238453958028,0.9925805136159088,0.027512517893251143,0.3755560817853852,0.39940772437209204,0.39940772437209204,0.4031199853794382,0.0047996668096226755,0.04373865021132012,8.747730042264025e-06,0.004790919079580411,0.01190629833225701,2.4282851665739065,2.086153337231366
2024-10-13,-0.005421094129359057,-0.5877985488787553,-0.9858470143527304,0.0023024322237856,2,Chop,0.998079321626075,0.9962677057248915,0.014351576276699068,0.37565487295993966,0.3993026865806056,0.3993026865806056,0.39940772437209204,-0.0021652268698142086,0.0037122610073461737,7.424522014692348e-07,-0.002165969322015678,-0.005421094129359057,2.4230255753980017,2.074844103621958
2024-10-14,0.049580549288290116,0.2054788913430907,1.4047642459279754,0.0172707731751365,1,Bull,0.7660127514111386,0.5322519738285414,0.545847635982048,0.428076296356134,0.3504048256743675,0.3504048256743675,0.3993026865806056,0.019797646532956376,0.00010503779148646197,2.1007558297292395e-08,0.01979762552539808,0.049580549288290116,2.470995728378193,2.1777160139671046
2024-10-15,0.014952642422039789,1.290950437363402,1.64474550511895,0.021279375054735,1,Bull,0.9973103010052581,0.9946825903555878,0.01889957328093388,0.4224125527717972,0.3551030835038549,0.3551030835038549,0.3504048256743675,0.005239478061266004,0.0488978609062381,9.779572181247621e-06,0.005229698489084757,0.014952642422039789,2.4839182910054274,2.2102786228207045
2024-10-16,0.008490108547449185,0.6436900035715535,0.7080359561675099,0.0159017008921354,1,Bull,0.7991833395798985,0.5993589112110702,0.507791191271685,0.4032276086277577,0.3719983373918067,0.3719983373918067,0.3551030835038549,0.00301486372448164,0.004698257829487407,9.396515658974814e-07,0.0030139240729157427,0.008490108547449185,2.491404632137844,2.229044128248559
2024-10-17,-0.0031535287872272158,0.6044863845990129,0.2363963741001072,0.0128897354682385,0,Bear,0.7535988496703943,0.5084040104317513,0.5659669520242854,0.40230131121221907,0.37285486231207704,0.6,0.3719983373918067,-0.0011731074657657249,0.016895253887951822,3.3790507775903646e-06,-0.0011764865165433153,-0.0031535287872272158,2.4884735281808803,2.2220147734221274
2024-10-18,0.01500489704966544,0.9463037103141608,0.5153418941975448,0.0169749337040434,0,Bear,0.8595986941928209,0.7194117424614368,0.4072955006247292,0.40660275407705465,0.36891043775757043,0.6,0.6,0.009002938229799263,0.22800166260819327,4.560033252163865e-05,0.008957337897277625,0.01500489704966544,2.510763626421227,2.255355876340162
2024-10-19,-0.000819623721527923,0.8627127257095114,-1.500392555819811,0.0068948991020798,0,Bear,0.9948127636709837,0.9898045949070492,0.03324540111179655,0.40599084109594435,0.3694664628273025,0.6,0.6,-0.0004917742329167538,0.0,0.0,-0.0004917742329167538,-0.000819623721527923,2.5095288975648087,2.253507333163426
2024-10-20,0.009303330181939204,0.1726227892592618,-0.9912467975604512,0.0057650366540597,0,Bear,0.9888679197329489,0.981648397864775,0.06835862539622092,0.3693864408136274,0.40607879290209775,0.6,0.6,0.005581998109163522,0.0,0.0,0.005581998109163522,0.009303330181939204,2.5235370831259067,2.274472455951267
2024-10-21,-0.023963262921302488,-1.1698184371490017,0.7551381354850768,-0.0007256376396905,2,Chop,0.9606690898854319,0.9221720519653728,0.16985033435453603,0.33702484666203436,0.44507104293832295,0.44507104293832295,0.6,-0.014377957752781492,0.0,0.0,-0.014377957752781492,-0.023963262921302488,2.487253773557145,2.219968674482046
2024-10-22,-9.56779931777652e-05,-1.9026672116112504,0.2630490705973146,-0.0001140674808806,2,Chop,0.999493051704494,0.998986104365792,0.004353101537251646,0.33573579793499625,0.4467798814502419,0.4467798814502419,0.44507104293832295,-4.2583504209873704e-05,0.15492895706167703,3.098579141233541e-05,-7.356929562220911e-05,-9.56779931777652e-05,2.4870707880489906,2.219756272334354
2024-10-23,-0.013890438213698968,-1.2500417011742904,0.3300811742177162,-0.0058931345335535,2,Chop,0.9988275221569103,0.9976551743127138,0.009085730255483128,0.3454362534854491,0.4342335191703279,0.4342335191703279,0.4467798814502419,-0.006205968338408334,0.001708838511918942,3.417677023837884e-07,-0.006206310106110718,-0.013890438213698968,2.4716352554825094,2.1889228849840228
2024-10-24,0.02569154796745315,-1.023280111745914,0.2362524916685861,-0.0005909001957573,2,Chop,0.998060235911329,0.9961215886221221,0.01406152235644934,0.3500269417414569,0.4285384412231778,0.4285384412231778,0.4342335191703279,0.011156131286840466,0.012546362279914014,2.509272455982803e-06,0.011153622014384483,0.02569154796745315,2.499202940879588,2.2451597022806458
2024-10-25,-0.02253213347279499,0.3246108284317289,1.1336932596007414,-0.0069579929267042,2,Chop,0.6778554422956939,0.36049896765946726,0.6533801520992215,0.3686256610548368,0.4069168694625575,0.4069168694625575,0.4285384412231778,-0.009655885355864154,0.005695077947150073,1.1390155894300148e-06,-0.009657024371453583,-0.02253213347279499,2.4750680771703055,2.1945714642011174
2024-10-26,0.00557070573324996,0.2967633562849273,-1.1835474045133785,-0.0010511991957937,0,Bear,0.545259500607397,0.19912477915475735,0.9390282181679283,0.36695671388295514,0.40876755847515067,0.6,0.4069168694625575,0.002266814137671195,0.021621571760620295,4.32431435212406e-06,0.002262489823319071,0.00557070573324996,2.4806678935069253,2.206796776038769
2024-10-27,0.013555484057566741,-0.7694464304669922,-1.330968950885361,0.0016790332143551,2,Chop,1.0,1.0,1.1201438589074797e-260,0.3649362959066504,0.41103064201202266,0.41103064201202266,0.6,0.008133290434540044,0.19308313053744247,3.86166261074885e-05,0.008094673808432555,0.013555484057566741,2.5007480909319155,2.236710974554652
2024-10-28,0.028709215102556977,-0.6126783771868121,0.8442405211331513,0.0101989638776063,2,Chop,0.9860624653260576,0.9721340336568298,0.07347326334065227,0.37810095454464965,0.3967194427759283,0.3967194427759283,0.41103064201202266,0.011800367115265251,0.18896935798797732,3.7793871597595464e-05,0.011762573243667656,0.028709215102556977,2.530163323515464,2.3009251910453914
2024-10-29,0.03944659057776213,-0.1643616954616598,2.25775827823621,0.0129499723996681,2,Chop,0.5535044438780989,0.10701304428933539,0.6874630601281614,0.3767150469532394,0.3981789451022887,0.3981789451022887,0.3967194427759283,0.015649229433419978,0.014311199236094363,2.8622398472188726e-06,0.01564636719357276,0.03944659057776213,2.5697511879348975,2.391688845006618
2024-10-30,-0.00525236341818716,-1.0255031959592702,0.6900825289131437,0.0164059264105897,2,Chop,0.9399348673468312,0.8798887282309543,0.2273187607846054,0.37683314812983015,0.39805415405844435,0.39805415405844435,0.3981789451022887,-0.0020913805251476145,0.0014595023263603846,2.9190046527207694e-07,-0.0020916724256128867,-0.00525236341818716,2.564376110234408,2.379126826009419
2024-10-31,-0.029806220896924952,-1.3501917747952097,0.6386541578598819,0.0093305410845547,2,Chop,0.9953479714128817,0.9906960562417457,0.029626004935537097,0.39216398069690195,0.3824930574537719,0.3824930574537719,0.39805415405844435,-0.011864490044804589,0.00012479104384433004,2.4958208768866008e-08,-0.011864515003013358,-0.029806220896924952,2.533951031401163,2.308214046291582
2024-11-01,-0.010490161236778449,-0.2485386688854494,1.2812331070196423,0.0045214120256857,2,Chop,0.9669978062247869,0.9340861227336763,0.1456522882481429,0.39717416144830997,0.37766807249751483,0.37766807249751483,0.3824930574537719,-0.00401241384463843,0.015561096604672475,3.1122193209344953e-06,-0.004015526063959364,-0.010490161236778449,2.523775884989775,2.2840005087769866
2024-11-02,-0.00278436278553029,-0.4972051810230335,-1.361396223825413,-0.0017773035519317,2,Chop,0.9968130879090221,0.9939822364372249,0.022618204367174974,0.3960358659510405,0.3787535748556258,0.3787535748556258,0.37766807249751483,-0.001051564926345036,0.00482498495625705,9.6499699125141e-07,-0.0010525299233362874,-0.00278436278553029,2.5211195353510285,2.277641022758216
2024-11-03,-0.00794258611024876,-1.2070641968103104,0.0625515711266618,-0.0112551388895339,2,Chop,0.9985941504626302,0.9971885534911903,0.010639665144765454,0.3441369466324673,0.4358729902959172,0.4358729902959172,0.3787535748556258,-0.003008282882855357,0.0010855023581109458,2.1710047162218916e-07,-0.0030084999833269793,-0.00794258611024876,2.5135347472709597,2.2595506628067237
2024-11-04,-0.013615611362265724,-1.5486385764052066,0.6494262895782864,-0.0129277884783496,2,Chop,0.998330637697122,0.9966612783803015,0.012344106050735732,0.34511948066239506,0.43463208658086133,0.43463208658086133,0.4358729902959172,-0.005934677239177828,0.05711941544029142,1.1423883088058285e-05,-0.005946101122265886,-0.013615611362265724,2.4985890154893573,2.2287854991285974
2024-11-05,0.022572112490931908,-0.5752270619375842,1.013718544742861,-0.0024521218007782,2,Chop,0.9887790416677696,0.9775691610548533,0.061627291706553365,0.3563859147155007,0.42089205495044185,0.42089205495044185,0.43463208658086133,0.00981056435047166,0.0012409037150558633,2.4818074301117267e-07,0.009810316169728649,0.022572112490931908,2.523100963709519,2.279093896133086
2024-11-06,0.08666903126846402,2.22317061870833,3.6068610385027458,0.0169797167002702,1,Bull,0.9999999915772335,0.9999999832126694,1.6536915595385003e-07,0.5088900117903322,0.29475917491931736,0.29475917491931736,0.42089205495044185,0.036478306671147924,0.01374003163041948,2.748006326083896e-06,0.03647555866482184,0.08666903126846402,2.6151324809285743,2.4766207562808096
2024-11-07,0.0035076496874788744,2.271725838891175,1.034818516753036,0.018238119194872,1,Bull,0.9964369704724465,0.9928739900828648,0.023642584347819608,0.5072479925975604,0.2957133437470432,0.2957133437470432,0.29475917491931736,0.0010339119277872745,0.1261328800311245,2.52265760062249e-05,0.0010086853517810497,0.0035076496874788744,2.617770326755054,2.4853078743025816
2024-11-08,0.008404323339316332,2.16909736321571,0.5988641925555521,0.021507501084785,1,Bull,0.9889719091854041,0.9779439082535729,0.060675218779517835,0.5066782963850939,0.296045836322925,0.296045836322925,0.2957133437470432,0.0024852705566005486,0.0009541688277258653,1.9083376554517308e-07,0.0024850797228350035,0.008404323339316332,2.6242756947131123,2.5061952052759695
2024-11-09,0.0030444063813357424,1.9143042883290389,-0.6061708139597503,0.0248395046335053,1,Bull,0.8966152492851064,0.7932311517292809,0.33246548387165475,0.5065175009175996,0.29613981694267666,0.29613981694267666,0.296045836322925,0.0009012838332693897,0.00033249257588180425,6.649851517636086e-08,0.0009012173347542133,0.0030444063813357424,2.6266407374603618,2.5138250819517847
2024-11-10,0.04700704537184314,1.9992993856047896,1.6078870042285272,0.0297264912096876,1,Bull,0.999973405018126,0.9999468150946091,0.0003068155195078994,0.5182458390368124,0.28943792443907124,0.28943792443907124,0.29613981694267666,0.013920657811433722,9.398061975163241e-05,1.8796123950326482e-08,0.013920639015309771,0.04700704537184314,2.6632052549894545,2.6319925716359696
2024-11-11,0.09734014312496264,2.799651471655668,2.42111629690826,0.0318607135809873,1,Bull,0.999999999993264,0.9999999999865339,1.8018071875513616e-10,0.6389105654962994,0.23477464312001395,0.23477464312001395,0.28943792443907124,0.028173928990691318,0.006701892503605422,1.3403785007210845e-06,0.028172588612190595,0.09734014312496264,2.7382346410280967,2.888191105262853
2024-11-12,-0.008442066269106777,2.552426548437277,2.34967166158686,0.0294707703896702,1,Bull,0.9999998204845771,0.9999996411178532,2.9691329908078345e-06,0.6347915288048898,0.23629804934921267,0.23629804934921267,0.23477464312001395,-0.001981983095525051,0.05466328131905729,1.0932656263811458e-05,-0.0019929157517888626,-0.008442066269106777,2.732777570079898,2.8638088045543793
2024-11-13,0.02944485048776148,2.6855386978309563,1.7644973616407122,0.0336788758193592,1,Bull,0.9999997606051922,0.999999521233634,3.889243057142301e-06,0.6363164784962753,0.2357317546678591,0.2357317546678591,0.23629804934921267,0.00695776073363725,0.0015234062291987205,3.046812458397441e-07,0.0069574560523914105,0.02944485048776148,2.75179074992469,2.948133226630018
2024-11-14,-0.03749692231881138,2.2298680518394645,0.7203341855155013,0.0255706100793298,1,Bull,0.9991828092462598,0.998365627118083,0.006626894671241333,0.6558330153475641,0.2287167563842547,0.2287167563842547,0.2357317546678591,-0.008839215292857815,0.0005662946813535796,1.1325893627071593e-07,-0.008839328551794087,-0.03749692231881138,2.727466767380318,2.8375873040455657
2024-11-15,0.04280211829142622,1.9939737804314115,0.401452542188502,0.0247296246632464,1,Bull,0.9957313373628417,0.9914627304101308,0.027551985190286093,0.6664173157669099,0.22508418741698016,0.22508418741698016,0.2287167563842547,0.009789561661990182,0.0070149982836043845,1.4029996567208769e-06,0.00978815866233346,0.04280211829142622,2.7541636448456783,2.9590420514955733
2024-11-16,-0.00558881224411838,1.7440149840110022,-0.6009977209590883,0.0041438335894302,0,Bear,0.7491171654116037,0.4982395023463941,0.563363930784599,0.672390248014084,0.2230847345615549,0.6,0.22508418741698016,-0.001257953262593455,0.003632568967274541,7.265137934549083e-07,-0.00125867977638691,-0.00558881224411838,2.750697034765051,2.9425045210473137
2024-11-17,-0.007900350440318173,1.5551880122211323,-0.5578982721201269,0.0042521767551879,0,Bear,0.986388333079955,0.9727817827716531,0.07205106264091853,0.6755798987180138,0.22203147293849518,0.6,0.6,-0.0047402102641909034,0.3749158125830198,7.498316251660397e-05,-0.004815193426707508,-0.007900350440318173,2.7374518964843864,2.9192577041588192
2024-11-18,0.007725465406075372,1.3668758746848808,0.2660038367378696,-9.170026114925824e-05,0,Bear,0.9930714256385248,0.9861610461564887,0.04148037894548774,0.664820640020096,0.22562476398967674,0.6,0.6,0.004635279243645223,0.0,0.0,0.004635279243645223,0.007725465406075372,2.7501407504406377,2.9418103285637174
2024-11-19,0.019697543183651734,1.300408137413159,0.1900765750749234,0.0113471928393433,0,Bear,0.9885621052401762,0.9771501847235393,0.06269310305920836,0.6616690872487092,0.22669942255231543,0.6,0.6,0.01181852591019104,0.0,0.0,0.01181852591019104,0.019697543183651734,2.7826433601563925,2.9997567645487138
2024-11-20,0.021381444998432572,1.1031358582353257,0.063077134687999,0.0070630581807446,0,Bear,0.9940512922969235,0.9881559471287571,0.036720278939893436,0.6348202402113954,0.23628736215160678,0.6,0.6,0.012828866999059543,0.0,0.0,0.012828866999059543,0.021381444998432572,2.818341521729655,3.0638958988185885
2024-11-21,0.04320463738221239,0.9217637943265402,0.9908238979877888,0.0168217481060107,0,Bear,0.6603177562893725,0.321191276110408,0.644945253728788,0.6352232526746493,0.2361374514683068,0.6,0.6,0.025922782429327433,0.0,0.0,0.025922782429327433,0.04320463738221239,2.891400775808992,3.1962704101038932
2024-11-22,0.004991722095061175,0.873451131704477,0.0963349938733768,0.0194001626130866,0,Bear,0.8938892780043086,0.7880103570580798,0.3399574402637047,0.6313211042618765,0.23759699935166262,0.6,0.6,0.0029950332570367047,0.0,0.0,0.0029950332570367047,0.004991722095061175,2.900060617291962,3.2122253037317994
2024-11-23,-0.012404002529793906,0.7212303611888807,-1.021970399103696,0.0153742690259128,0,Bear,0.9901161225687078,0.9805770412527494,0.05696299915962722,0.6350977046407614,0.23618413183345774,0.6,0.6,-0.007442401517876343,0.0,0.0,-0.007442401517876343,-0.012404002529793906,2.878477201751895,3.172380852938042
2024-11-24,0.0024162403264788948,0.5906597482576278,-0.8166439266254011,0.0119180084544782,0,Bear,0.9964430810960354,0.9935001911364739,0.02524384880960545,0.6235395016647772,0.24056214497961656,0.6,0.6,0.0014497441958873367,0.0,0.0,0.0014497441958873367,0.0024162403264788948,2.882650257368129,3.1800460874858603
2024-11-25,-0.05140963729329047,0.7416266856501453,0.0922253828260773,-0.0026402080038663,0,Bear,0.9710366696938606,0.9424229808523137,0.13301177295594063,0.6905676606182213,0.21721260428806433,0.6,0.6,-0.03084578237597428,0.0,0.0,-0.03084578237597428,-0.05140963729329047,2.7937326548633057,3.0165610715522644
2024-11-26,-0.012069852534281012,0.3888389624527429,0.5273509462860438,-0.013695105987165,0,Bear,0.9443602210578649,0.8936359517254597,0.23141689520841668,0.617947480406582,0.24273907533583058,0.6,0.6,-0.0072419115205686075,0.0,0.0,-0.0072419115205686075,-0.012069852534281012,2.773500690164662,2.9801516242579758
2024-11-27,0.04232881330495687,0.4903265221455468,-0.2182052797270778,-0.0062276877451859,0,Bear,0.9760617604825621,0.9534895277600207,0.11823151931615244,0.6324584194712145,0.23716974172849484,0.6,0.6,0.025397287982974123,0.0,0.0,0.025397287982974123,0.04232881330495687,2.843940085913751,3.1062979059816556
2024-11-28,-0.003236310003132818,0.4309642839430554,-0.8843681732774133,-0.0043941492398536,0,Bear,0.995992384823016,0.993426367723218,0.028737832193068392,0.6355794616680414,0.23600510879683512,0.6,0.6,-0.0019417860018796907,0.0,0.0,-0.0019417860018796907,-0.003236310003132818,2.8384177628647396,3.0962449629958164
2024-11-29,0.018736162907207532,0.4981547454783155,-0.8911731887335682,-0.0011301647237079,0,Bear,0.9968290390783757,0.994654301683507,0.023384348777414212,0.635274026782827,0.2361185782450989,0.6,0.6,0.011241697744324519,0.0,0.0,0.011241697744324519,0.018736162907207532,2.870326397426987,3.154256713023127
2024-11-30,-0.010442730465097628,-0.2720319815088022,-1.565158533841214,0.0070632166419306,0,Bear,0.7370738515934785,0.493558820805181,0.6453575477533761,0.6215898794988051,0.24131667027935957,0.6,0.6,-0.006265638279058576,0.0,0.0,-0.006265638279058576,-0.010442730465097628,2.852341970477876,3.121317660351302
2024-12-01,0.008576311620290235,-2.796875736152057,-1.2695097490320806,0.0111924494728448,2,Chop,0.9992425962942859,0.998485192593795,0.006199527691620122,0.47861753126452167,0.31340264449506383,0.31340264449506383,0.6,0.005145786972174141,0.0,0.0,0.005145786972174141,0.008576311620290235,2.8670195146297464,3.14808705327239
2024-12-02,-0.014647119798360832,-3.172114449737434,0.168035803816082,-0.0002027371478186,2,Chop,0.9996545373668396,0.9993090747336928,0.003098956425281193,0.4825872516662506,0.31082462183177917,0.31082462183177917,0.31340264449506383,-0.004590446079042291,0.28659735550493615,5.731947110098723e-05,-0.004647765550143278,-0.014647119798360832,2.853694280098062,3.1019766450674404
2024-12-03,0.0014266034685602644,-3.259987098890648,0.0595133207988735,0.0007298455465199,2,Chop,0.9997380490472886,0.9994760980945657,0.002422318688413448,0.46920657915000635,0.3196886119366299,0.3196886119366299,0.31082462183177917,0.00044342348361914866,0.0025780226632846626,5.156045326569325e-07,0.00044290787908649173,0.0014266034685602644,2.8549582037792214,3.106401935708686
2024-12-04,0.028408310872006196,-2.623200226984491,0.6137602083540291,0.0026642751394796,2,Chop,0.9994522743418065,0.9989045486836313,0.004660850733906562,0.4439832412968977,0.33785058994984213,0.33785058994984213,0.3196886119366299,0.009081813470135933,0.008863990104850727,1.7727980209701456e-06,0.009080040672114964,0.028408310872006196,2.880881340386725,3.1946495675917
2024-12-05,-0.022266865312221884,0.2800343962075442,2.993755378301889,0.0002994481700548,1,Bull,0.7442035241236518,0.48840802869973954,0.5686272905776255,0.4276502114646581,0.3507539479198792,0.3507539479198792,0.33785058994984213,-0.0075228735820678395,0.018161978013212232,3.6323956026424466e-06,-0.007526505977670482,-0.022266865312221884,2.859198369757345,3.123514735950388
2024-12-06,0.03386480176780916,0.7452388907695164,0.8637385906126758,0.0053571461995585,1,Bull,0.8268455738496354,0.6609161822836351,0.4908763009049689,0.44536991833637496,0.3367986786361924,0.3367986786361924,0.3507539479198792,0.011878212915583167,0.012903357970037055,2.580671594007411e-06,0.01187563224398916,0.03386480176780916,2.8931531581091967,3.2292919433021785
2024-12-07,2.62704848226063e-05,0.6196016733571068,-1.01059776699862,0.0082918242561952,0,Bear,0.9387875460467278,0.8786590678072006,0.23573745149698297,0.44226337824739,0.33916441509225326,0.6,0.3367986786361924,8.84786457538595e-06,0.013955269283686789,2.791053856737358e-06,6.056810718648591e-06,2.62704848226063e-05,2.893170681390256,3.229376778367163
2024-12-08,0.013051327819741106,0.4613435499974382,-0.9314774780645516,0.0106167691264314,0,Bear,0.9930674312306141,0.9875466557525738,0.044877753102745034,0.4434046861356243,0.33829141795339407,0.6,0.6,0.007830796691844664,0.2632013213638076,5.264026427276152e-05,0.007778156427571903,0.013051327819741106,2.915674215521774,3.271524433355092
2024-12-09,-0.03829250346621322,1.1252299045024063,1.3493618047274862,-0.0027233937412124,0,Bear,0.7039789904927146,0.4083267178144678,0.610289776533624,0.47595059173714704,0.3151587635441798,0.6,0.6,-0.02297550207972793,0.0,0.0,-0.02297550207972793,-0.03829250346621322,2.848685136519244,3.146249572651041
2024-12-10,-0.007802793553987951,1.2258988656791,1.0561628460852774,0.0001694206104343,0,Bear,0.7923356412244921,0.5847990428795176,0.5119179544984713,0.47021864058252233,0.3190005394387918,0.6,0.6,-0.00468167613239277,0.0,0.0,-0.00468167613239277,-0.007802793553987951,2.8353485153069,3.121700036766322
2024-12-11,0.04547294957076326,1.3153212252702913,0.4541971290483963,0.0024910501710251,0,Bear,0.8474002504268495,0.6948332694273729,0.4275017682714013,0.47419216832333944,0.3163274512322162,0.6,0.6,0.027283769742457956,0.0,0.0,0.027283769742457956,0.04547294957076326,2.9127075113381533,3.263652945113247
2024-12-12,-0.011232138149604486,1.2619302736382614,0.0072801449632818,0.0002393684441397,0,Bear,0.9893896027625038,0.9788015668067446,0.05894806695022863,0.4768473043741488,0.3145661066426108,0.6,0.6,-0.0067392828897626916,0.0,0.0,-0.0067392828897626916,-0.011232138149604486,2.8930779514441087,3.226995144361372
2024-12-13,0.014057223472297039,1.2021569533591587,-0.5460584082984362,0.0004405475746509,0,Bear,0.9980451817411831,0.9961121135998003,0.014265473363576388,0.4764632589746619,0.31481965749635465,0.6,0.6,0.008434334083378223,0.0,0.0,0.008434334083378223,0.014057223472297039,2.9174791374158437,3.272357736249677
2024-12-14,-0.0008508417934171539,1.0166682035765633,-1.0827367705359907,0.0079288799092101,0,Bear,0.9984572040819616,0.9969766731552444,0.011790770164743385,0.47659284304641425,0.31473405903703816,0.6,0.6,-0.0005105050760502923,0.0,0.0,-0.0005105050760502923,-0.0008508417934171539,2.915989749506922,3.269573477524664
2024-12-15,0.02845237769652882,0.6982765030051198,-0.6567659193070695,0.0151799141593135,0,Bear,0.9922752320845033,0.9849258222025008,0.04676418495541631,0.4249986037800603,0.35294233596500474,0.6,0.6,0.01707142661791729,0.0,0.0,0.01707142661791729,0.02845237769652882,2.9657698545342286,3.362600617013749
2024-12-16,0.016460567443030164,0.5827301354389594,0.7026344796992894,0.0093774377337668,0,Bear,0.9684613825553336,0.9391027133323478,0.1479779751775744,0.41955261345862876,0.35752369354455515,0.6,0.6,0.009876340465818098,0.0,0.0,0.009876340465818098,0.016460567443030164,2.995060807360869,3.417950931254079
2024-12-17,0.0010452246330361938,0.3614801697310493,-0.0574358328467086,0.011832910290295,0,Bear,0.9863404529280566,0.9758649295162252,0.07962763432847039,0.38891795734639695,0.3856854567052036,0.6,0.6,0.0006271347798217162,0.0,0.0,0.0006271347798217162,0.0010452246330361938,2.996939114160846,3.4215234577619347
2024-12-18,-0.059179154653770175,0.5214424556909466,0.7297474669348084,-0.0028143653349184,0,Bear,0.7287137591175791,0.46005157779703754,0.5993168734151256,0.47556503804121913,0.315414271448186,0.6,0.6,-0.035507492792262105,0.0,0.0,-0.035507492792262105,-0.059179154653770175,2.8905253201659313,3.2190405919035383
2024-12-19,-0.025825905125142587,0.9946238215776484,0.7666804730664051,-0.0078093780012635,0,Bear,0.8403762148916701,0.680986473868066,0.44080652781737883,0.48390556257606454,0.3099778378274411,0.6,0.6,-0.015495543075085551,0.0,0.0,-0.015495543075085551,-0.025825905125142587,2.8457350605576743,3.1359059549830546
2024-12-20,0.002714273553183173,1.619564455004833,0.9586057735692218,-0.0129569988299326,0,Bear,0.6802975008054202,0.3606123079807188,0.626832331367414,0.4817024999060324,0.31139551907922647,0.6,0.6,0.0016285641319099037,0.0,0.0,0.0016285641319099037,0.002714273553183173,2.8503695226062167,3.1444176615819344
2024-12-21,-0.00544879117211963,1.5038784477790306,-0.9813396814578323,-0.0173388705529625,0,Bear,0.9443116741771491,0.8886310537202902,0.2150113255125782,0.4810076258054922,0.3118453678334329,0.6,0.6,-0.003269274703271778,0.0,0.0,-0.003269274703271778,-0.00544879117211963,2.8410508816309834,3.1272843863860498
2024-12-22,-0.022044180382015402,1.3171653011176474,-1.1912975403736763,-0.0219567515559729,0,Bear,0.9588792922041024,0.9177785080555262,0.17166159106777162,0.48633488464588137,0.3084294479702409,0.6,0.6,-0.013226508229209242,0.0,0.0,-0.013226508229209242,-0.022044180382015402,2.803473698765489,3.0583459652666956
2024-12-23,-0.0044121754491209825,1.382820319438884,-0.4203576084502296,-0.011003355715043,0,Bear,0.9940202617702184,0.9880508167565787,0.03665016413836155,0.48655362868593666,0.30829078472832194,0.6,0.6,-0.0026473052694725896,0.0,0.0,-0.0026473052694725896,-0.0044121754491209825,2.796052048069919,3.044852006283828
2024-12-24,0.041273994068279446,1.719558356301094,-0.9704543950306316,0.0024166241236413,0,Bear,0.9866857904534879,0.9733746811136751,0.07075726442026974,0.504122014474386,0.29754701380457443,0.6,0.6,0.024764396440967666,0.0,0.0,0.024764396440967666,0.041273994068279446,2.865294589457902,3.170525209929975
2024-12-25,0.006294761562737073,-0.9963900362440982,-1.4245302105396378,0.0031327217255521,2,Chop,0.9811914569295913,0.9711065235943566,0.10635301789244925,0.4946141725763651,0.30326668404723284,0.30326668404723284,0.6,0.0037768569376422437,0.0,0.0,0.0037768569376422437,0.006294761562737073,2.8761163972064847,3.1904829101551315
2024-12-26,-0.035921593296803764,-1.2453105522378372,-0.8145753524286505,-0.0029618386993847,2,Chop,0.998756031516773,0.9975131915857356,0.009573691377413474,0.4964133589288348,0.30216753296823307,0.30216753296823307,0.30326668404723284,-0.010893822484814984,0.29673331595276714,5.934666319055343e-05,-0.010953169148005537,-0.035921593296803764,2.8446138078185297,3.075875680636136
2024-12-27,-0.01716880486495554,-0.9730427237718796,-0.6275601650906636,-0.0019867635959727,2,Chop,0.9990438039814349,0.9980902216726124,0.007621773827867246,0.5004119933986158,0.29975300747940653,0.29975300747940653,0.30216753296823307,-0.0051878554100566136,0.0010991510789997716,2.1983021579995434e-07,-0.005188075240272413,-0.01716880486495554,2.829855737354049,3.0230665712864315
2024-12-28,0.010553910906912645,-1.101684101202486,-1.6299979247930798,0.0010064536752339,2,Chop,0.9996292914081367,0.9992589790313334,0.0033023792893842213,0.4989878752165731,0.3006085066393573,0.3006085066393573,0.29975300747940653,0.003163566535016776,0.0024145254888265355,4.829050977653071e-07,0.0031630836299190107,0.010553910906912645,2.838806807711906,3.0549717465454544
